<?xml version="1.0" encoding="UTF-8"?>
<rss version="2.0" 
     xmlns:content="http://purl.org/rss/1.0/modules/content/"
     xmlns:media="http://search.yahoo.com/mrss/"
     xmlns:dc="http://purl.org/dc/elements/1.1/"
     xmlns:atom="http://www.w3.org/2005/Atom">
  <channel>
    <title>quick-easy-recipes Recipes - RSS Feed</title>
    <link>http://www.lummyrecipes.com/base.html</link>
    <description>Fresh quick-easy-recipes recipes and cooking inspiration</description>
    <language>en-US</language>
    <copyright>© 2025 www.lummyrecipes.com</copyright>
    <managingEditor>info@lummyrecipes.com</managingEditor>
    <webMaster>webmaster@lummyrecipes.com</webMaster>
    <pubDate>Tue, 11 Nov 2025 20:38:14 +0100</pubDate>
    <lastBuildDate>Tue, 11 Nov 2025 20:38:14 +0100</lastBuildDate>
    <category>quick-easy-recipes</category>
    <generator>Recipes - RSS Feed www.lummyrecipes.com</generator>
    <ttl>60</ttl>
    <atom:link href="http://www.lummyrecipes.com/base.html/rss.xml" rel="self" type="application/rss+xml" />
    <image>
      <url>http://www.lummyrecipes.com/base.html/images/logo.png</url>
      <title>quick-easy-recipes Recipes - RSS Feed</title>
      <link>http://www.lummyrecipes.com/base.html</link>
      <width>144</width>
      <height>144</height>
    </image>
    <item>
      <title>Quick and Easy Canned Green Beans for Family</title>
      <link>http://www.lummyrecipes.com/base.html?page=recipe-detail&amp;recipe=quick-and-easy-canned-green-beans-for-family</link>
      <description>This quick canned green bean recipe is a lifesaver for busy weeknights! With its simple ingredients and fast prep time, it's the perfect side dish for any meal. Try it tonight and elevate your dinner effortlessly!</description>
      <pubDate>Tue, 11 Nov 2025 20:16:52 +0100</pubDate>
      <guid isPermaLink="true">http://www.lummyrecipes.com/base.html?page=recipe-detail&amp;recipe=quick-and-easy-canned-green-beans-for-family</guid>
      <category>cat_1761230749_334</category>
      <dc:creator>author_001</dc:creator>
      <content:encoded><![CDATA[<div class="recipe-content" style="font-family: Arial, sans-serif; max-width: 600px;"><img src="http://www.lummyrecipes.com/recipes/quick-and-easy-canned-green-beans-for-family/images/quick-and-easy-canned-green-beans-for-family_image_4.webp" alt="Quick and Easy Canned Green Beans for Family" style="width:100%;max-width:600px;height:auto;border-radius:8px;margin-bottom:20px;"><div style="background:#f8f9fa;padding:15px;border-radius:8px;margin-bottom:20px;"><p style="margin:5px 0;"><strong>⏱️ Prep Time:</strong> 10 minutes</p><p style="margin:5px 0;"><strong>🍳 Cook Time:</strong> 0 minutes</p><p style="margin:5px 0;"><strong>⏰ Total Time:</strong> 10 minutes</p><p style="margin:5px 0;"><strong>🍽️ Servings:</strong> 4</p><p style="margin:5px 0;"><strong>📊 Difficulty:</strong> Easy</p></div><div style="margin-bottom:30px;"><h3 style="color:#E60023;border-bottom:2px solid #E60023;padding-bottom:5px;">🥘 Ingredients</h3><ul style="line-height:1.8;"><li>2 cans green beans, drained</li><li>1 tablespoon olive oil</li><li>Salt and pepper to taste</li></ul></div><div style="margin-bottom:30px;"><h3 style="color:#E60023;border-bottom:2px solid #E60023;padding-bottom:5px;">👩‍🍳 Instructions</h3><ol style="line-height:1.8;"><li>In a skillet, heat olive oil over medium heat.</li><li>Add the drained green beans and sauté for 5 minutes.</li><li>Season with salt and pepper before serving.</li></ol></div><div style="background:#fff3f3;padding:15px;border-radius:8px;border-left:4px solid #E60023;"><p><strong>📌 Pinterest Tags:</strong> #cat1761230749334 #easyrecipe #quickrecipe #30minutemeals #recipe #cooking #foodie #homemade #delicious #green #tablespoon #pepper</p></div><div style="text-align:center;margin-top:30px;padding:20px;background:#E60023;color:white;border-radius:8px;"><p style="margin:0;"><strong>📌 Save this recipe to Pinterest!</strong></p><p style="margin:5px 0 0 0;">Perfect for meal planning and sharing with friends</p></div></div>]]></content:encoded>
      <media:content url="http://www.lummyrecipes.com/recipes/quick-and-easy-canned-green-beans-for-family/images/quick-and-easy-canned-green-beans-for-family_image_4.webp" medium="image" type="image/webp">
        <media:title>Quick and Easy Canned Green Beans for Family</media:title>
        <media:description>This quick canned green bean recipe is a lifesaver for busy weeknights! With its simple ingredients and fast prep time, it's the perfect side dish for any meal. Try it tonight and elevate your dinner effortlessly!</media:description>
      </media:content>
      <media:group>
        <media:category>recipe</media:category>
        <media:keywords>cat1761230749334, easyrecipe, quickrecipe, 30minutemeals, recipe, cooking, foodie, homemade, delicious, green, tablespoon, pepper</media:keywords>
      </media:group>
    </item>
    <item>
      <title>Dump Dinners: Just Mix and Bake!</title>
      <link>http://www.lummyrecipes.com/base.html?page=recipe-detail&amp;recipe=dump-dinners-just-mix-and-bake</link>
      <description>Discover the simplicity and joy of Dump Dinners, where all you need to do is mix your ingredients and let the oven do the work. Perfect for busy weeknights, this dish is a flavorful, hassle-free solution that your family will love.</description>
      <pubDate>Thu, 06 Nov 2025 22:05:57 +0100</pubDate>
      <guid isPermaLink="true">http://www.lummyrecipes.com/base.html?page=recipe-detail&amp;recipe=dump-dinners-just-mix-and-bake</guid>
      <category>cat_1761230749_334</category>
      <dc:creator>author_001</dc:creator>
      <content:encoded><![CDATA[<div class="recipe-content" style="font-family: Arial, sans-serif; max-width: 600px;"><img src="http://www.lummyrecipes.com/recipes/dump-dinners-just-mix-and-bake/images/dump-dinners-just-mix-and-bake_image_1.webp" alt="Dump Dinners: Just Mix and Bake!" style="width:100%;max-width:600px;height:auto;border-radius:8px;margin-bottom:20px;"><div style="background:#f8f9fa;padding:15px;border-radius:8px;margin-bottom:20px;"><p style="margin:5px 0;"><strong>⏱️ Prep Time:</strong> 15 minutes</p><p style="margin:5px 0;"><strong>🍳 Cook Time:</strong> 30 minutes</p><p style="margin:5px 0;"><strong>⏰ Total Time:</strong> 45 minutes</p><p style="margin:5px 0;"><strong>🍽️ Servings:</strong> 4</p><p style="margin:5px 0;"><strong>📊 Difficulty:</strong> Easy</p></div><div style="margin-bottom:30px;"><h3 style="color:#E60023;border-bottom:2px solid #E60023;padding-bottom:5px;">🥘 Ingredients</h3><ul style="line-height:1.8;"><li>1 pound shrimp peeled and deveined</li><li>2 tablespoons olive oil</li></ul></div><div style="margin-bottom:30px;"><h3 style="color:#E60023;border-bottom:2px solid #E60023;padding-bottom:5px;">👩‍🍳 Instructions</h3><ol style="line-height:1.8;"><li>Heat olive oil in large skillet over medium heat</li><li>Add shrimp and cook 2-3 minutes per side until pink</li></ol></div><div style="background:#fff3f3;padding:15px;border-radius:8px;border-left:4px solid #E60023;"><p><strong>📌 Pinterest Tags:</strong> #cat1761230749334 #easyrecipe #1hourmeals #recipe #cooking #foodie #homemade #delicious #pound #olive</p></div><div style="text-align:center;margin-top:30px;padding:20px;background:#E60023;color:white;border-radius:8px;"><p style="margin:0;"><strong>📌 Save this recipe to Pinterest!</strong></p><p style="margin:5px 0 0 0;">Perfect for meal planning and sharing with friends</p></div></div>]]></content:encoded>
      <media:content url="http://www.lummyrecipes.com/recipes/dump-dinners-just-mix-and-bake/images/dump-dinners-just-mix-and-bake_image_1.webp" medium="image" type="image/webp">
        <media:title>Dump Dinners: Just Mix and Bake!</media:title>
        <media:description>Discover the simplicity and joy of Dump Dinners, where all you need to do is mix your ingredients and let the oven do the work. Perfect for busy weeknights, this dish is a flavorful, hassle-free solution that your family will love.</media:description>
      </media:content>
      <media:group>
        <media:category>recipe</media:category>
        <media:keywords>cat1761230749334, easyrecipe, 1hourmeals, recipe, cooking, foodie, homemade, delicious, pound, olive</media:keywords>
      </media:group>
    </item>
    <item>
      <title>The Best Football Dip Recipe</title>
      <link>http://www.lummyrecipes.com/base.html?page=recipe-detail&amp;recipe=the-best-football-dip-recipe</link>
      <description>This Football Dip is the ultimate game day snack that combines creamy, cheesy goodness with a kick of flavor. Perfect for sharing with friends while cheering for your favorite team!</description>
      <pubDate>Thu, 06 Nov 2025 01:24:24 +0100</pubDate>
      <guid isPermaLink="true">http://www.lummyrecipes.com/base.html?page=recipe-detail&amp;recipe=the-best-football-dip-recipe</guid>
      <category>cat_1761230749_334</category>
      <dc:creator>author_001</dc:creator>
      <content:encoded><![CDATA[<div class="recipe-content" style="font-family: Arial, sans-serif; max-width: 600px;"><img src="http://www.lummyrecipes.com/recipes/the-best-football-dip-recipe/images/the-best-football-dip-recipe_image_4.webp" alt="The Best Football Dip Recipe" style="width:100%;max-width:600px;height:auto;border-radius:8px;margin-bottom:20px;"><div style="background:#f8f9fa;padding:15px;border-radius:8px;margin-bottom:20px;"><p style="margin:5px 0;"><strong>⏱️ Prep Time:</strong> 15 minutes</p><p style="margin:5px 0;"><strong>🍳 Cook Time:</strong> 30 minutes</p><p style="margin:5px 0;"><strong>⏰ Total Time:</strong> 45 minutes</p><p style="margin:5px 0;"><strong>🍽️ Servings:</strong> 4</p><p style="margin:5px 0;"><strong>📊 Difficulty:</strong> Easy</p></div><div style="margin-bottom:30px;"><h3 style="color:#E60023;border-bottom:2px solid #E60023;padding-bottom:5px;">🥘 Ingredients</h3><ul style="line-height:1.8;"><li>1 pound shrimp peeled and deveined</li><li>2 tablespoons olive oil</li></ul></div><div style="margin-bottom:30px;"><h3 style="color:#E60023;border-bottom:2px solid #E60023;padding-bottom:5px;">👩‍🍳 Instructions</h3><ol style="line-height:1.8;"><li>Heat olive oil in large skillet over medium heat</li><li>Add shrimp and cook 2-3 minutes per side until pink</li></ol></div><div style="background:#fff3f3;padding:15px;border-radius:8px;border-left:4px solid #E60023;"><p><strong>📌 Pinterest Tags:</strong> #cat1761230749334 #easyrecipe #1hourmeals #recipe #cooking #foodie #homemade #delicious #pound #olive</p></div><div style="text-align:center;margin-top:30px;padding:20px;background:#E60023;color:white;border-radius:8px;"><p style="margin:0;"><strong>📌 Save this recipe to Pinterest!</strong></p><p style="margin:5px 0 0 0;">Perfect for meal planning and sharing with friends</p></div></div>]]></content:encoded>
      <media:content url="http://www.lummyrecipes.com/recipes/the-best-football-dip-recipe/images/the-best-football-dip-recipe_image_4.webp" medium="image" type="image/webp">
        <media:title>The Best Football Dip Recipe</media:title>
        <media:description>This Football Dip is the ultimate game day snack that combines creamy, cheesy goodness with a kick of flavor. Perfect for sharing with friends while cheering for your favorite team!</media:description>
      </media:content>
      <media:group>
        <media:category>recipe</media:category>
        <media:keywords>cat1761230749334, easyrecipe, 1hourmeals, recipe, cooking, foodie, homemade, delicious, pound, olive</media:keywords>
      </media:group>
    </item>
    <item>
      <title>Sweet Potato Taco Bowls</title>
      <link>http://www.lummyrecipes.com/base.html?page=recipe-detail&amp;recipe=sweet-potato-taco-bowls</link>
      <description>These Sweet Potato Taco Bowls are a vibrant and nutritious twist on traditional tacos, perfect for a quick weeknight dinner. Packed with flavor and color, they are sure to delight your taste buds and nourish your body.</description>
      <pubDate>Tue, 04 Nov 2025 23:27:45 +0100</pubDate>
      <guid isPermaLink="true">http://www.lummyrecipes.com/base.html?page=recipe-detail&amp;recipe=sweet-potato-taco-bowls</guid>
      <category>cat_1761230749_334</category>
      <dc:creator>author_001</dc:creator>
      <content:encoded><![CDATA[<div class="recipe-content" style="font-family: Arial, sans-serif; max-width: 600px;"><img src="http://www.lummyrecipes.com/recipes/sweet-potato-taco-bowls/images/sweet-potato-taco-bowls_image_4.webp" alt="Sweet Potato Taco Bowls" style="width:100%;max-width:600px;height:auto;border-radius:8px;margin-bottom:20px;"><div style="background:#f8f9fa;padding:15px;border-radius:8px;margin-bottom:20px;"><p style="margin:5px 0;"><strong>⏱️ Prep Time:</strong> 15 minutes</p><p style="margin:5px 0;"><strong>🍳 Cook Time:</strong> 30 minutes</p><p style="margin:5px 0;"><strong>⏰ Total Time:</strong> 45 minutes</p><p style="margin:5px 0;"><strong>🍽️ Servings:</strong> 4</p><p style="margin:5px 0;"><strong>📊 Difficulty:</strong> Easy</p></div><div style="margin-bottom:30px;"><h3 style="color:#E60023;border-bottom:2px solid #E60023;padding-bottom:5px;">🥘 Ingredients</h3><ul style="line-height:1.8;"><li>2 medium sweet potatoes, diced</li><li>1 tablespoon olive oil</li><li>1 teaspoon chili powder</li><li>1 teaspoon cumin</li><li>Salt and pepper to taste</li><li>1 can black beans, drained and rinsed</li><li>1 cup corn, frozen or fresh</li><li>1 avocado, sliced</li><li>Fresh cilantro for garnish</li><li>Lime wedges for serving</li></ul></div><div style="margin-bottom:30px;"><h3 style="color:#E60023;border-bottom:2px solid #E60023;padding-bottom:5px;">👩‍🍳 Instructions</h3><ol style="line-height:1.8;"><li>Preheat your oven to 400°F (200°C).</li><li>Toss the diced sweet potatoes with olive oil, chili powder, cumin, salt, and pepper.</li><li>Spread the sweet potatoes on a baking sheet and roast for 25-30 minutes, or until tender and slightly caramelized.</li><li>In a bowl, combine the black beans and corn, and season with salt and pepper.</li><li>Once the sweet potatoes are done, assemble the bowls by layering the roasted sweet potatoes, black bean and corn mixture, and avocado slices.</li><li>Garnish with fresh cilantro and serve with lime wedges.</li></ol></div><div style="background:#fff3f3;padding:15px;border-radius:8px;border-left:4px solid #E60023;"><p><strong>📌 Pinterest Tags:</strong> #cat1761230749334 #easyrecipe #1hourmeals #recipe #cooking #foodie #homemade #delicious #medium #tablespoon #teaspoon</p></div><div style="text-align:center;margin-top:30px;padding:20px;background:#E60023;color:white;border-radius:8px;"><p style="margin:0;"><strong>📌 Save this recipe to Pinterest!</strong></p><p style="margin:5px 0 0 0;">Perfect for meal planning and sharing with friends</p></div></div>]]></content:encoded>
      <media:content url="http://www.lummyrecipes.com/recipes/sweet-potato-taco-bowls/images/sweet-potato-taco-bowls_image_4.webp" medium="image" type="image/webp">
        <media:title>Sweet Potato Taco Bowls</media:title>
        <media:description>These Sweet Potato Taco Bowls are a vibrant and nutritious twist on traditional tacos, perfect for a quick weeknight dinner. Packed with flavor and color, they are sure to delight your taste buds and nourish your body.</media:description>
      </media:content>
      <media:group>
        <media:category>recipe</media:category>
        <media:keywords>cat1761230749334, easyrecipe, 1hourmeals, recipe, cooking, foodie, homemade, delicious, medium, tablespoon, teaspoon</media:keywords>
      </media:group>
    </item>
    <item>
      <title>Sleepy Girl Mocktail</title>
      <link>http://www.lummyrecipes.com/base.html?page=recipe-detail&amp;recipe=sleepy-girl-mocktail</link>
      <description>Indulge in the calming flavors of the Sleepy Girl Mocktail, a delightful drink that combines soothing ingredients to help you unwind. Perfect for any time of day, this refreshing beverage is both delicious and relaxing.</description>
      <pubDate>Tue, 04 Nov 2025 17:29:17 +0100</pubDate>
      <guid isPermaLink="true">http://www.lummyrecipes.com/base.html?page=recipe-detail&amp;recipe=sleepy-girl-mocktail</guid>
      <category>cat_1761230749_334</category>
      <dc:creator>author_001</dc:creator>
      <content:encoded><![CDATA[<div class="recipe-content" style="font-family: Arial, sans-serif; max-width: 600px;"><img src="http://www.lummyrecipes.com/recipes/sleepy-girl-mocktail/images/sleepy-girl-mocktail_image_4.webp" alt="Sleepy Girl Mocktail" style="width:100%;max-width:600px;height:auto;border-radius:8px;margin-bottom:20px;"><div style="background:#f8f9fa;padding:15px;border-radius:8px;margin-bottom:20px;"><p style="margin:5px 0;"><strong>⏱️ Prep Time:</strong> 10 minutes</p><p style="margin:5px 0;"><strong>🍳 Cook Time:</strong> 0 minutes</p><p style="margin:5px 0;"><strong>⏰ Total Time:</strong> 10 minutes</p><p style="margin:5px 0;"><strong>🍽️ Servings:</strong> 2</p><p style="margin:5px 0;"><strong>📊 Difficulty:</strong> Easy</p></div><div style="margin-bottom:30px;"><h3 style="color:#E60023;border-bottom:2px solid #E60023;padding-bottom:5px;">🥘 Ingredients</h3><ul style="line-height:1.8;"><li>1 cup chamomile tea, brewed and cooled</li><li>1/2 cup apple juice</li><li>1 tablespoon honey</li><li>1/2 teaspoon vanilla extract</li><li>Ice cubes</li><li>Fresh mint leaves for garnish</li></ul></div><div style="margin-bottom:30px;"><h3 style="color:#E60023;border-bottom:2px solid #E60023;padding-bottom:5px;">👩‍🍳 Instructions</h3><ol style="line-height:1.8;"><li>In a pitcher, combine the brewed chamomile tea, apple juice, honey, and vanilla extract.</li><li>Stir well until the honey is fully dissolved.</li><li>Fill glasses with ice cubes and pour the mocktail mixture over the ice.</li><li>Garnish with fresh mint leaves and serve immediately.</li></ol></div><div style="background:#fff3f3;padding:15px;border-radius:8px;border-left:4px solid #E60023;"><p><strong>📌 Pinterest Tags:</strong> #cat1761230749334 #easyrecipe #quickrecipe #30minutemeals #recipe #cooking #foodie #homemade #delicious #chamomile #apple #tablespoon</p></div><div style="text-align:center;margin-top:30px;padding:20px;background:#E60023;color:white;border-radius:8px;"><p style="margin:0;"><strong>📌 Save this recipe to Pinterest!</strong></p><p style="margin:5px 0 0 0;">Perfect for meal planning and sharing with friends</p></div></div>]]></content:encoded>
      <media:content url="http://www.lummyrecipes.com/recipes/sleepy-girl-mocktail/images/sleepy-girl-mocktail_image_4.webp" medium="image" type="image/webp">
        <media:title>Sleepy Girl Mocktail</media:title>
        <media:description>Indulge in the calming flavors of the Sleepy Girl Mocktail, a delightful drink that combines soothing ingredients to help you unwind. Perfect for any time of day, this refreshing beverage is both delicious and relaxing.</media:description>
      </media:content>
      <media:group>
        <media:category>recipe</media:category>
        <media:keywords>cat1761230749334, easyrecipe, quickrecipe, 30minutemeals, recipe, cooking, foodie, homemade, delicious, chamomile, apple, tablespoon</media:keywords>
      </media:group>
    </item>
    <item>
      <title>Cucumber Salad</title>
      <link>http://www.lummyrecipes.com/base.html?page=recipe-detail&amp;recipe=cucumber-salad</link>
      <description>This refreshing cucumber salad is the perfect side dish for any meal, bursting with flavor and crunch. It's quick to prepare, making it an ideal choice for busy weeknights or summer gatherings.</description>
      <pubDate>Tue, 04 Nov 2025 17:28:59 +0100</pubDate>
      <guid isPermaLink="true">http://www.lummyrecipes.com/base.html?page=recipe-detail&amp;recipe=cucumber-salad</guid>
      <category>cat_1761230749_334</category>
      <dc:creator>author_001</dc:creator>
      <content:encoded><![CDATA[<div class="recipe-content" style="font-family: Arial, sans-serif; max-width: 600px;"><img src="http://www.lummyrecipes.com/recipes/cucumber-salad/images/cucumber-salad_image_4.webp" alt="Cucumber Salad" style="width:100%;max-width:600px;height:auto;border-radius:8px;margin-bottom:20px;"><div style="background:#f8f9fa;padding:15px;border-radius:8px;margin-bottom:20px;"><p style="margin:5px 0;"><strong>⏱️ Prep Time:</strong> 15 minutes</p><p style="margin:5px 0;"><strong>🍳 Cook Time:</strong> 0 minutes</p><p style="margin:5px 0;"><strong>⏰ Total Time:</strong> 15 minutes</p><p style="margin:5px 0;"><strong>🍽️ Servings:</strong> 4</p><p style="margin:5px 0;"><strong>📊 Difficulty:</strong> Easy</p></div><div style="margin-bottom:30px;"><h3 style="color:#E60023;border-bottom:2px solid #E60023;padding-bottom:5px;">🥘 Ingredients</h3><ul style="line-height:1.8;"><li>2 large cucumbers, thinly sliced</li><li>1/2 red onion, thinly sliced</li><li>1/4 cup fresh dill, chopped</li><li>1/4 cup white vinegar</li><li>2 tablespoons olive oil</li><li>Salt and pepper to taste</li></ul></div><div style="margin-bottom:30px;"><h3 style="color:#E60023;border-bottom:2px solid #E60023;padding-bottom:5px;">👩‍🍳 Instructions</h3><ol style="line-height:1.8;"><li>In a large bowl, combine the sliced cucumbers, red onion, and dill.</li><li>In a separate small bowl, whisk together the white vinegar, olive oil, salt, and pepper.</li><li>Pour the dressing over the cucumber mixture and toss to coat evenly.</li><li>Let the salad sit for at least 10 minutes before serving to allow the flavors to meld.</li></ol></div><div style="background:#fff3f3;padding:15px;border-radius:8px;border-left:4px solid #E60023;"><p><strong>📌 Pinterest Tags:</strong> #cat1761230749334 #easyrecipe #quickrecipe #30minutemeals #recipe #cooking #foodie #homemade #delicious #large #onion #fresh</p></div><div style="text-align:center;margin-top:30px;padding:20px;background:#E60023;color:white;border-radius:8px;"><p style="margin:0;"><strong>📌 Save this recipe to Pinterest!</strong></p><p style="margin:5px 0 0 0;">Perfect for meal planning and sharing with friends</p></div></div>]]></content:encoded>
      <media:content url="http://www.lummyrecipes.com/recipes/cucumber-salad/images/cucumber-salad_image_4.webp" medium="image" type="image/webp">
        <media:title>Cucumber Salad</media:title>
        <media:description>This refreshing cucumber salad is the perfect side dish for any meal, bursting with flavor and crunch. It's quick to prepare, making it an ideal choice for busy weeknights or summer gatherings.</media:description>
      </media:content>
      <media:group>
        <media:category>recipe</media:category>
        <media:keywords>cat1761230749334, easyrecipe, quickrecipe, 30minutemeals, recipe, cooking, foodie, homemade, delicious, large, onion, fresh</media:keywords>
      </media:group>
    </item>
    <item>
      <title>Korean-Inspired Gochujang Caramel Popcorn (Sweet &amp; Spicy!)</title>
      <link>http://www.lummyrecipes.com/base.html?page=recipe-detail&amp;recipe=korean-inspired-gochujang-caramel-popcorn-sweet-spicy</link>
      <description>Indulge in the irresistible combination of sweet and spicy with this Korean-inspired gochujang caramel popcorn. Perfect for movie nights or as a unique snack at gatherings, this recipe will elevate your popcorn game to a whole new level!</description>
      <pubDate>Tue, 04 Nov 2025 17:28:57 +0100</pubDate>
      <guid isPermaLink="true">http://www.lummyrecipes.com/base.html?page=recipe-detail&amp;recipe=korean-inspired-gochujang-caramel-popcorn-sweet-spicy</guid>
      <category>cat_1761230749_334</category>
      <dc:creator>author_001</dc:creator>
      <content:encoded><![CDATA[<div class="recipe-content" style="font-family: Arial, sans-serif; max-width: 600px;"><img src="http://www.lummyrecipes.com/recipes/korean-inspired-gochujang-caramel-popcorn-sweet-spicy/images/korean-inspired-gochujang-caramel-popcorn-sweet-spicy_image_4.webp" alt="Korean-Inspired Gochujang Caramel Popcorn (Sweet &amp; Spicy!)" style="width:100%;max-width:600px;height:auto;border-radius:8px;margin-bottom:20px;"><div style="background:#f8f9fa;padding:15px;border-radius:8px;margin-bottom:20px;"><p style="margin:5px 0;"><strong>⏱️ Prep Time:</strong> 15 minutes</p><p style="margin:5px 0;"><strong>🍳 Cook Time:</strong> 30 minutes</p><p style="margin:5px 0;"><strong>⏰ Total Time:</strong> 45 minutes</p><p style="margin:5px 0;"><strong>🍽️ Servings:</strong> 4</p><p style="margin:5px 0;"><strong>📊 Difficulty:</strong> Easy</p></div><div style="margin-bottom:30px;"><h3 style="color:#E60023;border-bottom:2px solid #E60023;padding-bottom:5px;">🥘 Ingredients</h3><ul style="line-height:1.8;"><li>1 cup popcorn kernels</li><li>1 cup sugar</li><li>1/4 cup unsalted butter</li><li>1/4 cup gochujang</li><li>1/2 teaspoon salt</li></ul></div><div style="margin-bottom:30px;"><h3 style="color:#E60023;border-bottom:2px solid #E60023;padding-bottom:5px;">👩‍🍳 Instructions</h3><ol style="line-height:1.8;"><li>Pop the popcorn kernels using an air popper or stovetop method and set aside in a large bowl.</li><li>In a saucepan, combine sugar, butter, gochujang, and salt over medium heat, stirring until the mixture comes to a boil.</li><li>Let the caramel boil for 4-5 minutes without stirring until it turns a deep amber color.</li><li>Pour the caramel over the popped popcorn and stir well to coat evenly.</li><li>Spread the coated popcorn onto a baking sheet lined with parchment paper and let it cool before serving.</li></ol></div><div style="background:#fff3f3;padding:15px;border-radius:8px;border-left:4px solid #E60023;"><p><strong>📌 Pinterest Tags:</strong> #cat1761230749334 #easyrecipe #1hourmeals #recipe #cooking #foodie #homemade #delicious #popcorn #sugar #unsalted</p></div><div style="text-align:center;margin-top:30px;padding:20px;background:#E60023;color:white;border-radius:8px;"><p style="margin:0;"><strong>📌 Save this recipe to Pinterest!</strong></p><p style="margin:5px 0 0 0;">Perfect for meal planning and sharing with friends</p></div></div>]]></content:encoded>
      <media:content url="http://www.lummyrecipes.com/recipes/korean-inspired-gochujang-caramel-popcorn-sweet-spicy/images/korean-inspired-gochujang-caramel-popcorn-sweet-spicy_image_4.webp" medium="image" type="image/webp">
        <media:title>Korean-Inspired Gochujang Caramel Popcorn (Sweet &amp; Spicy!)</media:title>
        <media:description>Indulge in the irresistible combination of sweet and spicy with this Korean-inspired gochujang caramel popcorn. Perfect for movie nights or as a unique snack at gatherings, this recipe will elevate your popcorn game to a whole new level!</media:description>
      </media:content>
      <media:group>
        <media:category>recipe</media:category>
        <media:keywords>cat1761230749334, easyrecipe, 1hourmeals, recipe, cooking, foodie, homemade, delicious, popcorn, sugar, unsalted</media:keywords>
      </media:group>
    </item>
    <item>
      <title>Hot Chocolate Charcuterie Board</title>
      <link>http://www.lummyrecipes.com/base.html?page=recipe-detail&amp;recipe=hot-chocolate-charcuterie-board</link>
      <description>Indulge in the ultimate cozy experience with this Hot Chocolate Charcuterie Board, perfect for gatherings or a sweet night in. With a variety of chocolates, marshmallows, and toppings, it's a delightful treat that everyone will love.</description>
      <pubDate>Mon, 03 Nov 2025 19:12:13 +0100</pubDate>
      <guid isPermaLink="true">http://www.lummyrecipes.com/base.html?page=recipe-detail&amp;recipe=hot-chocolate-charcuterie-board</guid>
      <category>cat_1761230749_334</category>
      <dc:creator>author_001</dc:creator>
      <content:encoded><![CDATA[<div class="recipe-content" style="font-family: Arial, sans-serif; max-width: 600px;"><img src="http://www.lummyrecipes.com/recipes/hot-chocolate-charcuterie-board/images/hot-chocolate-charcuterie-board_image_4.webp" alt="Hot Chocolate Charcuterie Board" style="width:100%;max-width:600px;height:auto;border-radius:8px;margin-bottom:20px;"><div style="background:#f8f9fa;padding:15px;border-radius:8px;margin-bottom:20px;"><p style="margin:5px 0;"><strong>⏱️ Prep Time:</strong> 15 minutes</p><p style="margin:5px 0;"><strong>🍳 Cook Time:</strong> 0 minutes</p><p style="margin:5px 0;"><strong>⏰ Total Time:</strong> 15 minutes</p><p style="margin:5px 0;"><strong>🍽️ Servings:</strong> 6</p><p style="margin:5px 0;"><strong>📊 Difficulty:</strong> Easy</p></div><div style="margin-bottom:30px;"><h3 style="color:#E60023;border-bottom:2px solid #E60023;padding-bottom:5px;">🥘 Ingredients</h3><ul style="line-height:1.8;"><li>4 cups milk</li><li>1 cup heavy cream</li><li>1 cup chocolate chips</li><li>1 cup mini marshmallows</li><li>1/2 cup whipped cream</li><li>1/4 cup crushed peppermint</li><li>1/4 cup caramel sauce</li><li>1/4 cup chocolate sauce</li><li>1/4 cup sprinkles</li><li>1/4 cup assorted cookies</li></ul></div><div style="margin-bottom:30px;"><h3 style="color:#E60023;border-bottom:2px solid #E60023;padding-bottom:5px;">👩‍🍳 Instructions</h3><ol style="line-height:1.8;"><li>In a saucepan, heat the milk and heavy cream over medium heat until warm.</li><li>Add the chocolate chips and stir until melted and smooth.</li><li>Pour the hot chocolate into a large serving bowl or pitcher.</li><li>Arrange the mini marshmallows, whipped cream, crushed peppermint, caramel sauce, chocolate sauce, sprinkles, and assorted cookies on a large platter.</li><li>Serve the hot chocolate with the toppings for guests to customize their drinks.</li></ol></div><div style="background:#fff3f3;padding:15px;border-radius:8px;border-left:4px solid #E60023;"><p><strong>📌 Pinterest Tags:</strong> #cat1761230749334 #easyrecipe #quickrecipe #30minutemeals #recipe #cooking #foodie #homemade #delicious #heavy #chocolate</p></div><div style="text-align:center;margin-top:30px;padding:20px;background:#E60023;color:white;border-radius:8px;"><p style="margin:0;"><strong>📌 Save this recipe to Pinterest!</strong></p><p style="margin:5px 0 0 0;">Perfect for meal planning and sharing with friends</p></div></div>]]></content:encoded>
      <media:content url="http://www.lummyrecipes.com/recipes/hot-chocolate-charcuterie-board/images/hot-chocolate-charcuterie-board_image_4.webp" medium="image" type="image/webp">
        <media:title>Hot Chocolate Charcuterie Board</media:title>
        <media:description>Indulge in the ultimate cozy experience with this Hot Chocolate Charcuterie Board, perfect for gatherings or a sweet night in. With a variety of chocolates, marshmallows, and toppings, it's a delightful treat that everyone will love.</media:description>
      </media:content>
      <media:group>
        <media:category>recipe</media:category>
        <media:keywords>cat1761230749334, easyrecipe, quickrecipe, 30minutemeals, recipe, cooking, foodie, homemade, delicious, heavy, chocolate</media:keywords>
      </media:group>
    </item>
    <item>
      <title>DIY Peppermint Mocha</title>
      <link>http://www.lummyrecipes.com/base.html?page=recipe-detail&amp;recipe=diy-peppermint-mocha</link>
      <description>Indulge in the rich, chocolatey goodness of a homemade peppermint mocha that warms your soul and delights your senses. Perfect for cozy mornings or festive gatherings, this drink is a delightful treat that you can easily whip up at home.</description>
      <pubDate>Sun, 02 Nov 2025 19:43:54 +0100</pubDate>
      <guid isPermaLink="true">http://www.lummyrecipes.com/base.html?page=recipe-detail&amp;recipe=diy-peppermint-mocha</guid>
      <category>cat_1761230749_334</category>
      <dc:creator>author_001</dc:creator>
      <content:encoded><![CDATA[<div class="recipe-content" style="font-family: Arial, sans-serif; max-width: 600px;"><img src="http://www.lummyrecipes.com/recipes/diy-peppermint-mocha/images/diy-peppermint-mocha_image_4.webp" alt="DIY Peppermint Mocha" style="width:100%;max-width:600px;height:auto;border-radius:8px;margin-bottom:20px;"><div style="background:#f8f9fa;padding:15px;border-radius:8px;margin-bottom:20px;"><p style="margin:5px 0;"><strong>⏱️ Prep Time:</strong> 15 minutes</p><p style="margin:5px 0;"><strong>🍳 Cook Time:</strong> 10 minutes</p><p style="margin:5px 0;"><strong>⏰ Total Time:</strong> 25 minutes</p><p style="margin:5px 0;"><strong>🍽️ Servings:</strong> 2</p><p style="margin:5px 0;"><strong>📊 Difficulty:</strong> Easy</p></div><div style="margin-bottom:30px;"><h3 style="color:#E60023;border-bottom:2px solid #E60023;padding-bottom:5px;">🥘 Ingredients</h3><ul style="line-height:1.8;"><li>2 cups brewed coffee</li><li>1 cup milk</li><li>2 tablespoons cocoa powder</li><li>2 tablespoons sugar</li><li>1 teaspoon peppermint extract</li><li>Whipped cream for topping</li><li>Chocolate shavings for garnish</li></ul></div><div style="margin-bottom:30px;"><h3 style="color:#E60023;border-bottom:2px solid #E60023;padding-bottom:5px;">👩‍🍳 Instructions</h3><ol style="line-height:1.8;"><li>In a saucepan, combine milk, cocoa powder, and sugar over medium heat, whisking until smooth.</li><li>Add brewed coffee and peppermint extract, stirring to combine and heat through.</li><li>Pour into mugs and top with whipped cream and chocolate shavings.</li></ol></div><div style="background:#fff3f3;padding:15px;border-radius:8px;border-left:4px solid #E60023;"><p><strong>📌 Pinterest Tags:</strong> #cat1761230749334 #easyrecipe #quickrecipe #30minutemeals #recipe #cooking #foodie #homemade #delicious #brewed #cocoa</p></div><div style="text-align:center;margin-top:30px;padding:20px;background:#E60023;color:white;border-radius:8px;"><p style="margin:0;"><strong>📌 Save this recipe to Pinterest!</strong></p><p style="margin:5px 0 0 0;">Perfect for meal planning and sharing with friends</p></div></div>]]></content:encoded>
      <media:content url="http://www.lummyrecipes.com/recipes/diy-peppermint-mocha/images/diy-peppermint-mocha_image_4.webp" medium="image" type="image/webp">
        <media:title>DIY Peppermint Mocha</media:title>
        <media:description>Indulge in the rich, chocolatey goodness of a homemade peppermint mocha that warms your soul and delights your senses. Perfect for cozy mornings or festive gatherings, this drink is a delightful treat that you can easily whip up at home.</media:description>
      </media:content>
      <media:group>
        <media:category>recipe</media:category>
        <media:keywords>cat1761230749334, easyrecipe, quickrecipe, 30minutemeals, recipe, cooking, foodie, homemade, delicious, brewed, cocoa</media:keywords>
      </media:group>
    </item>
    <item>
      <title>Easy Sausage Balls with Bisquick</title>
      <link>http://www.lummyrecipes.com/base.html?page=recipe-detail&amp;recipe=easy-sausage-balls-with-bisquick</link>
      <description>These Easy Sausage Balls with Bisquick are the ultimate party snack that combines savory sausage with a delightful biscuit texture. Perfectly seasoned and incredibly easy to make, they are sure to be a hit at your next gathering!</description>
      <pubDate>Sun, 02 Nov 2025 19:42:58 +0100</pubDate>
      <guid isPermaLink="true">http://www.lummyrecipes.com/base.html?page=recipe-detail&amp;recipe=easy-sausage-balls-with-bisquick</guid>
      <category>cat_1761230749_334</category>
      <dc:creator>author_001</dc:creator>
      <content:encoded><![CDATA[<div class="recipe-content" style="font-family: Arial, sans-serif; max-width: 600px;"><img src="http://www.lummyrecipes.com/recipes/easy-sausage-balls-with-bisquick/images/easy-sausage-balls-with-bisquick_image_4.webp" alt="Easy Sausage Balls with Bisquick" style="width:100%;max-width:600px;height:auto;border-radius:8px;margin-bottom:20px;"><div style="background:#f8f9fa;padding:15px;border-radius:8px;margin-bottom:20px;"><p style="margin:5px 0;"><strong>⏱️ Prep Time:</strong> 15 minutes</p><p style="margin:5px 0;"><strong>🍳 Cook Time:</strong> 30 minutes</p><p style="margin:5px 0;"><strong>⏰ Total Time:</strong> 45 minutes</p><p style="margin:5px 0;"><strong>🍽️ Servings:</strong> 20</p><p style="margin:5px 0;"><strong>📊 Difficulty:</strong> Easy</p></div><div style="margin-bottom:30px;"><h3 style="color:#E60023;border-bottom:2px solid #E60023;padding-bottom:5px;">🥘 Ingredients</h3><ul style="line-height:1.8;"><li>1 pound sausage, cooked and crumbled</li><li>2 cups Bisquick mix</li><li>1 cup shredded cheddar cheese</li><li>1/2 cup milk</li><li>1/4 teaspoon garlic powder</li><li>1/4 teaspoon onion powder</li></ul></div><div style="margin-bottom:30px;"><h3 style="color:#E60023;border-bottom:2px solid #E60023;padding-bottom:5px;">👩‍🍳 Instructions</h3><ol style="line-height:1.8;"><li>Preheat the oven to 350°F (175°C).</li><li>In a large bowl, combine the cooked sausage, Bisquick mix, cheddar cheese, milk, garlic powder, and onion powder.</li><li>Mix until well combined.</li><li>Shape the mixture into small balls and place them on a baking sheet.</li><li>Bake for 20-25 minutes or until golden brown.</li></ol></div><div style="background:#fff3f3;padding:15px;border-radius:8px;border-left:4px solid #E60023;"><p><strong>📌 Pinterest Tags:</strong> #cat1761230749334 #easyrecipe #1hourmeals #recipe #cooking #foodie #homemade #delicious #pound #bisquick #shredded</p></div><div style="text-align:center;margin-top:30px;padding:20px;background:#E60023;color:white;border-radius:8px;"><p style="margin:0;"><strong>📌 Save this recipe to Pinterest!</strong></p><p style="margin:5px 0 0 0;">Perfect for meal planning and sharing with friends</p></div></div>]]></content:encoded>
      <media:content url="http://www.lummyrecipes.com/recipes/easy-sausage-balls-with-bisquick/images/easy-sausage-balls-with-bisquick_image_4.webp" medium="image" type="image/webp">
        <media:title>Easy Sausage Balls with Bisquick</media:title>
        <media:description>These Easy Sausage Balls with Bisquick are the ultimate party snack that combines savory sausage with a delightful biscuit texture. Perfectly seasoned and incredibly easy to make, they are sure to be a hit at your next gathering!</media:description>
      </media:content>
      <media:group>
        <media:category>recipe</media:category>
        <media:keywords>cat1761230749334, easyrecipe, 1hourmeals, recipe, cooking, foodie, homemade, delicious, pound, bisquick, shredded</media:keywords>
      </media:group>
    </item>
    <item>
      <title>DIY Peppermint Mocha Latte</title>
      <link>http://www.lummyrecipes.com/base.html?page=recipe-detail&amp;recipe=diy-peppermint-mocha-latte</link>
      <description>Indulge in the rich flavors of a homemade Peppermint Mocha Latte that combines the warmth of espresso with the refreshing taste of peppermint. Perfect for cozy mornings or a festive treat, this delightful drink is sure to become a seasonal favorite.</description>
      <pubDate>Fri, 31 Oct 2025 18:08:16 +0100</pubDate>
      <guid isPermaLink="true">http://www.lummyrecipes.com/base.html?page=recipe-detail&amp;recipe=diy-peppermint-mocha-latte</guid>
      <category>cat_1761230749_334</category>
      <dc:creator>author_001</dc:creator>
      <content:encoded><![CDATA[<div class="recipe-content" style="font-family: Arial, sans-serif; max-width: 600px;"><img src="http://www.lummyrecipes.com/recipes/diy-peppermint-mocha-latte/images/diy-peppermint-mocha-latte_image_4.webp" alt="DIY Peppermint Mocha Latte" style="width:100%;max-width:600px;height:auto;border-radius:8px;margin-bottom:20px;"><div style="background:#f8f9fa;padding:15px;border-radius:8px;margin-bottom:20px;"><p style="margin:5px 0;"><strong>⏱️ Prep Time:</strong> 10 minutes</p><p style="margin:5px 0;"><strong>🍳 Cook Time:</strong> 5 minutes</p><p style="margin:5px 0;"><strong>⏰ Total Time:</strong> 15 minutes</p><p style="margin:5px 0;"><strong>🍽️ Servings:</strong> 2</p><p style="margin:5px 0;"><strong>📊 Difficulty:</strong> Easy</p></div><div style="margin-bottom:30px;"><h3 style="color:#E60023;border-bottom:2px solid #E60023;padding-bottom:5px;">🥘 Ingredients</h3><ul style="line-height:1.8;"><li>2 cups milk</li><li>2 shots espresso or strong coffee</li><li>2 tablespoons chocolate syrup</li><li>1 tablespoon peppermint syrup</li><li>Whipped cream for topping</li><li>Crushed peppermint candies for garnish</li></ul></div><div style="margin-bottom:30px;"><h3 style="color:#E60023;border-bottom:2px solid #E60023;padding-bottom:5px;">👩‍🍳 Instructions</h3><ol style="line-height:1.8;"><li>In a small saucepan, heat the milk over medium heat until steaming but not boiling.</li><li>Whisk in the chocolate syrup and peppermint syrup until well combined.</li><li>Brew the espresso or strong coffee and pour it into two mugs.</li><li>Pour the heated milk mixture over the coffee and stir gently.</li><li>Top with whipped cream and sprinkle crushed peppermint candies on top.</li></ol></div><div style="background:#fff3f3;padding:15px;border-radius:8px;border-left:4px solid #E60023;"><p><strong>📌 Pinterest Tags:</strong> #cat1761230749334 #easyrecipe #quickrecipe #30minutemeals #recipe #cooking #foodie #homemade #delicious #shots #chocolate</p></div><div style="text-align:center;margin-top:30px;padding:20px;background:#E60023;color:white;border-radius:8px;"><p style="margin:0;"><strong>📌 Save this recipe to Pinterest!</strong></p><p style="margin:5px 0 0 0;">Perfect for meal planning and sharing with friends</p></div></div>]]></content:encoded>
      <media:content url="http://www.lummyrecipes.com/recipes/diy-peppermint-mocha-latte/images/diy-peppermint-mocha-latte_image_4.webp" medium="image" type="image/webp">
        <media:title>DIY Peppermint Mocha Latte</media:title>
        <media:description>Indulge in the rich flavors of a homemade Peppermint Mocha Latte that combines the warmth of espresso with the refreshing taste of peppermint. Perfect for cozy mornings or a festive treat, this delightful drink is sure to become a seasonal favorite.</media:description>
      </media:content>
      <media:group>
        <media:category>recipe</media:category>
        <media:keywords>cat1761230749334, easyrecipe, quickrecipe, 30minutemeals, recipe, cooking, foodie, homemade, delicious, shots, chocolate</media:keywords>
      </media:group>
    </item>
    <item>
      <title>Easy Creamy Chicken Cordon Bleu</title>
      <link>http://www.lummyrecipes.com/base.html?page=recipe-detail&amp;recipe=easy-creamy-chicken-cordon-bleu</link>
      <description>Indulge in the rich flavors of this creamy chicken cordon bleu that combines tender chicken with savory ham and gooey cheese. Perfect for impressing guests or enjoying a cozy night in, this dish is both simple and satisfying.</description>
      <pubDate>Tue, 28 Oct 2025 20:19:02 +0100</pubDate>
      <guid isPermaLink="true">http://www.lummyrecipes.com/base.html?page=recipe-detail&amp;recipe=easy-creamy-chicken-cordon-bleu</guid>
      <category>cat_1761230749_334</category>
      <dc:creator>author_001</dc:creator>
      <content:encoded><![CDATA[<div class="recipe-content" style="font-family: Arial, sans-serif; max-width: 600px;"><img src="http://www.lummyrecipes.com/recipes/easy-creamy-chicken-cordon-bleu/images/easy-creamy-chicken-cordon-bleu_image_4.webp" alt="Easy Creamy Chicken Cordon Bleu" style="width:100%;max-width:600px;height:auto;border-radius:8px;margin-bottom:20px;"><div style="background:#f8f9fa;padding:15px;border-radius:8px;margin-bottom:20px;"><p style="margin:5px 0;"><strong>⏱️ Prep Time:</strong> 15 minutes</p><p style="margin:5px 0;"><strong>🍳 Cook Time:</strong> 30 minutes</p><p style="margin:5px 0;"><strong>⏰ Total Time:</strong> 45 minutes</p><p style="margin:5px 0;"><strong>🍽️ Servings:</strong> 4</p><p style="margin:5px 0;"><strong>📊 Difficulty:</strong> Medium</p></div><div style="margin-bottom:30px;"><h3 style="color:#E60023;border-bottom:2px solid #E60023;padding-bottom:5px;">🥘 Ingredients</h3><ul style="line-height:1.8;"><li>4 boneless, skinless chicken breasts</li><li>4 slices of ham</li><li>4 slices of Swiss cheese</li><li>1 cup breadcrumbs</li><li>1/2 cup heavy cream</li><li>2 tablespoons olive oil</li><li>Salt and pepper to taste</li></ul></div><div style="margin-bottom:30px;"><h3 style="color:#E60023;border-bottom:2px solid #E60023;padding-bottom:5px;">👩‍🍳 Instructions</h3><ol style="line-height:1.8;"><li>Preheat your oven to 375°F (190°C).</li><li>Flatten the chicken breasts to an even thickness using a meat mallet.</li><li>Layer each chicken breast with a slice of ham and a slice of cheese.</li><li>Roll the chicken tightly and secure with toothpicks.</li><li>Dip each chicken roll in heavy cream and then coat with breadcrumbs.</li><li>Heat olive oil in a skillet over medium heat and sear the chicken rolls until golden brown on all sides.</li><li>Transfer the chicken to a baking dish and bake for 20 minutes or until cooked through.</li><li>Remove toothpicks before serving.</li></ol></div><div style="background:#fff3f3;padding:15px;border-radius:8px;border-left:4px solid #E60023;"><p><strong>📌 Pinterest Tags:</strong> #cat1761230749334 #mediumrecipe #1hourmeals #recipe #cooking #foodie #homemade #delicious #boneless #slices</p></div><div style="text-align:center;margin-top:30px;padding:20px;background:#E60023;color:white;border-radius:8px;"><p style="margin:0;"><strong>📌 Save this recipe to Pinterest!</strong></p><p style="margin:5px 0 0 0;">Perfect for meal planning and sharing with friends</p></div></div>]]></content:encoded>
      <media:content url="http://www.lummyrecipes.com/recipes/easy-creamy-chicken-cordon-bleu/images/easy-creamy-chicken-cordon-bleu_image_4.webp" medium="image" type="image/webp">
        <media:title>Easy Creamy Chicken Cordon Bleu</media:title>
        <media:description>Indulge in the rich flavors of this creamy chicken cordon bleu that combines tender chicken with savory ham and gooey cheese. Perfect for impressing guests or enjoying a cozy night in, this dish is both simple and satisfying.</media:description>
      </media:content>
      <media:group>
        <media:category>recipe</media:category>
        <media:keywords>cat1761230749334, mediumrecipe, 1hourmeals, recipe, cooking, foodie, homemade, delicious, boneless, slices</media:keywords>
      </media:group>
    </item>
    <item>
      <title>Cheesy Eyeballs Halloween Skewers</title>
      <link>http://www.lummyrecipes.com/base.html?page=recipe-detail&amp;recipe=cheesy-eyeballs-halloween-skewers</link>
      <description>These playful Cheesy Eyeballs are the perfect spooky addition to your Halloween festivities. With creamy cheese and candy eyes, they transform any platter into a fun and quirky treat that will delight both kids and adults alike!</description>
      <pubDate>Mon, 27 Oct 2025 17:20:22 +0100</pubDate>
      <guid isPermaLink="true">http://www.lummyrecipes.com/base.html?page=recipe-detail&amp;recipe=cheesy-eyeballs-halloween-skewers</guid>
      <category>cat_1761230749_334</category>
      <dc:creator>author_001</dc:creator>
      <content:encoded><![CDATA[<div class="recipe-content" style="font-family: Arial, sans-serif; max-width: 600px;"><img src="http://www.lummyrecipes.com/recipes/cheesy-eyeballs-halloween-skewers/images/cheesy-eyeballs-halloween-skewers_image_4.webp" alt="Cheesy Eyeballs Halloween Skewers" style="width:100%;max-width:600px;height:auto;border-radius:8px;margin-bottom:20px;"><div style="background:#f8f9fa;padding:15px;border-radius:8px;margin-bottom:20px;"><p style="margin:5px 0;"><strong>⏱️ Prep Time:</strong> 15 minutes</p><p style="margin:5px 0;"><strong>🍳 Cook Time:</strong> 0 minutes</p><p style="margin:5px 0;"><strong>⏰ Total Time:</strong> 15 minutes</p><p style="margin:5px 0;"><strong>🍽️ Servings:</strong> 6</p><p style="margin:5px 0;"><strong>📊 Difficulty:</strong> Easy</p></div><div style="margin-bottom:30px;"><h3 style="color:#E60023;border-bottom:2px solid #E60023;padding-bottom:5px;">🥘 Ingredients</h3><ul style="line-height:1.8;"><li>1 cup cream cheese</li><li>1 cup shredded mozzarella cheese</li><li>1/2 cup olives, sliced</li><li>1/2 cup candy eyes</li><li>Skewers</li></ul></div><div style="margin-bottom:30px;"><h3 style="color:#E60023;border-bottom:2px solid #E60023;padding-bottom:5px;">👩‍🍳 Instructions</h3><ol style="line-height:1.8;"><li>In a bowl, mix cream cheese and shredded mozzarella until well combined.</li><li>Form the cheese mixture into small balls to resemble eyeballs.</li><li>Place a slice of olive in the center of each cheese ball to create the pupil.</li><li>Insert candy eyes into the cheese balls for a spooky effect.</li><li>Skewer the eyeballs onto sticks for easy serving.</li></ol></div><div style="background:#fff3f3;padding:15px;border-radius:8px;border-left:4px solid #E60023;"><p><strong>📌 Pinterest Tags:</strong> #cat1761230749334 #easyrecipe #quickrecipe #30minutemeals #recipe #cooking #foodie #homemade #delicious #cream #shredded #olives</p></div><div style="text-align:center;margin-top:30px;padding:20px;background:#E60023;color:white;border-radius:8px;"><p style="margin:0;"><strong>📌 Save this recipe to Pinterest!</strong></p><p style="margin:5px 0 0 0;">Perfect for meal planning and sharing with friends</p></div></div>]]></content:encoded>
      <media:content url="http://www.lummyrecipes.com/recipes/cheesy-eyeballs-halloween-skewers/images/cheesy-eyeballs-halloween-skewers_image_4.webp" medium="image" type="image/webp">
        <media:title>Cheesy Eyeballs Halloween Skewers</media:title>
        <media:description>These playful Cheesy Eyeballs are the perfect spooky addition to your Halloween festivities. With creamy cheese and candy eyes, they transform any platter into a fun and quirky treat that will delight both kids and adults alike!</media:description>
      </media:content>
      <media:group>
        <media:category>recipe</media:category>
        <media:keywords>cat1761230749334, easyrecipe, quickrecipe, 30minutemeals, recipe, cooking, foodie, homemade, delicious, cream, shredded, olives</media:keywords>
      </media:group>
    </item>
    <item>
      <title>Cheesy Breadstick Bones</title>
      <link>http://www.lummyrecipes.com/base.html?page=recipe-detail&amp;recipe=cheesy-breadstick-bones</link>
      <description>Get ready to impress your guests with these fun and cheesy Breadstick Bones! Perfect for Halloween, these savory treats are not only easy to make but also pair wonderfully with marinara sauce for dipping.</description>
      <pubDate>Mon, 27 Oct 2025 17:20:14 +0100</pubDate>
      <guid isPermaLink="true">http://www.lummyrecipes.com/base.html?page=recipe-detail&amp;recipe=cheesy-breadstick-bones</guid>
      <category>cat_1761230749_334</category>
      <dc:creator>author_001</dc:creator>
      <content:encoded><![CDATA[<div class="recipe-content" style="font-family: Arial, sans-serif; max-width: 600px;"><img src="http://www.lummyrecipes.com/recipes/cheesy-breadstick-bones/images/cheesy-breadstick-bones_image_4.webp" alt="Cheesy Breadstick Bones" style="width:100%;max-width:600px;height:auto;border-radius:8px;margin-bottom:20px;"><div style="background:#f8f9fa;padding:15px;border-radius:8px;margin-bottom:20px;"><p style="margin:5px 0;"><strong>⏱️ Prep Time:</strong> 15 minutes</p><p style="margin:5px 0;"><strong>🍳 Cook Time:</strong> 27 minutes</p><p style="margin:5px 0;"><strong>⏰ Total Time:</strong> 42 minutes</p><p style="margin:5px 0;"><strong>🍽️ Servings:</strong> 10</p><p style="margin:5px 0;"><strong>📊 Difficulty:</strong> Easy</p></div><div style="margin-bottom:30px;"><h3 style="color:#E60023;border-bottom:2px solid #E60023;padding-bottom:5px;">🥘 Ingredients</h3><ul style="line-height:1.8;"><li>1 pound pizza dough</li><li>1 cup shredded mozzarella cheese</li><li>1/2 cup marinara sauce for dipping</li><li>1 tablespoon olive oil</li><li>1 teaspoon garlic powder</li><li>1 teaspoon Italian seasoning</li><li>Flour for dusting</li></ul></div><div style="margin-bottom:30px;"><h3 style="color:#E60023;border-bottom:2px solid #E60023;padding-bottom:5px;">👩‍🍳 Instructions</h3><ol style="line-height:1.8;"><li>Preheat the oven to 400°F (200°C).</li><li>On a floured surface, roll out the pizza dough into a rectangle.</li><li>Cut the dough into strips about 1 inch wide.</li><li>Shape each strip into a bone by twisting and pinching the ends.</li><li>Place the shaped breadsticks on a baking sheet lined with parchment paper.</li><li>Brush the breadsticks with olive oil and sprinkle with garlic powder and Italian seasoning.</li><li>Bake for 12-15 minutes or until golden brown.</li><li>Serve warm with marinara sauce for dipping.</li></ol></div><div style="background:#fff3f3;padding:15px;border-radius:8px;border-left:4px solid #E60023;"><p><strong>📌 Pinterest Tags:</strong> #cat1761230749334 #easyrecipe #1hourmeals #recipe #cooking #foodie #homemade #delicious #pound #shredded #marinara</p></div><div style="text-align:center;margin-top:30px;padding:20px;background:#E60023;color:white;border-radius:8px;"><p style="margin:0;"><strong>📌 Save this recipe to Pinterest!</strong></p><p style="margin:5px 0 0 0;">Perfect for meal planning and sharing with friends</p></div></div>]]></content:encoded>
      <media:content url="http://www.lummyrecipes.com/recipes/cheesy-breadstick-bones/images/cheesy-breadstick-bones_image_4.webp" medium="image" type="image/webp">
        <media:title>Cheesy Breadstick Bones</media:title>
        <media:description>Get ready to impress your guests with these fun and cheesy Breadstick Bones! Perfect for Halloween, these savory treats are not only easy to make but also pair wonderfully with marinara sauce for dipping.</media:description>
      </media:content>
      <media:group>
        <media:category>recipe</media:category>
        <media:keywords>cat1761230749334, easyrecipe, 1hourmeals, recipe, cooking, foodie, homemade, delicious, pound, shredded, marinara</media:keywords>
      </media:group>
    </item>
    <item>
      <title>Spooky Ghost Mac and Cheese</title>
      <link>http://www.lummyrecipes.com/base.html?page=recipe-detail&amp;recipe=spooky-ghost-mac-and-cheese</link>
      <description>Transform your classic mac and cheese into a Halloween delight with spooky ghost-shaped mozzarella. This dish is not only fun but also incredibly creamy and comforting, making it perfect for Halloween gatherings or a cozy night in.</description>
      <pubDate>Mon, 27 Oct 2025 17:20:06 +0100</pubDate>
      <guid isPermaLink="true">http://www.lummyrecipes.com/base.html?page=recipe-detail&amp;recipe=spooky-ghost-mac-and-cheese</guid>
      <category>cat_1761230749_334</category>
      <dc:creator>author_001</dc:creator>
      <content:encoded><![CDATA[<div class="recipe-content" style="font-family: Arial, sans-serif; max-width: 600px;"><img src="http://www.lummyrecipes.com/recipes/spooky-ghost-mac-and-cheese/images/spooky-ghost-mac-and-cheese_image_4.webp" alt="Spooky Ghost Mac and Cheese" style="width:100%;max-width:600px;height:auto;border-radius:8px;margin-bottom:20px;"><div style="background:#f8f9fa;padding:15px;border-radius:8px;margin-bottom:20px;"><p style="margin:5px 0;"><strong>⏱️ Prep Time:</strong> 15 minutes</p><p style="margin:5px 0;"><strong>🍳 Cook Time:</strong> 30 minutes</p><p style="margin:5px 0;"><strong>⏰ Total Time:</strong> 45 minutes</p><p style="margin:5px 0;"><strong>🍽️ Servings:</strong> 6</p><p style="margin:5px 0;"><strong>📊 Difficulty:</strong> Easy</p></div><div style="margin-bottom:30px;"><h3 style="color:#E60023;border-bottom:2px solid #E60023;padding-bottom:5px;">🥘 Ingredients</h3><ul style="line-height:1.8;"><li>8 ounces elbow macaroni</li><li>2 tablespoons butter</li><li>2 tablespoons all-purpose flour</li><li>2 cups milk</li><li>2 cups shredded cheddar cheese</li><li>1 cup mozzarella cheese, cut into ghost shapes</li><li>Salt and pepper to taste</li></ul></div><div style="margin-bottom:30px;"><h3 style="color:#E60023;border-bottom:2px solid #E60023;padding-bottom:5px;">👩‍🍳 Instructions</h3><ol style="line-height:1.8;"><li>Cook macaroni according to package instructions; drain and set aside.</li><li>In a large saucepan, melt butter over medium heat. Stir in flour and cook for 1 minute.</li><li>Gradually whisk in milk, cooking until thickened. Stir in cheddar cheese until melted.</li><li>Combine the cooked macaroni with the cheese sauce, season with salt and pepper.</li><li>Transfer to a baking dish, top with ghost-shaped mozzarella, and bake at 350°F for 15 minutes until bubbly.</li></ol></div><div style="background:#fff3f3;padding:15px;border-radius:8px;border-left:4px solid #E60023;"><p><strong>📌 Pinterest Tags:</strong> #cat1761230749334 #easyrecipe #1hourmeals #recipe #cooking #foodie #homemade #delicious #elbow #butter #allpurpose</p></div><div style="text-align:center;margin-top:30px;padding:20px;background:#E60023;color:white;border-radius:8px;"><p style="margin:0;"><strong>📌 Save this recipe to Pinterest!</strong></p><p style="margin:5px 0 0 0;">Perfect for meal planning and sharing with friends</p></div></div>]]></content:encoded>
      <media:content url="http://www.lummyrecipes.com/recipes/spooky-ghost-mac-and-cheese/images/spooky-ghost-mac-and-cheese_image_4.webp" medium="image" type="image/webp">
        <media:title>Spooky Ghost Mac and Cheese</media:title>
        <media:description>Transform your classic mac and cheese into a Halloween delight with spooky ghost-shaped mozzarella. This dish is not only fun but also incredibly creamy and comforting, making it perfect for Halloween gatherings or a cozy night in.</media:description>
      </media:content>
      <media:group>
        <media:category>recipe</media:category>
        <media:keywords>cat1761230749334, easyrecipe, 1hourmeals, recipe, cooking, foodie, homemade, delicious, elbow, butter, allpurpose</media:keywords>
      </media:group>
    </item>
    <item>
      <title>Halloween Mini Pizzas</title>
      <link>http://www.lummyrecipes.com/base.html?page=recipe-detail&amp;recipe=halloween-mini-pizzas-1</link>
      <description>Transform ordinary mini pizzas into adorable Halloween-themed snacks that are perfect for any spooky gathering. These easy treats are not only fun to make but also delicious, making them a hit at Halloween parties!</description>
      <pubDate>Sun, 26 Oct 2025 23:59:45 +0100</pubDate>
      <guid isPermaLink="true">http://www.lummyrecipes.com/base.html?page=recipe-detail&amp;recipe=halloween-mini-pizzas-1</guid>
      <category>cat_1761230749_334</category>
      <dc:creator>author_001</dc:creator>
      <content:encoded><![CDATA[<div class="recipe-content" style="font-family: Arial, sans-serif; max-width: 600px;"><img src="http://www.lummyrecipes.com/recipes/halloween-mini-pizzas-1/images/halloween-mini-pizzas-1_image_4.webp" alt="Halloween Mini Pizzas" style="width:100%;max-width:600px;height:auto;border-radius:8px;margin-bottom:20px;"><div style="background:#f8f9fa;padding:15px;border-radius:8px;margin-bottom:20px;"><p style="margin:5px 0;"><strong>⏱️ Prep Time:</strong> 15 minutes</p><p style="margin:5px 0;"><strong>🍳 Cook Time:</strong> 12 minutes</p><p style="margin:5px 0;"><strong>⏰ Total Time:</strong> 27 minutes</p><p style="margin:5px 0;"><strong>🍽️ Servings:</strong> 4</p><p style="margin:5px 0;"><strong>📊 Difficulty:</strong> Easy</p></div><div style="margin-bottom:30px;"><h3 style="color:#E60023;border-bottom:2px solid #E60023;padding-bottom:5px;">🥘 Ingredients</h3><ul style="line-height:1.8;"><li>Mini pizza bases</li><li>Olive oil</li><li>Mozzarella cheese</li><li>Pepper jack cheese</li><li>Olives</li><li>Tomato sauce</li><li>Bell peppers</li></ul></div><div style="margin-bottom:30px;"><h3 style="color:#E60023;border-bottom:2px solid #E60023;padding-bottom:5px;">👩‍🍳 Instructions</h3><ol style="line-height:1.8;"><li>Preheat the oven to 400°F (200°C).</li><li>Brush mini pizza bases with olive oil.</li><li>Spread a layer of tomato sauce on each base.</li><li>Decorate with mozzarella cheese to create mummies, olives for spiders, and bell peppers for jack-o'-lanterns.</li><li>Bake in the oven for 10-12 minutes until the cheese is melted and bubbly.</li></ol></div><div style="background:#fff3f3;padding:15px;border-radius:8px;border-left:4px solid #E60023;"><p><strong>📌 Pinterest Tags:</strong> #cat1761230749334 #easyrecipe #quickrecipe #30minutemeals #recipe #cooking #foodie #homemade #delicious #pizza #olive #mozzarella</p></div><div style="text-align:center;margin-top:30px;padding:20px;background:#E60023;color:white;border-radius:8px;"><p style="margin:0;"><strong>📌 Save this recipe to Pinterest!</strong></p><p style="margin:5px 0 0 0;">Perfect for meal planning and sharing with friends</p></div></div>]]></content:encoded>
      <media:content url="http://www.lummyrecipes.com/recipes/halloween-mini-pizzas-1/images/halloween-mini-pizzas-1_image_4.webp" medium="image" type="image/webp">
        <media:title>Halloween Mini Pizzas</media:title>
        <media:description>Transform ordinary mini pizzas into adorable Halloween-themed snacks that are perfect for any spooky gathering. These easy treats are not only fun to make but also delicious, making them a hit at Halloween parties!</media:description>
      </media:content>
      <media:group>
        <media:category>recipe</media:category>
        <media:keywords>cat1761230749334, easyrecipe, quickrecipe, 30minutemeals, recipe, cooking, foodie, homemade, delicious, pizza, olive, mozzarella</media:keywords>
      </media:group>
    </item>
    <item>
      <title>Halloween Pizza Ideas</title>
      <link>http://www.lummyrecipes.com/base.html?page=recipe-detail&amp;recipe=halloween-pizza-ideas</link>
      <description>Get ready for a spooktacular celebration with these fun Halloween pizza ideas that will delight both kids and adults alike! Each recipe is a creative twist on traditional pizza, making it perfect for your Halloween festivities.</description>
      <pubDate>Sun, 26 Oct 2025 23:53:57 +0100</pubDate>
      <guid isPermaLink="true">http://www.lummyrecipes.com/base.html?page=recipe-detail&amp;recipe=halloween-pizza-ideas</guid>
      <category>cat_1761230749_334</category>
      <dc:creator>author_001</dc:creator>
      <content:encoded><![CDATA[<div class="recipe-content" style="font-family: Arial, sans-serif; max-width: 600px;"><img src="http://www.lummyrecipes.com/recipes/halloween-pizza-ideas/images/halloween-pizza-ideas_image_4.webp" alt="Halloween Pizza Ideas" style="width:100%;max-width:600px;height:auto;border-radius:8px;margin-bottom:20px;"><div style="background:#f8f9fa;padding:15px;border-radius:8px;margin-bottom:20px;"><p style="margin:5px 0;"><strong>⏱️ Prep Time:</strong> 15 minutes</p><p style="margin:5px 0;"><strong>🍳 Cook Time:</strong> 30 minutes</p><p style="margin:5px 0;"><strong>⏰ Total Time:</strong> 45 minutes</p><p style="margin:5px 0;"><strong>🍽️ Servings:</strong> 4</p><p style="margin:5px 0;"><strong>📊 Difficulty:</strong> Medium</p></div><div style="margin-bottom:30px;"><h3 style="color:#E60023;border-bottom:2px solid #E60023;padding-bottom:5px;">🥘 Ingredients</h3><ul style="line-height:1.8;"><li>1 pound pizza dough</li><li>1 cup pizza sauce</li><li>2 cups shredded mozzarella cheese</li><li>Black olives for decoration</li><li>Pepperoni slices</li><li>Bell peppers for spooky shapes</li></ul></div><div style="margin-bottom:30px;"><h3 style="color:#E60023;border-bottom:2px solid #E60023;padding-bottom:5px;">👩‍🍳 Instructions</h3><ol style="line-height:1.8;"><li>Preheat your oven to 475°F (245°C).</li><li>Roll out the pizza dough on a floured surface to your desired thickness.</li><li>Spread pizza sauce evenly over the dough.</li><li>Sprinkle shredded mozzarella cheese generously on top.</li><li>Use black olives and pepperoni to create spooky faces or shapes.</li><li>Cut bell peppers into Halloween-themed shapes and place them on the pizza.</li><li>Bake in the preheated oven for 12-15 minutes or until the crust is golden and cheese is bubbly.</li></ol></div><div style="background:#fff3f3;padding:15px;border-radius:8px;border-left:4px solid #E60023;"><p><strong>📌 Pinterest Tags:</strong> #cat1761230749334 #mediumrecipe #1hourmeals #recipe #cooking #foodie #homemade #delicious #pound #pizza #shredded</p></div><div style="text-align:center;margin-top:30px;padding:20px;background:#E60023;color:white;border-radius:8px;"><p style="margin:0;"><strong>📌 Save this recipe to Pinterest!</strong></p><p style="margin:5px 0 0 0;">Perfect for meal planning and sharing with friends</p></div></div>]]></content:encoded>
      <media:content url="http://www.lummyrecipes.com/recipes/halloween-pizza-ideas/images/halloween-pizza-ideas_image_4.webp" medium="image" type="image/webp">
        <media:title>Halloween Pizza Ideas</media:title>
        <media:description>Get ready for a spooktacular celebration with these fun Halloween pizza ideas that will delight both kids and adults alike! Each recipe is a creative twist on traditional pizza, making it perfect for your Halloween festivities.</media:description>
      </media:content>
      <media:group>
        <media:category>recipe</media:category>
        <media:keywords>cat1761230749334, mediumrecipe, 1hourmeals, recipe, cooking, foodie, homemade, delicious, pound, pizza, shredded</media:keywords>
      </media:group>
    </item>
    <item>
      <title>Easy Halloween Food Appetizers</title>
      <link>http://www.lummyrecipes.com/base.html?page=recipe-detail&amp;recipe=easy-halloween-food-appetizers</link>
      <description>Get ready to impress your guests with these fun and spooky Halloween appetizers that are easy to make and sure to delight. Perfect for setting the mood at your Halloween party!</description>
      <pubDate>Sun, 26 Oct 2025 23:53:18 +0100</pubDate>
      <guid isPermaLink="true">http://www.lummyrecipes.com/base.html?page=recipe-detail&amp;recipe=easy-halloween-food-appetizers</guid>
      <category>cat_1761230749_334</category>
      <dc:creator>author_001</dc:creator>
      <content:encoded><![CDATA[<div class="recipe-content" style="font-family: Arial, sans-serif; max-width: 600px;"><img src="http://www.lummyrecipes.com/recipes/easy-halloween-food-appetizers/images/easy-halloween-food-appetizers_image_4.webp" alt="Easy Halloween Food Appetizers" style="width:100%;max-width:600px;height:auto;border-radius:8px;margin-bottom:20px;"><div style="background:#f8f9fa;padding:15px;border-radius:8px;margin-bottom:20px;"><p style="margin:5px 0;"><strong>⏱️ Prep Time:</strong> 15 minutes</p><p style="margin:5px 0;"><strong>🍳 Cook Time:</strong> 30 minutes</p><p style="margin:5px 0;"><strong>⏰ Total Time:</strong> 45 minutes</p><p style="margin:5px 0;"><strong>🍽️ Servings:</strong> 4</p><p style="margin:5px 0;"><strong>📊 Difficulty:</strong> Easy</p></div><div style="margin-bottom:30px;"><h3 style="color:#E60023;border-bottom:2px solid #E60023;padding-bottom:5px;">🥘 Ingredients</h3><ul style="line-height:1.8;"><li>1 pound shrimp peeled and deveined</li><li>2 tablespoons olive oil</li></ul></div><div style="margin-bottom:30px;"><h3 style="color:#E60023;border-bottom:2px solid #E60023;padding-bottom:5px;">👩‍🍳 Instructions</h3><ol style="line-height:1.8;"><li>Heat olive oil in large skillet over medium heat</li><li>Add shrimp and cook 2-3 minutes per side until pink</li></ol></div><div style="background:#fff3f3;padding:15px;border-radius:8px;border-left:4px solid #E60023;"><p><strong>📌 Pinterest Tags:</strong> #cat1761230749334 #easyrecipe #1hourmeals #recipe #cooking #foodie #homemade #delicious #pound #olive</p></div><div style="text-align:center;margin-top:30px;padding:20px;background:#E60023;color:white;border-radius:8px;"><p style="margin:0;"><strong>📌 Save this recipe to Pinterest!</strong></p><p style="margin:5px 0 0 0;">Perfect for meal planning and sharing with friends</p></div></div>]]></content:encoded>
      <media:content url="http://www.lummyrecipes.com/recipes/easy-halloween-food-appetizers/images/easy-halloween-food-appetizers_image_4.webp" medium="image" type="image/webp">
        <media:title>Easy Halloween Food Appetizers</media:title>
        <media:description>Get ready to impress your guests with these fun and spooky Halloween appetizers that are easy to make and sure to delight. Perfect for setting the mood at your Halloween party!</media:description>
      </media:content>
      <media:group>
        <media:category>recipe</media:category>
        <media:keywords>cat1761230749334, easyrecipe, 1hourmeals, recipe, cooking, foodie, homemade, delicious, pound, olive</media:keywords>
      </media:group>
    </item>
    <item>
      <title>Crispy Air Fryer Apple Fries</title>
      <link>http://www.lummyrecipes.com/base.html?page=recipe-detail&amp;recipe=crispy-air-fryer-apple-fries</link>
      <description>These Crispy Air Fryer Apple Fries are a delightful twist on a classic treat, combining the sweetness of fresh apples with a crunchy, spiced coating. Perfect for snacking or as a fun dessert, they are sure to please everyone!</description>
      <pubDate>Sun, 26 Oct 2025 14:54:54 +0100</pubDate>
      <guid isPermaLink="true">http://www.lummyrecipes.com/base.html?page=recipe-detail&amp;recipe=crispy-air-fryer-apple-fries</guid>
      <category>cat_1761230749_334</category>
      <dc:creator>author_001</dc:creator>
      <content:encoded><![CDATA[<div class="recipe-content" style="font-family: Arial, sans-serif; max-width: 600px;"><img src="http://www.lummyrecipes.com/recipes/crispy-air-fryer-apple-fries/images/crispy-air-fryer-apple-fries_image_4.webp" alt="Crispy Air Fryer Apple Fries" style="width:100%;max-width:600px;height:auto;border-radius:8px;margin-bottom:20px;"><div style="background:#f8f9fa;padding:15px;border-radius:8px;margin-bottom:20px;"><p style="margin:5px 0;"><strong>⏱️ Prep Time:</strong> 15 minutes</p><p style="margin:5px 0;"><strong>🍳 Cook Time:</strong> 15 minutes</p><p style="margin:5px 0;"><strong>⏰ Total Time:</strong> 30 minutes</p><p style="margin:5px 0;"><strong>🍽️ Servings:</strong> 4</p><p style="margin:5px 0;"><strong>📊 Difficulty:</strong> Easy</p></div><div style="margin-bottom:30px;"><h3 style="color:#E60023;border-bottom:2px solid #E60023;padding-bottom:5px;">🥘 Ingredients</h3><ul style="line-height:1.8;"><li>4 medium apples, sliced</li><li>1 cup breadcrumbs</li><li>1 teaspoon cinnamon</li><li>1 tablespoon sugar</li><li>1 tablespoon olive oil</li><li>Caramel sauce or vanilla yogurt for dipping</li></ul></div><div style="margin-bottom:30px;"><h3 style="color:#E60023;border-bottom:2px solid #E60023;padding-bottom:5px;">👩‍🍳 Instructions</h3><ol style="line-height:1.8;"><li>Preheat the air fryer to 375°F (190°C).</li><li>In a bowl, mix breadcrumbs, cinnamon, and sugar.</li><li>Coat apple slices with olive oil, then dip into the breadcrumb mixture until well coated.</li><li>Place the coated apple slices in the air fryer basket in a single layer.</li><li>Air fry for 10-12 minutes, flipping halfway through, until golden and crispy.</li><li>Serve warm with caramel sauce or vanilla yogurt for dipping.</li></ol></div><div style="background:#fff3f3;padding:15px;border-radius:8px;border-left:4px solid #E60023;"><p><strong>📌 Pinterest Tags:</strong> #cat1761230749334 #easyrecipe #quickrecipe #30minutemeals #recipe #cooking #foodie #homemade #delicious #medium #breadcrumbs #teaspoon</p></div><div style="text-align:center;margin-top:30px;padding:20px;background:#E60023;color:white;border-radius:8px;"><p style="margin:0;"><strong>📌 Save this recipe to Pinterest!</strong></p><p style="margin:5px 0 0 0;">Perfect for meal planning and sharing with friends</p></div></div>]]></content:encoded>
      <media:content url="http://www.lummyrecipes.com/recipes/crispy-air-fryer-apple-fries/images/crispy-air-fryer-apple-fries_image_4.webp" medium="image" type="image/webp">
        <media:title>Crispy Air Fryer Apple Fries</media:title>
        <media:description>These Crispy Air Fryer Apple Fries are a delightful twist on a classic treat, combining the sweetness of fresh apples with a crunchy, spiced coating. Perfect for snacking or as a fun dessert, they are sure to please everyone!</media:description>
      </media:content>
      <media:group>
        <media:category>recipe</media:category>
        <media:keywords>cat1761230749334, easyrecipe, quickrecipe, 30minutemeals, recipe, cooking, foodie, homemade, delicious, medium, breadcrumbs, teaspoon</media:keywords>
      </media:group>
    </item>
    <item>
      <title>Crispy Air Fryer Pizza Rolls</title>
      <link>http://www.lummyrecipes.com/base.html?page=recipe-detail&amp;recipe=crispy-air-fryer-pizza-rolls-1</link>
      <description>Indulge in the ultimate snack experience with these crispy air fryer pizza rolls! Perfectly golden and bursting with flavor, they offer a satisfying crunch in every delicious bite.</description>
      <pubDate>Sun, 26 Oct 2025 01:40:18 +0200</pubDate>
      <guid isPermaLink="true">http://www.lummyrecipes.com/base.html?page=recipe-detail&amp;recipe=crispy-air-fryer-pizza-rolls-1</guid>
      <category>cat_1761230749_334</category>
      <dc:creator>author_001</dc:creator>
      <content:encoded><![CDATA[<div class="recipe-content" style="font-family: Arial, sans-serif; max-width: 600px;"><img src="http://www.lummyrecipes.com/recipes/crispy-air-fryer-pizza-rolls-1/images/crispy-air-fryer-pizza-rolls-1_image_4.webp" alt="Crispy Air Fryer Pizza Rolls" style="width:100%;max-width:600px;height:auto;border-radius:8px;margin-bottom:20px;"><div style="background:#f8f9fa;padding:15px;border-radius:8px;margin-bottom:20px;"><p style="margin:5px 0;"><strong>⏱️ Prep Time:</strong> 15 minutes</p><p style="margin:5px 0;"><strong>🍳 Cook Time:</strong> 25 minutes</p><p style="margin:5px 0;"><strong>⏰ Total Time:</strong> 40 minutes</p><p style="margin:5px 0;"><strong>🍽️ Servings:</strong> 4</p><p style="margin:5px 0;"><strong>📊 Difficulty:</strong> Easy</p></div><div style="margin-bottom:30px;"><h3 style="color:#E60023;border-bottom:2px solid #E60023;padding-bottom:5px;">🥘 Ingredients</h3><ul style="line-height:1.8;"><li>1 package pizza dough</li><li>1 cup mozzarella cheese, shredded</li><li>1/2 cup pepperoni, chopped</li><li>1/4 cup pizza sauce</li><li>1 tablespoon olive oil</li><li>1 teaspoon Italian seasoning</li></ul></div><div style="margin-bottom:30px;"><h3 style="color:#E60023;border-bottom:2px solid #E60023;padding-bottom:5px;">👩‍🍳 Instructions</h3><ol style="line-height:1.8;"><li>Preheat the air fryer to 375°F (190°C).</li><li>Roll out the pizza dough and cut it into squares.</li><li>Place a small amount of mozzarella cheese, pepperoni, and a dollop of pizza sauce in the center of each square.</li><li>Fold the dough over to create a pocket and seal the edges tightly.</li><li>Brush the tops with olive oil and sprinkle with Italian seasoning.</li><li>Place the rolls in the air fryer basket in a single layer and cook for 10-12 minutes until golden brown.</li></ol></div><div style="background:#fff3f3;padding:15px;border-radius:8px;border-left:4px solid #E60023;"><p><strong>📌 Pinterest Tags:</strong> #cat1761230749334 #easyrecipe #1hourmeals #recipe #cooking #foodie #homemade #delicious #package #mozzarella #pepperoni</p></div><div style="text-align:center;margin-top:30px;padding:20px;background:#E60023;color:white;border-radius:8px;"><p style="margin:0;"><strong>📌 Save this recipe to Pinterest!</strong></p><p style="margin:5px 0 0 0;">Perfect for meal planning and sharing with friends</p></div></div>]]></content:encoded>
      <media:content url="http://www.lummyrecipes.com/recipes/crispy-air-fryer-pizza-rolls-1/images/crispy-air-fryer-pizza-rolls-1_image_4.webp" medium="image" type="image/webp">
        <media:title>Crispy Air Fryer Pizza Rolls</media:title>
        <media:description>Indulge in the ultimate snack experience with these crispy air fryer pizza rolls! Perfectly golden and bursting with flavor, they offer a satisfying crunch in every delicious bite.</media:description>
      </media:content>
      <media:group>
        <media:category>recipe</media:category>
        <media:keywords>cat1761230749334, easyrecipe, 1hourmeals, recipe, cooking, foodie, homemade, delicious, package, mozzarella, pepperoni</media:keywords>
      </media:group>
    </item>
    <item>
      <title>Garlic Butter Chicken Bites with Creamy Pasta</title>
      <link>http://www.lummyrecipes.com/base.html?page=recipe-detail&amp;recipe=garlic-butter-chicken-bites-with-creamy-pasta</link>
      <description>Experience the perfect balance of flavors with these savory garlic butter chicken bites paired with creamy parmesan pasta. This dish is a comforting delight that's perfect for family dinners or meal prep.</description>
      <pubDate>Sun, 26 Oct 2025 00:49:42 +0200</pubDate>
      <guid isPermaLink="true">http://www.lummyrecipes.com/base.html?page=recipe-detail&amp;recipe=garlic-butter-chicken-bites-with-creamy-pasta</guid>
      <category>cat_1761230749_334</category>
      <dc:creator>author_001</dc:creator>
      <content:encoded><![CDATA[<div class="recipe-content" style="font-family: Arial, sans-serif; max-width: 600px;"><img src="http://www.lummyrecipes.com/recipes/garlic-butter-chicken-bites-with-creamy-pasta/images/garlic-butter-chicken-bites-with-creamy-pasta_image_4.webp" alt="Garlic Butter Chicken Bites with Creamy Pasta" style="width:100%;max-width:600px;height:auto;border-radius:8px;margin-bottom:20px;"><div style="background:#f8f9fa;padding:15px;border-radius:8px;margin-bottom:20px;"><p style="margin:5px 0;"><strong>⏱️ Prep Time:</strong> 15 minutes</p><p style="margin:5px 0;"><strong>🍳 Cook Time:</strong> 30 minutes</p><p style="margin:5px 0;"><strong>⏰ Total Time:</strong> 45 minutes</p><p style="margin:5px 0;"><strong>🍽️ Servings:</strong> 4</p><p style="margin:5px 0;"><strong>📊 Difficulty:</strong> Easy</p></div><div style="margin-bottom:30px;"><h3 style="color:#E60023;border-bottom:2px solid #E60023;padding-bottom:5px;">🥘 Ingredients</h3><ul style="line-height:1.8;"><li>1 pound chicken breast, cut into bite-sized pieces</li><li>2 tablespoons garlic, minced</li><li>4 tablespoons butter</li><li>1 cup heavy cream</li><li>1 cup parmesan cheese, grated</li><li>Salt and pepper to taste</li><li>8 ounces pasta of your choice</li></ul></div><div style="margin-bottom:30px;"><h3 style="color:#E60023;border-bottom:2px solid #E60023;padding-bottom:5px;">👩‍🍳 Instructions</h3><ol style="line-height:1.8;"><li>Cook pasta according to package instructions; drain and set aside.</li><li>In a large skillet, melt butter over medium heat and add minced garlic.</li><li>Add chicken pieces, season with salt and pepper, and cook until golden brown and cooked through, about 5-7 minutes.</li><li>Stir in heavy cream and parmesan cheese, cooking until the sauce thickens.</li><li>Combine cooked pasta with the chicken and sauce, mixing well to coat.</li></ol></div><div style="background:#fff3f3;padding:15px;border-radius:8px;border-left:4px solid #E60023;"><p><strong>📌 Pinterest Tags:</strong> #cat1761230749334 #easyrecipe #1hourmeals #recipe #cooking #foodie #homemade #delicious #pound #garlic #butter</p></div><div style="text-align:center;margin-top:30px;padding:20px;background:#E60023;color:white;border-radius:8px;"><p style="margin:0;"><strong>📌 Save this recipe to Pinterest!</strong></p><p style="margin:5px 0 0 0;">Perfect for meal planning and sharing with friends</p></div></div>]]></content:encoded>
      <media:content url="http://www.lummyrecipes.com/recipes/garlic-butter-chicken-bites-with-creamy-pasta/images/garlic-butter-chicken-bites-with-creamy-pasta_image_4.webp" medium="image" type="image/webp">
        <media:title>Garlic Butter Chicken Bites with Creamy Pasta</media:title>
        <media:description>Experience the perfect balance of flavors with these savory garlic butter chicken bites paired with creamy parmesan pasta. This dish is a comforting delight that's perfect for family dinners or meal prep.</media:description>
      </media:content>
      <media:group>
        <media:category>recipe</media:category>
        <media:keywords>cat1761230749334, easyrecipe, 1hourmeals, recipe, cooking, foodie, homemade, delicious, pound, garlic, butter</media:keywords>
      </media:group>
    </item>
    <item>
      <title>Crispy Air Fryer Pizza Rolls</title>
      <link>http://www.lummyrecipes.com/base.html?page=recipe-detail&amp;recipe=crispy-air-fryer-pizza-rolls</link>
      <description>Indulge in the ultimate snack experience with these crispy air fryer pizza rolls! Perfectly golden and bursting with flavor, they offer a healthier twist on a classic favorite that your taste buds will adore.</description>
      <pubDate>Sun, 26 Oct 2025 00:49:16 +0200</pubDate>
      <guid isPermaLink="true">http://www.lummyrecipes.com/base.html?page=recipe-detail&amp;recipe=crispy-air-fryer-pizza-rolls</guid>
      <category>cat_1761230749_334</category>
      <dc:creator>author_001</dc:creator>
      <content:encoded><![CDATA[<div class="recipe-content" style="font-family: Arial, sans-serif; max-width: 600px;"><img src="http://www.lummyrecipes.com/recipes/crispy-air-fryer-pizza-rolls/images/crispy-air-fryer-pizza-rolls_image_4.webp" alt="Crispy Air Fryer Pizza Rolls" style="width:100%;max-width:600px;height:auto;border-radius:8px;margin-bottom:20px;"><div style="background:#f8f9fa;padding:15px;border-radius:8px;margin-bottom:20px;"><p style="margin:5px 0;"><strong>⏱️ Prep Time:</strong> 15 minutes</p><p style="margin:5px 0;"><strong>🍳 Cook Time:</strong> 25 minutes</p><p style="margin:5px 0;"><strong>⏰ Total Time:</strong> 40 minutes</p><p style="margin:5px 0;"><strong>🍽️ Servings:</strong> 4</p><p style="margin:5px 0;"><strong>📊 Difficulty:</strong> Easy</p></div><div style="margin-bottom:30px;"><h3 style="color:#E60023;border-bottom:2px solid #E60023;padding-bottom:5px;">🥘 Ingredients</h3><ul style="line-height:1.8;"><li>1 package pizza dough</li><li>1 cup mozzarella cheese, shredded</li><li>1/2 cup pepperoni, chopped</li><li>1/4 cup pizza sauce</li><li>1 tablespoon olive oil</li><li>1 teaspoon Italian seasoning</li></ul></div><div style="margin-bottom:30px;"><h3 style="color:#E60023;border-bottom:2px solid #E60023;padding-bottom:5px;">👩‍🍳 Instructions</h3><ol style="line-height:1.8;"><li>Preheat the air fryer to 375°F (190°C).</li><li>Roll out the pizza dough and cut it into squares.</li><li>Place a small amount of mozzarella cheese, pepperoni, and a teaspoon of pizza sauce in the center of each square.</li><li>Fold the dough over to create a pocket and seal the edges.</li><li>Brush the tops with olive oil and sprinkle Italian seasoning.</li><li>Place the rolls in the air fryer basket in a single layer and cook for 10-12 minutes until golden brown.</li></ol></div><div style="background:#fff3f3;padding:15px;border-radius:8px;border-left:4px solid #E60023;"><p><strong>📌 Pinterest Tags:</strong> #cat1761230749334 #easyrecipe #1hourmeals #recipe #cooking #foodie #homemade #delicious #package #mozzarella #pepperoni</p></div><div style="text-align:center;margin-top:30px;padding:20px;background:#E60023;color:white;border-radius:8px;"><p style="margin:0;"><strong>📌 Save this recipe to Pinterest!</strong></p><p style="margin:5px 0 0 0;">Perfect for meal planning and sharing with friends</p></div></div>]]></content:encoded>
      <media:content url="http://www.lummyrecipes.com/recipes/crispy-air-fryer-pizza-rolls/images/crispy-air-fryer-pizza-rolls_image_4.webp" medium="image" type="image/webp">
        <media:title>Crispy Air Fryer Pizza Rolls</media:title>
        <media:description>Indulge in the ultimate snack experience with these crispy air fryer pizza rolls! Perfectly golden and bursting with flavor, they offer a healthier twist on a classic favorite that your taste buds will adore.</media:description>
      </media:content>
      <media:group>
        <media:category>recipe</media:category>
        <media:keywords>cat1761230749334, easyrecipe, 1hourmeals, recipe, cooking, foodie, homemade, delicious, package, mozzarella, pepperoni</media:keywords>
      </media:group>
    </item>
    <item>
      <title>Cheesy Pepperoni Roll-Ups</title>
      <link>http://www.lummyrecipes.com/base.html?page=recipe-detail&amp;recipe=cheesy-pepperoni-roll-ups</link>
      <description>These Cheesy Pepperoni Roll-Ups are the ultimate quick snack, combining gooey cheese and savory pepperoni wrapped in flaky crescent dough. Perfect for game day or a cozy movie night, they're sure to please everyone!</description>
      <pubDate>Fri, 24 Oct 2025 19:41:21 +0200</pubDate>
      <guid isPermaLink="true">http://www.lummyrecipes.com/base.html?page=recipe-detail&amp;recipe=cheesy-pepperoni-roll-ups</guid>
      <category>cat_1761230749_334</category>
      <dc:creator>author_001</dc:creator>
      <content:encoded><![CDATA[<div class="recipe-content" style="font-family: Arial, sans-serif; max-width: 600px;"><img src="http://www.lummyrecipes.com/recipes/cheesy-pepperoni-roll-ups/images/cheesy-pepperoni-roll-ups_image_4.webp" alt="Cheesy Pepperoni Roll-Ups" style="width:100%;max-width:600px;height:auto;border-radius:8px;margin-bottom:20px;"><div style="background:#f8f9fa;padding:15px;border-radius:8px;margin-bottom:20px;"><p style="margin:5px 0;"><strong>⏱️ Prep Time:</strong> 15 minutes</p><p style="margin:5px 0;"><strong>🍳 Cook Time:</strong> 10 minutes</p><p style="margin:5px 0;"><strong>⏰ Total Time:</strong> 25 minutes</p><p style="margin:5px 0;"><strong>🍽️ Servings:</strong> 4</p><p style="margin:5px 0;"><strong>📊 Difficulty:</strong> Easy</p></div><div style="margin-bottom:30px;"><h3 style="color:#E60023;border-bottom:2px solid #E60023;padding-bottom:5px;">🥘 Ingredients</h3><ul style="line-height:1.8;"><li>1 can crescent roll dough</li><li>1 cup pepperoni slices</li><li>1 cup shredded mozzarella cheese</li></ul></div><div style="margin-bottom:30px;"><h3 style="color:#E60023;border-bottom:2px solid #E60023;padding-bottom:5px;">👩‍🍳 Instructions</h3><ol style="line-height:1.8;"><li>Preheat the oven to 375°F (190°C).</li><li>Unroll the crescent roll dough and separate it into triangles.</li><li>Place a few pepperoni slices and a sprinkle of cheese on each triangle.</li><li>Roll up the dough starting from the wide end to the point.</li><li>Place the roll-ups on a baking sheet and bake for 10-12 minutes until golden brown.</li></ol></div><div style="background:#fff3f3;padding:15px;border-radius:8px;border-left:4px solid #E60023;"><p><strong>📌 Pinterest Tags:</strong> #cat1761230749334 #easyrecipe #quickrecipe #30minutemeals #recipe #cooking #foodie #homemade #delicious #crescent #pepperoni #shredded</p></div><div style="text-align:center;margin-top:30px;padding:20px;background:#E60023;color:white;border-radius:8px;"><p style="margin:0;"><strong>📌 Save this recipe to Pinterest!</strong></p><p style="margin:5px 0 0 0;">Perfect for meal planning and sharing with friends</p></div></div>]]></content:encoded>
      <media:content url="http://www.lummyrecipes.com/recipes/cheesy-pepperoni-roll-ups/images/cheesy-pepperoni-roll-ups_image_4.webp" medium="image" type="image/webp">
        <media:title>Cheesy Pepperoni Roll-Ups</media:title>
        <media:description>These Cheesy Pepperoni Roll-Ups are the ultimate quick snack, combining gooey cheese and savory pepperoni wrapped in flaky crescent dough. Perfect for game day or a cozy movie night, they're sure to please everyone!</media:description>
      </media:content>
      <media:group>
        <media:category>recipe</media:category>
        <media:keywords>cat1761230749334, easyrecipe, quickrecipe, 30minutemeals, recipe, cooking, foodie, homemade, delicious, crescent, pepperoni, shredded</media:keywords>
      </media:group>
    </item>
    <item>
      <title>Crescent Roll Pizza Bites</title>
      <link>http://www.lummyrecipes.com/base.html?page=recipe-detail&amp;recipe=crescent-roll-pizza-bites</link>
      <description>These Crescent Roll Pizza Bites are the ultimate crowd-pleaser, combining gooey mozzarella, savory pepperoni, and zesty sauce all wrapped in flaky crescents. Perfect for game days or quick snacks, they are easy to make and utterly delicious!</description>
      <pubDate>Fri, 24 Oct 2025 17:34:17 +0200</pubDate>
      <guid isPermaLink="true">http://www.lummyrecipes.com/base.html?page=recipe-detail&amp;recipe=crescent-roll-pizza-bites</guid>
      <category>cat_1761230749_334</category>
      <dc:creator>author_001</dc:creator>
      <content:encoded><![CDATA[<div class="recipe-content" style="font-family: Arial, sans-serif; max-width: 600px;"><img src="http://www.lummyrecipes.com/recipes/crescent-roll-pizza-bites/images/crescent-roll-pizza-bites_image_4.webp" alt="Crescent Roll Pizza Bites" style="width:100%;max-width:600px;height:auto;border-radius:8px;margin-bottom:20px;"><div style="background:#f8f9fa;padding:15px;border-radius:8px;margin-bottom:20px;"><p style="margin:5px 0;"><strong>⏱️ Prep Time:</strong> 15 minutes</p><p style="margin:5px 0;"><strong>🍳 Cook Time:</strong> 15 minutes</p><p style="margin:5px 0;"><strong>⏰ Total Time:</strong> 30 minutes</p><p style="margin:5px 0;"><strong>🍽️ Servings:</strong> 8</p><p style="margin:5px 0;"><strong>📊 Difficulty:</strong> Easy</p></div><div style="margin-bottom:30px;"><h3 style="color:#E60023;border-bottom:2px solid #E60023;padding-bottom:5px;">🥘 Ingredients</h3><ul style="line-height:1.8;"><li>1 can crescent roll dough</li><li>1 cup mozzarella cheese, shredded</li><li>1 cup pepperoni slices</li><li>1/2 cup pizza sauce</li></ul></div><div style="margin-bottom:30px;"><h3 style="color:#E60023;border-bottom:2px solid #E60023;padding-bottom:5px;">👩‍🍳 Instructions</h3><ol style="line-height:1.8;"><li>Preheat the oven to 375°F (190°C).</li><li>Unroll the crescent roll dough and separate it into triangles.</li><li>Place a slice of pepperoni and a tablespoon of mozzarella cheese on each triangle.</li><li>Roll up the dough starting from the wide end, enclosing the filling.</li><li>Place the rolled bites on a baking sheet lined with parchment paper.</li><li>Bake for 12-15 minutes or until golden brown.</li><li>Serve warm with pizza sauce for dipping.</li></ol></div><div style="background:#fff3f3;padding:15px;border-radius:8px;border-left:4px solid #E60023;"><p><strong>📌 Pinterest Tags:</strong> #cat1761230749334 #easyrecipe #quickrecipe #30minutemeals #recipe #cooking #foodie #homemade #delicious #crescent #mozzarella #pepperoni</p></div><div style="text-align:center;margin-top:30px;padding:20px;background:#E60023;color:white;border-radius:8px;"><p style="margin:0;"><strong>📌 Save this recipe to Pinterest!</strong></p><p style="margin:5px 0 0 0;">Perfect for meal planning and sharing with friends</p></div></div>]]></content:encoded>
      <media:content url="http://www.lummyrecipes.com/recipes/crescent-roll-pizza-bites/images/crescent-roll-pizza-bites_image_4.webp" medium="image" type="image/webp">
        <media:title>Crescent Roll Pizza Bites</media:title>
        <media:description>These Crescent Roll Pizza Bites are the ultimate crowd-pleaser, combining gooey mozzarella, savory pepperoni, and zesty sauce all wrapped in flaky crescents. Perfect for game days or quick snacks, they are easy to make and utterly delicious!</media:description>
      </media:content>
      <media:group>
        <media:category>recipe</media:category>
        <media:keywords>cat1761230749334, easyrecipe, quickrecipe, 30minutemeals, recipe, cooking, foodie, homemade, delicious, crescent, mozzarella, pepperoni</media:keywords>
      </media:group>
    </item>
    <item>
      <title>Pad Thai</title>
      <link>http://www.lummyrecipes.com/base.html?page=recipe-detail&amp;recipe=pad-thai</link>
      <description>Experience the vibrant flavors of Thailand with this classic Pad Thai recipe. It's a delightful stir-fry that combines tender rice noodles, succulent shrimp, and a medley of fresh ingredients, all tossed in a savory tamarind sauce that will transport your taste buds straight to the streets of Bangkok.</description>
      <pubDate>Fri, 24 Oct 2025 17:13:58 +0200</pubDate>
      <guid isPermaLink="true">http://www.lummyrecipes.com/base.html?page=recipe-detail&amp;recipe=pad-thai</guid>
      <category>cat_1761230749_334</category>
      <dc:creator>author_001</dc:creator>
      <content:encoded><![CDATA[<div class="recipe-content" style="font-family: Arial, sans-serif; max-width: 600px;"><img src="http://www.lummyrecipes.com/recipes/pad-thai/images/pad-thai_image_4.webp" alt="Pad Thai" style="width:100%;max-width:600px;height:auto;border-radius:8px;margin-bottom:20px;"><div style="background:#f8f9fa;padding:15px;border-radius:8px;margin-bottom:20px;"><p style="margin:5px 0;"><strong>⏱️ Prep Time:</strong> 15 minutes</p><p style="margin:5px 0;"><strong>🍳 Cook Time:</strong> 15 minutes</p><p style="margin:5px 0;"><strong>⏰ Total Time:</strong> 30 minutes</p><p style="margin:5px 0;"><strong>🍽️ Servings:</strong> 4</p><p style="margin:5px 0;"><strong>📊 Difficulty:</strong> Medium</p></div><div style="margin-bottom:30px;"><h3 style="color:#E60023;border-bottom:2px solid #E60023;padding-bottom:5px;">🥘 Ingredients</h3><ul style="line-height:1.8;"><li>8 oz rice noodles</li><li>8 oz shrimp or chicken</li><li>2 eggs</li><li>1 cup bean sprouts</li><li>1/4 cup peanuts, crushed</li><li>1 lime, cut into wedges</li><li>2 tablespoons tamarind paste</li><li>2 tablespoons fish sauce</li><li>1 tablespoon sugar</li><li>2 cloves garlic, minced</li><li>2 shallots, sliced</li></ul></div><div style="margin-bottom:30px;"><h3 style="color:#E60023;border-bottom:2px solid #E60023;padding-bottom:5px;">👩‍🍳 Instructions</h3><ol style="line-height:1.8;"><li>Soak rice noodles in warm water for 20 minutes until soft.</li><li>In a large skillet or wok, stir-fry shrimp or chicken with minced garlic over medium-high heat until cooked through.</li><li>Push the protein to one side of the pan, crack in the eggs, and scramble until just set.</li><li>Add the soaked noodles to the skillet along with tamarind paste, fish sauce, and sugar; toss everything together until well combined.</li><li>Stir in bean sprouts and cook for an additional minute.</li><li>Serve hot, garnished with crushed peanuts and lime wedges.</li></ol></div><div style="background:#fff3f3;padding:15px;border-radius:8px;border-left:4px solid #E60023;"><p><strong>📌 Pinterest Tags:</strong> #cat1761230749334 #mediumrecipe #quickrecipe #30minutemeals #recipe #cooking #foodie #homemade #delicious #noodles #shrimp</p></div><div style="text-align:center;margin-top:30px;padding:20px;background:#E60023;color:white;border-radius:8px;"><p style="margin:0;"><strong>📌 Save this recipe to Pinterest!</strong></p><p style="margin:5px 0 0 0;">Perfect for meal planning and sharing with friends</p></div></div>]]></content:encoded>
      <media:content url="http://www.lummyrecipes.com/recipes/pad-thai/images/pad-thai_image_4.webp" medium="image" type="image/webp">
        <media:title>Pad Thai</media:title>
        <media:description>Experience the vibrant flavors of Thailand with this classic Pad Thai recipe. It's a delightful stir-fry that combines tender rice noodles, succulent shrimp, and a medley of fresh ingredients, all tossed in a savory tamarind sauce that will transport your taste buds straight to the streets of Bangkok.</media:description>
      </media:content>
      <media:group>
        <media:category>recipe</media:category>
        <media:keywords>cat1761230749334, mediumrecipe, quickrecipe, 30minutemeals, recipe, cooking, foodie, homemade, delicious, noodles, shrimp</media:keywords>
      </media:group>
    </item>
  </channel>
</rss>
