<?xml version="1.0" encoding="UTF-8"?>
<rss version="2.0" 
     xmlns:content="http://purl.org/rss/1.0/modules/content/"
     xmlns:media="http://search.yahoo.com/mrss/"
     xmlns:dc="http://purl.org/dc/elements/1.1/"
     xmlns:atom="http://www.w3.org/2005/Atom">
  <channel>
    <title>desserts-sweets Recipes - RSS Feed</title>
    <link>http://www.lumm.com/base.html</link>
    <description>Fresh desserts-sweets recipes and cooking inspiration</description>
    <language>en-US</language>
    <copyright>© 2025 www.lumm.com</copyright>
    <managingEditor>info@lummyrecipes.com</managingEditor>
    <webMaster>webmaster@lummyrecipes.com</webMaster>
    <pubDate>Wed, 12 Nov 2025 20:02:10 +0100</pubDate>
    <lastBuildDate>Wed, 12 Nov 2025 20:02:10 +0100</lastBuildDate>
    <category>desserts-sweets</category>
    <generator>Recipes - RSS Feed www.lumm.com</generator>
    <ttl>60</ttl>
    <atom:link href="http://www.lumm.com/base.html/rss.xml" rel="self" type="application/rss+xml" />
    <image>
      <url>http://www.lumm.com/base.html/images/logo.png</url>
      <title>desserts-sweets Recipes - RSS Feed</title>
      <link>http://www.lumm.com/base.html</link>
      <width>144</width>
      <height>144</height>
    </image>
    <item>
      <title>Peppermint Sugar Cookies for Holidays</title>
      <link>http://www.lumm.com/base.html?page=recipe-detail&amp;recipe=melt-in-your-mouth-peppermint-sugar-cookies</link>
      <description>Indulge in the festive spirit with these delightful peppermint sugar cookies! Their melt-in-your-mouth texture combined with a refreshing minty flavor makes them an irresistible treat for holiday gatherings. Bake a batch today and share the joy with your loved ones!</description>
      <pubDate>Wed, 12 Nov 2025 19:45:16 +0100</pubDate>
      <guid isPermaLink="true">http://www.lumm.com/base.html?page=recipe-detail&amp;recipe=melt-in-your-mouth-peppermint-sugar-cookies</guid>
      <category>cat_1761230294_638</category>
      <dc:creator>author_001</dc:creator>
      <content:encoded><![CDATA[<div class="recipe-content" style="font-family: Arial, sans-serif; max-width: 600px;"><img src="http://www.lumm.com/recipes/melt-in-your-mouth-peppermint-sugar-cookies/images/melt-in-your-mouth-peppermint-sugar-cookies_image_4.webp" alt="Peppermint Sugar Cookies for Holidays" style="width:100%;max-width:600px;height:auto;border-radius:8px;margin-bottom:20px;"><div style="background:#f8f9fa;padding:15px;border-radius:8px;margin-bottom:20px;"><p style="margin:5px 0;"><strong>⏱️ Prep Time:</strong> 15 minutes</p><p style="margin:5px 0;"><strong>🍳 Cook Time:</strong> 10 minutes</p><p style="margin:5px 0;"><strong>⏰ Total Time:</strong> N/A minutes</p><p style="margin:5px 0;"><strong>🍽️ Servings:</strong> 24</p><p style="margin:5px 0;"><strong>📊 Difficulty:</strong> Easy</p></div><div style="margin-bottom:30px;"><h3 style="color:#E60023;border-bottom:2px solid #E60023;padding-bottom:5px;">🥘 Ingredients</h3><ul style="line-height:1.8;"><li>2 3/4 cups all-purpose flour</li><li>1 teaspoon baking soda</li><li>1/2 teaspoon salt</li><li>1 cup unsalted butter, softened</li><li>1 1/2 cups white sugar</li><li>1 egg</li><li>1 teaspoon vanilla extract</li><li>1/2 teaspoon peppermint extract</li><li>1/4 cup crushed peppermint candies</li></ul></div><div style="margin-bottom:30px;"><h3 style="color:#E60023;border-bottom:2px solid #E60023;padding-bottom:5px;">👩‍🍳 Instructions</h3><ol style="line-height:1.8;"><li>Preheat oven to 350°F (175°C).</li><li>In a bowl, mix flour, baking soda, and salt.</li><li>In another bowl, cream together butter and sugar until smooth.</li><li>Beat in the egg, vanilla extract, and peppermint extract.</li><li>Gradually blend in the dry ingredients.</li><li>Fold in crushed peppermint candies.</li><li>Drop by rounded spoonfuls onto ungreased cookie sheets.</li><li>Bake for 8 to 10 minutes in the preheated oven, or until golden.</li><li>Cool on wire racks.</li></ol></div><div style="background:#fff3f3;padding:15px;border-radius:8px;border-left:4px solid #E60023;"><p><strong>📌 Pinterest Tags:</strong> #cat1761230294638 #easyrecipe #quickrecipe #30minutemeals #recipe #cooking #foodie #homemade #delicious #allpurpose #teaspoon</p></div><div style="text-align:center;margin-top:30px;padding:20px;background:#E60023;color:white;border-radius:8px;"><p style="margin:0;"><strong>📌 Save this recipe to Pinterest!</strong></p><p style="margin:5px 0 0 0;">Perfect for meal planning and sharing with friends</p></div></div>]]></content:encoded>
      <media:content url="http://www.lumm.com/recipes/melt-in-your-mouth-peppermint-sugar-cookies/images/melt-in-your-mouth-peppermint-sugar-cookies_image_4.webp" medium="image" type="image/webp">
        <media:title>Peppermint Sugar Cookies for Holidays</media:title>
        <media:description>Indulge in the festive spirit with these delightful peppermint sugar cookies! Their melt-in-your-mouth texture combined with a refreshing minty flavor makes them an irresistible treat for holiday gatherings. Bake a batch today and share the joy with your loved ones!</media:description>
      </media:content>
      <media:group>
        <media:category>recipe</media:category>
        <media:keywords>cat1761230294638, easyrecipe, quickrecipe, 30minutemeals, recipe, cooking, foodie, homemade, delicious, allpurpose, teaspoon</media:keywords>
      </media:group>
    </item>
  </channel>
</rss>
