{
    "generated": "2025-11-12 19:36:13",
    "count": 13,
    "folders": {
        "appetizers-snacks": "cat_1761230221_583",
        "breakfast-brunch": "cat_1761230422_512",
        "chicken-meat-dishes": "cat_1761229889_885",
        "comfort-food": "cat_1761230594_885",
        "desserts-sweets": "cat_1761230294_638",
        "dinner-ideas": "cat_1761230383_494",
        "healthy-light-meals": "cat_1761230636_499",
        "holiday-special-occasions": "cat_1761229712_965",
        "quick-easy-recipes": "cat_1761230749_334",
        "seafood-fish": "cat_1761230072_178",
        "soups-stews": "cat_1761230166_734",
        "traditional-world-cuisine": "cat_1761229818_868",
        "vegetarian-vegan": "cat_1761230119_510"
    }
}