<?xml version="1.0" encoding="UTF-8"?>
<rss version="2.0" 
     xmlns:content="http://purl.org/rss/1.0/modules/content/"
     xmlns:media="http://search.yahoo.com/mrss/"
     xmlns:dc="http://purl.org/dc/elements/1.1/"
     xmlns:atom="http://www.w3.org/2005/Atom">
  <channel>
    <title>breakfast-brunch Recipes - RSS Feed</title>
    <link>http://www.lummyrecipes.com/base.html</link>
    <description>Fresh breakfast-brunch recipes and cooking inspiration</description>
    <language>en-US</language>
    <copyright>© 2025 www.lummyrecipes.com</copyright>
    <managingEditor>info@lummyrecipes.com</managingEditor>
    <webMaster>webmaster@lummyrecipes.com</webMaster>
    <pubDate>Tue, 11 Nov 2025 20:38:13 +0100</pubDate>
    <lastBuildDate>Tue, 11 Nov 2025 20:38:13 +0100</lastBuildDate>
    <category>breakfast-brunch</category>
    <generator>Recipes - RSS Feed www.lummyrecipes.com</generator>
    <ttl>60</ttl>
    <atom:link href="http://www.lummyrecipes.com/base.html/rss.xml" rel="self" type="application/rss+xml" />
    <image>
      <url>http://www.lummyrecipes.com/base.html/images/logo.png</url>
      <title>breakfast-brunch Recipes - RSS Feed</title>
      <link>http://www.lummyrecipes.com/base.html</link>
      <width>144</width>
      <height>144</height>
    </image>
    <item>
      <title>Better Than Starbucks: Peppermint Hot Cocoa</title>
      <link>http://www.lummyrecipes.com/base.html?page=recipe-detail&amp;recipe=better-than-starbucks-peppermint-hot-cocoa-1</link>
      <description>Indulge in the rich and creamy flavors of this homemade peppermint hot cocoa that rivals your favorite coffee shop. Perfectly sweetened and topped with whipped cream, it's a cozy treat for any occasion.</description>
      <pubDate>Tue, 11 Nov 2025 19:15:59 +0100</pubDate>
      <guid isPermaLink="true">http://www.lummyrecipes.com/base.html?page=recipe-detail&amp;recipe=better-than-starbucks-peppermint-hot-cocoa-1</guid>
      <category>cat_1761230422_512</category>
      <dc:creator>author_001</dc:creator>
      <content:encoded><![CDATA[<div class="recipe-content" style="font-family: Arial, sans-serif; max-width: 600px;"><img src="http://www.lummyrecipes.com/recipes/better-than-starbucks-peppermint-hot-cocoa-1/images/better-than-starbucks-peppermint-hot-cocoa-1_image_4.webp" alt="Better Than Starbucks: Peppermint Hot Cocoa" style="width:100%;max-width:600px;height:auto;border-radius:8px;margin-bottom:20px;"><div style="background:#f8f9fa;padding:15px;border-radius:8px;margin-bottom:20px;"><p style="margin:5px 0;"><strong>⏱️ Prep Time:</strong> 15 minutes</p><p style="margin:5px 0;"><strong>🍳 Cook Time:</strong> 10 minutes</p><p style="margin:5px 0;"><strong>⏰ Total Time:</strong> 25 minutes</p><p style="margin:5px 0;"><strong>🍽️ Servings:</strong> 4</p><p style="margin:5px 0;"><strong>📊 Difficulty:</strong> Easy</p></div><div style="margin-bottom:30px;"><h3 style="color:#E60023;border-bottom:2px solid #E60023;padding-bottom:5px;">🥘 Ingredients</h3><ul style="line-height:1.8;"><li>2 cups milk</li><li>1 cup heavy cream</li><li>1/2 cup cocoa powder</li><li>1/2 cup sugar</li><li>1 teaspoon peppermint extract</li><li>Whipped cream for topping</li><li>Crushed peppermint candies for garnish</li></ul></div><div style="margin-bottom:30px;"><h3 style="color:#E60023;border-bottom:2px solid #E60023;padding-bottom:5px;">👩‍🍳 Instructions</h3><ol style="line-height:1.8;"><li>In a saucepan, combine milk, heavy cream, cocoa powder, and sugar over medium heat.</li><li>Whisk until the mixture is smooth and heated through, about 5 minutes.</li><li>Remove from heat and stir in peppermint extract.</li><li>Serve in mugs topped with whipped cream and crushed peppermint candies.</li></ol></div><div style="background:#fff3f3;padding:15px;border-radius:8px;border-left:4px solid #E60023;"><p><strong>📌 Pinterest Tags:</strong> #cat1761230422512 #easyrecipe #quickrecipe #30minutemeals #recipe #cooking #foodie #homemade #delicious #heavy #cocoa</p></div><div style="text-align:center;margin-top:30px;padding:20px;background:#E60023;color:white;border-radius:8px;"><p style="margin:0;"><strong>📌 Save this recipe to Pinterest!</strong></p><p style="margin:5px 0 0 0;">Perfect for meal planning and sharing with friends</p></div></div>]]></content:encoded>
      <media:content url="http://www.lummyrecipes.com/recipes/better-than-starbucks-peppermint-hot-cocoa-1/images/better-than-starbucks-peppermint-hot-cocoa-1_image_4.webp" medium="image" type="image/webp">
        <media:title>Better Than Starbucks: Peppermint Hot Cocoa</media:title>
        <media:description>Indulge in the rich and creamy flavors of this homemade peppermint hot cocoa that rivals your favorite coffee shop. Perfectly sweetened and topped with whipped cream, it's a cozy treat for any occasion.</media:description>
      </media:content>
      <media:group>
        <media:category>recipe</media:category>
        <media:keywords>cat1761230422512, easyrecipe, quickrecipe, 30minutemeals, recipe, cooking, foodie, homemade, delicious, heavy, cocoa</media:keywords>
      </media:group>
    </item>
    <item>
      <title>Quick Make-Ahead Breakfast Casserole for Families</title>
      <link>http://www.lummyrecipes.com/base.html?page=recipe-detail&amp;recipe=quick-make-ahead-breakfast-casserole-for-families</link>
      <description>Start your day right with this Easy Make-Ahead Breakfast Casserole! It's a delightful dish that combines convenience and flavor, perfect for busy mornings. Try it today and make breakfast a breeze!</description>
      <pubDate>Tue, 11 Nov 2025 17:49:22 +0100</pubDate>
      <guid isPermaLink="true">http://www.lummyrecipes.com/base.html?page=recipe-detail&amp;recipe=quick-make-ahead-breakfast-casserole-for-families</guid>
      <category>cat_1761230422_512</category>
      <dc:creator>author_001</dc:creator>
      <content:encoded><![CDATA[<div class="recipe-content" style="font-family: Arial, sans-serif; max-width: 600px;"><img src="http://www.lummyrecipes.com/recipes/quick-make-ahead-breakfast-casserole-for-families/images/quick-make-ahead-breakfast-casserole-for-families_image_4.webp" alt="Quick Make-Ahead Breakfast Casserole for Families" style="width:100%;max-width:600px;height:auto;border-radius:8px;margin-bottom:20px;"><div style="background:#f8f9fa;padding:15px;border-radius:8px;margin-bottom:20px;"><p style="margin:5px 0;"><strong>⏱️ Prep Time:</strong> 15 minutes</p><p style="margin:5px 0;"><strong>🍳 Cook Time:</strong> 30 minutes</p><p style="margin:5px 0;"><strong>⏰ Total Time:</strong> 45 minutes</p><p style="margin:5px 0;"><strong>🍽️ Servings:</strong> 4</p><p style="margin:5px 0;"><strong>📊 Difficulty:</strong> Easy</p></div><div style="margin-bottom:30px;"><h3 style="color:#E60023;border-bottom:2px solid #E60023;padding-bottom:5px;">🥘 Ingredients</h3><ul style="line-height:1.8;"><li>1 pound shrimp peeled and deveined</li><li>2 tablespoons olive oil</li></ul></div><div style="margin-bottom:30px;"><h3 style="color:#E60023;border-bottom:2px solid #E60023;padding-bottom:5px;">👩‍🍳 Instructions</h3><ol style="line-height:1.8;"><li>Heat olive oil in large skillet over medium heat</li><li>Add shrimp and cook 2-3 minutes per side until pink</li></ol></div><div style="background:#fff3f3;padding:15px;border-radius:8px;border-left:4px solid #E60023;"><p><strong>📌 Pinterest Tags:</strong> #cat1761230422512 #easyrecipe #1hourmeals #recipe #cooking #foodie #homemade #delicious #pound #olive</p></div><div style="text-align:center;margin-top:30px;padding:20px;background:#E60023;color:white;border-radius:8px;"><p style="margin:0;"><strong>📌 Save this recipe to Pinterest!</strong></p><p style="margin:5px 0 0 0;">Perfect for meal planning and sharing with friends</p></div></div>]]></content:encoded>
      <media:content url="http://www.lummyrecipes.com/recipes/quick-make-ahead-breakfast-casserole-for-families/images/quick-make-ahead-breakfast-casserole-for-families_image_4.webp" medium="image" type="image/webp">
        <media:title>Quick Make-Ahead Breakfast Casserole for Families</media:title>
        <media:description>Start your day right with this Easy Make-Ahead Breakfast Casserole! It's a delightful dish that combines convenience and flavor, perfect for busy mornings. Try it today and make breakfast a breeze!</media:description>
      </media:content>
      <media:group>
        <media:category>recipe</media:category>
        <media:keywords>cat1761230422512, easyrecipe, 1hourmeals, recipe, cooking, foodie, homemade, delicious, pound, olive</media:keywords>
      </media:group>
    </item>
    <item>
      <title>Fluffy Japanese Soufflé Pancakes</title>
      <link>http://www.lummyrecipes.com/base.html?page=recipe-detail&amp;recipe=fluffy-japanese-souffl-pancakes</link>
      <description>Indulge in the light and airy delight of fluffy Japanese soufflé pancakes, perfect for a special breakfast or brunch. These pancakes are not only visually stunning but also melt in your mouth, making them a must-try for any pancake lover.</description>
      <pubDate>Mon, 03 Nov 2025 19:12:09 +0100</pubDate>
      <guid isPermaLink="true">http://www.lummyrecipes.com/base.html?page=recipe-detail&amp;recipe=fluffy-japanese-souffl-pancakes</guid>
      <category>cat_1761230422_512</category>
      <dc:creator>author_001</dc:creator>
      <content:encoded><![CDATA[<div class="recipe-content" style="font-family: Arial, sans-serif; max-width: 600px;"><img src="http://www.lummyrecipes.com/recipes/fluffy-japanese-souffl-pancakes/images/fluffy-japanese-souffl-pancakes_image_4.webp" alt="Fluffy Japanese Soufflé Pancakes" style="width:100%;max-width:600px;height:auto;border-radius:8px;margin-bottom:20px;"><div style="background:#f8f9fa;padding:15px;border-radius:8px;margin-bottom:20px;"><p style="margin:5px 0;"><strong>⏱️ Prep Time:</strong> 15 minutes</p><p style="margin:5px 0;"><strong>🍳 Cook Time:</strong> 20 minutes</p><p style="margin:5px 0;"><strong>⏰ Total Time:</strong> 35 minutes</p><p style="margin:5px 0;"><strong>🍽️ Servings:</strong> 4</p><p style="margin:5px 0;"><strong>📊 Difficulty:</strong> Medium</p></div><div style="margin-bottom:30px;"><h3 style="color:#E60023;border-bottom:2px solid #E60023;padding-bottom:5px;">🥘 Ingredients</h3><ul style="line-height:1.8;"><li>1 cup all-purpose flour</li><li>2 tablespoons sugar</li><li>1 teaspoon baking powder</li><li>1/2 cup milk</li><li>2 large eggs, separated</li><li>1/4 teaspoon cream of tartar</li><li>Butter for cooking</li></ul></div><div style="margin-bottom:30px;"><h3 style="color:#E60023;border-bottom:2px solid #E60023;padding-bottom:5px;">👩‍🍳 Instructions</h3><ol style="line-height:1.8;"><li>In a bowl, mix flour, sugar, and baking powder.</li><li>In another bowl, whisk milk and egg yolks until combined.</li><li>Add the wet ingredients to the dry ingredients and mix until smooth.</li><li>In a separate bowl, beat egg whites with cream of tartar until stiff peaks form.</li><li>Gently fold the egg whites into the batter.</li><li>Heat a non-stick skillet over low heat and grease with butter.</li><li>Pour batter into the skillet, cover, and cook for about 4-5 minutes on each side until golden brown and fluffy.</li></ol></div><div style="background:#fff3f3;padding:15px;border-radius:8px;border-left:4px solid #E60023;"><p><strong>📌 Pinterest Tags:</strong> #cat1761230422512 #mediumrecipe #1hourmeals #recipe #cooking #foodie #homemade #delicious #allpurpose #sugar #teaspoon</p></div><div style="text-align:center;margin-top:30px;padding:20px;background:#E60023;color:white;border-radius:8px;"><p style="margin:0;"><strong>📌 Save this recipe to Pinterest!</strong></p><p style="margin:5px 0 0 0;">Perfect for meal planning and sharing with friends</p></div></div>]]></content:encoded>
      <media:content url="http://www.lummyrecipes.com/recipes/fluffy-japanese-souffl-pancakes/images/fluffy-japanese-souffl-pancakes_image_4.webp" medium="image" type="image/webp">
        <media:title>Fluffy Japanese Soufflé Pancakes</media:title>
        <media:description>Indulge in the light and airy delight of fluffy Japanese soufflé pancakes, perfect for a special breakfast or brunch. These pancakes are not only visually stunning but also melt in your mouth, making them a must-try for any pancake lover.</media:description>
      </media:content>
      <media:group>
        <media:category>recipe</media:category>
        <media:keywords>cat1761230422512, mediumrecipe, 1hourmeals, recipe, cooking, foodie, homemade, delicious, allpurpose, sugar, teaspoon</media:keywords>
      </media:group>
    </item>
    <item>
      <title>Better Than Starbucks: Peppermint Hot Cocoa</title>
      <link>http://www.lummyrecipes.com/base.html?page=recipe-detail&amp;recipe=better-than-starbucks-peppermint-hot-cocoa</link>
      <description>Indulge in a rich and creamy peppermint hot cocoa that surpasses your favorite coffee shop's version. This delightful drink is perfect for cozy evenings and festive gatherings, bringing warmth and joy with every sip.</description>
      <pubDate>Fri, 31 Oct 2025 00:40:39 +0100</pubDate>
      <guid isPermaLink="true">http://www.lummyrecipes.com/base.html?page=recipe-detail&amp;recipe=better-than-starbucks-peppermint-hot-cocoa</guid>
      <category>cat_1761230422_512</category>
      <dc:creator>author_001</dc:creator>
      <content:encoded><![CDATA[<div class="recipe-content" style="font-family: Arial, sans-serif; max-width: 600px;"><img src="http://www.lummyrecipes.com/recipes/better-than-starbucks-peppermint-hot-cocoa/images/better-than-starbucks-peppermint-hot-cocoa_image_4.webp" alt="Better Than Starbucks: Peppermint Hot Cocoa" style="width:100%;max-width:600px;height:auto;border-radius:8px;margin-bottom:20px;"><div style="background:#f8f9fa;padding:15px;border-radius:8px;margin-bottom:20px;"><p style="margin:5px 0;"><strong>⏱️ Prep Time:</strong> 15 minutes</p><p style="margin:5px 0;"><strong>🍳 Cook Time:</strong> 10 minutes</p><p style="margin:5px 0;"><strong>⏰ Total Time:</strong> 25 minutes</p><p style="margin:5px 0;"><strong>🍽️ Servings:</strong> 4</p><p style="margin:5px 0;"><strong>📊 Difficulty:</strong> Easy</p></div><div style="margin-bottom:30px;"><h3 style="color:#E60023;border-bottom:2px solid #E60023;padding-bottom:5px;">🥘 Ingredients</h3><ul style="line-height:1.8;"><li>2 cups milk</li><li>1 cup heavy cream</li><li>1/2 cup cocoa powder</li><li>1/2 cup sugar</li><li>1 teaspoon vanilla extract</li><li>1/4 teaspoon peppermint extract</li><li>Whipped cream for topping</li><li>Crushed peppermint candies for garnish</li></ul></div><div style="margin-bottom:30px;"><h3 style="color:#E60023;border-bottom:2px solid #E60023;padding-bottom:5px;">👩‍🍳 Instructions</h3><ol style="line-height:1.8;"><li>In a saucepan, combine milk and heavy cream over medium heat.</li><li>Whisk in cocoa powder and sugar until fully dissolved.</li><li>Add vanilla and peppermint extracts, stirring well.</li><li>Heat until hot but not boiling, then serve in mugs.</li><li>Top with whipped cream and crushed peppermint candies.</li></ol></div><div style="background:#fff3f3;padding:15px;border-radius:8px;border-left:4px solid #E60023;"><p><strong>📌 Pinterest Tags:</strong> #cat1761230422512 #easyrecipe #quickrecipe #30minutemeals #recipe #cooking #foodie #homemade #delicious #heavy #cocoa</p></div><div style="text-align:center;margin-top:30px;padding:20px;background:#E60023;color:white;border-radius:8px;"><p style="margin:0;"><strong>📌 Save this recipe to Pinterest!</strong></p><p style="margin:5px 0 0 0;">Perfect for meal planning and sharing with friends</p></div></div>]]></content:encoded>
      <media:content url="http://www.lummyrecipes.com/recipes/better-than-starbucks-peppermint-hot-cocoa/images/better-than-starbucks-peppermint-hot-cocoa_image_4.webp" medium="image" type="image/webp">
        <media:title>Better Than Starbucks: Peppermint Hot Cocoa</media:title>
        <media:description>Indulge in a rich and creamy peppermint hot cocoa that surpasses your favorite coffee shop's version. This delightful drink is perfect for cozy evenings and festive gatherings, bringing warmth and joy with every sip.</media:description>
      </media:content>
      <media:group>
        <media:category>recipe</media:category>
        <media:keywords>cat1761230422512, easyrecipe, quickrecipe, 30minutemeals, recipe, cooking, foodie, homemade, delicious, heavy, cocoa</media:keywords>
      </media:group>
    </item>
    <item>
      <title>Cream Cheese-Filled Pumpkin Bread</title>
      <link>http://www.lummyrecipes.com/base.html?page=recipe-detail&amp;recipe=cream-cheese-filled-pumpkin-bread</link>
      <description>Indulge in the warm, comforting flavors of fall with this moist and spiced cream cheese-filled pumpkin bread. Perfect for breakfast or as a delightful dessert, this recipe is simple and requires no mixer, making it an easy choice for any home cook.</description>
      <pubDate>Tue, 28 Oct 2025 21:04:52 +0100</pubDate>
      <guid isPermaLink="true">http://www.lummyrecipes.com/base.html?page=recipe-detail&amp;recipe=cream-cheese-filled-pumpkin-bread</guid>
      <category>cat_1761230422_512</category>
      <dc:creator>author_001</dc:creator>
      <content:encoded><![CDATA[<div class="recipe-content" style="font-family: Arial, sans-serif; max-width: 600px;"><img src="http://www.lummyrecipes.com/recipes/cream-cheese-filled-pumpkin-bread/images/cream-cheese-filled-pumpkin-bread_image_4.webp" alt="Cream Cheese-Filled Pumpkin Bread" style="width:100%;max-width:600px;height:auto;border-radius:8px;margin-bottom:20px;"><div style="background:#f8f9fa;padding:15px;border-radius:8px;margin-bottom:20px;"><p style="margin:5px 0;"><strong>⏱️ Prep Time:</strong> 15 minutes</p><p style="margin:5px 0;"><strong>🍳 Cook Time:</strong> 60 minutes</p><p style="margin:5px 0;"><strong>⏰ Total Time:</strong> 75 minutes</p><p style="margin:5px 0;"><strong>🍽️ Servings:</strong> 10</p><p style="margin:5px 0;"><strong>📊 Difficulty:</strong> Easy</p></div><div style="margin-bottom:30px;"><h3 style="color:#E60023;border-bottom:2px solid #E60023;padding-bottom:5px;">🥘 Ingredients</h3><ul style="line-height:1.8;"><li>2 cups pumpkin puree</li><li>1 cup sugar</li><li>1/2 cup vegetable oil</li><li>4 eggs</li><li>2 cups all-purpose flour</li><li>1 teaspoon baking soda</li><li>1/2 teaspoon baking powder</li><li>1 teaspoon cinnamon</li><li>1/2 teaspoon nutmeg</li><li>1/2 teaspoon salt</li><li>8 ounces cream cheese, softened</li></ul></div><div style="margin-bottom:30px;"><h3 style="color:#E60023;border-bottom:2px solid #E60023;padding-bottom:5px;">👩‍🍳 Instructions</h3><ol style="line-height:1.8;"><li>Preheat your oven to 350°F (175°C) and grease a loaf pan.</li><li>In a large bowl, mix pumpkin puree, sugar, and vegetable oil until well combined.</li><li>Add eggs one at a time, mixing well after each addition.</li><li>In another bowl, whisk together flour, baking soda, baking powder, cinnamon, nutmeg, and salt.</li><li>Gradually add the dry ingredients to the pumpkin mixture, stirring until just combined.</li><li>Pour half of the batter into the prepared loaf pan.</li><li>Spread the softened cream cheese over the batter, then top with the remaining batter.</li><li>Bake for 60 minutes or until a toothpick inserted in the center comes out clean.</li></ol></div><div style="background:#fff3f3;padding:15px;border-radius:8px;border-left:4px solid #E60023;"><p><strong>📌 Pinterest Tags:</strong> #cat1761230422512 #easyrecipe #recipe #cooking #foodie #homemade #delicious #pumpkin #sugar #vegetable</p></div><div style="text-align:center;margin-top:30px;padding:20px;background:#E60023;color:white;border-radius:8px;"><p style="margin:0;"><strong>📌 Save this recipe to Pinterest!</strong></p><p style="margin:5px 0 0 0;">Perfect for meal planning and sharing with friends</p></div></div>]]></content:encoded>
      <media:content url="http://www.lummyrecipes.com/recipes/cream-cheese-filled-pumpkin-bread/images/cream-cheese-filled-pumpkin-bread_image_4.webp" medium="image" type="image/webp">
        <media:title>Cream Cheese-Filled Pumpkin Bread</media:title>
        <media:description>Indulge in the warm, comforting flavors of fall with this moist and spiced cream cheese-filled pumpkin bread. Perfect for breakfast or as a delightful dessert, this recipe is simple and requires no mixer, making it an easy choice for any home cook.</media:description>
      </media:content>
      <media:group>
        <media:category>recipe</media:category>
        <media:keywords>cat1761230422512, easyrecipe, recipe, cooking, foodie, homemade, delicious, pumpkin, sugar, vegetable</media:keywords>
      </media:group>
    </item>
    <item>
      <title>Oatmeal Apple Breakfast Bake</title>
      <link>http://www.lummyrecipes.com/base.html?page=recipe-detail&amp;recipe=oatmeal-apple-breakfast-bake</link>
      <description>Start your day with this hearty Oatmeal Apple Breakfast Bake, a wholesome blend of nutritious oats and sweet apples. It's not only easy to make but also packed with fiber and protein, making it the perfect choice for busy mornings or a cozy weekend breakfast.</description>
      <pubDate>Mon, 27 Oct 2025 23:20:26 +0100</pubDate>
      <guid isPermaLink="true">http://www.lummyrecipes.com/base.html?page=recipe-detail&amp;recipe=oatmeal-apple-breakfast-bake</guid>
      <category>cat_1761230422_512</category>
      <dc:creator>author_001</dc:creator>
      <content:encoded><![CDATA[<div class="recipe-content" style="font-family: Arial, sans-serif; max-width: 600px;"><img src="http://www.lummyrecipes.com/recipes/oatmeal-apple-breakfast-bake/images/oatmeal-apple-breakfast-bake_image_4.webp" alt="Oatmeal Apple Breakfast Bake" style="width:100%;max-width:600px;height:auto;border-radius:8px;margin-bottom:20px;"><div style="background:#f8f9fa;padding:15px;border-radius:8px;margin-bottom:20px;"><p style="margin:5px 0;"><strong>⏱️ Prep Time:</strong> 15 minutes</p><p style="margin:5px 0;"><strong>🍳 Cook Time:</strong> 30 minutes</p><p style="margin:5px 0;"><strong>⏰ Total Time:</strong> 45 minutes</p><p style="margin:5px 0;"><strong>🍽️ Servings:</strong> 6</p><p style="margin:5px 0;"><strong>📊 Difficulty:</strong> Easy</p></div><div style="margin-bottom:30px;"><h3 style="color:#E60023;border-bottom:2px solid #E60023;padding-bottom:5px;">🥘 Ingredients</h3><ul style="line-height:1.8;"><li>2 cups rolled oats</li><li>2 apples, diced</li><li>1 teaspoon cinnamon</li><li>2 cups almond milk</li><li>1/4 cup honey or maple syrup</li><li>1/2 teaspoon salt</li><li>1/2 cup chopped nuts (optional)</li></ul></div><div style="margin-bottom:30px;"><h3 style="color:#E60023;border-bottom:2px solid #E60023;padding-bottom:5px;">👩‍🍳 Instructions</h3><ol style="line-height:1.8;"><li>Preheat your oven to 350°F (175°C).</li><li>In a large bowl, combine oats, diced apples, cinnamon, and salt.</li><li>In another bowl, mix almond milk and honey or maple syrup.</li><li>Pour the wet ingredients into the dry ingredients and stir until well combined.</li><li>Transfer the mixture to a greased baking dish and sprinkle with chopped nuts if using.</li><li>Bake for 30 minutes or until the top is golden and the oats are set.</li></ol></div><div style="background:#fff3f3;padding:15px;border-radius:8px;border-left:4px solid #E60023;"><p><strong>📌 Pinterest Tags:</strong> #cat1761230422512 #easyrecipe #1hourmeals #recipe #cooking #foodie #homemade #delicious #rolled #apples #teaspoon</p></div><div style="text-align:center;margin-top:30px;padding:20px;background:#E60023;color:white;border-radius:8px;"><p style="margin:0;"><strong>📌 Save this recipe to Pinterest!</strong></p><p style="margin:5px 0 0 0;">Perfect for meal planning and sharing with friends</p></div></div>]]></content:encoded>
      <media:content url="http://www.lummyrecipes.com/recipes/oatmeal-apple-breakfast-bake/images/oatmeal-apple-breakfast-bake_image_4.webp" medium="image" type="image/webp">
        <media:title>Oatmeal Apple Breakfast Bake</media:title>
        <media:description>Start your day with this hearty Oatmeal Apple Breakfast Bake, a wholesome blend of nutritious oats and sweet apples. It's not only easy to make but also packed with fiber and protein, making it the perfect choice for busy mornings or a cozy weekend breakfast.</media:description>
      </media:content>
      <media:group>
        <media:category>recipe</media:category>
        <media:keywords>cat1761230422512, easyrecipe, 1hourmeals, recipe, cooking, foodie, homemade, delicious, rolled, apples, teaspoon</media:keywords>
      </media:group>
    </item>
    <item>
      <title>Easy Breakfast Quiche</title>
      <link>http://www.lummyrecipes.com/base.html?page=recipe-detail&amp;recipe=easy-breakfast-quiche</link>
      <description>Start your day off right with this Easy Breakfast Quiche! This versatile dish is packed with delicious flavors and can be customized to fit whatever you have on hand, making it perfect for any meal.</description>
      <pubDate>Mon, 27 Oct 2025 23:20:22 +0100</pubDate>
      <guid isPermaLink="true">http://www.lummyrecipes.com/base.html?page=recipe-detail&amp;recipe=easy-breakfast-quiche</guid>
      <category>cat_1761230422_512</category>
      <dc:creator>author_001</dc:creator>
      <content:encoded><![CDATA[<div class="recipe-content" style="font-family: Arial, sans-serif; max-width: 600px;"><img src="http://www.lummyrecipes.com/recipes/easy-breakfast-quiche/images/easy-breakfast-quiche_image_4.webp" alt="Easy Breakfast Quiche" style="width:100%;max-width:600px;height:auto;border-radius:8px;margin-bottom:20px;"><div style="background:#f8f9fa;padding:15px;border-radius:8px;margin-bottom:20px;"><p style="margin:5px 0;"><strong>⏱️ Prep Time:</strong> 15 minutes</p><p style="margin:5px 0;"><strong>🍳 Cook Time:</strong> 30 minutes</p><p style="margin:5px 0;"><strong>⏰ Total Time:</strong> 45 minutes</p><p style="margin:5px 0;"><strong>🍽️ Servings:</strong> 4</p><p style="margin:5px 0;"><strong>📊 Difficulty:</strong> Easy</p></div><div style="margin-bottom:30px;"><h3 style="color:#E60023;border-bottom:2px solid #E60023;padding-bottom:5px;">🥘 Ingredients</h3><ul style="line-height:1.8;"><li>1 pie crust</li><li>6 large eggs</li><li>1 cup milk</li><li>1 cup shredded cheese</li><li>1 cup chopped vegetables (like spinach, bell peppers, or onions)</li><li>1 cup cooked meat (like bacon, sausage, or ham)</li><li>Salt and pepper to taste</li></ul></div><div style="margin-bottom:30px;"><h3 style="color:#E60023;border-bottom:2px solid #E60023;padding-bottom:5px;">👩‍🍳 Instructions</h3><ol style="line-height:1.8;"><li>Preheat your oven to 375°F (190°C).</li><li>In a large bowl, whisk together the eggs and milk until well combined.</li><li>Stir in the cheese, vegetables, meat, salt, and pepper.</li><li>Pour the egg mixture into the pie crust.</li><li>Bake in the preheated oven for 30-35 minutes, or until the quiche is set and lightly golden on top.</li><li>Allow to cool for a few minutes before slicing and serving.</li></ol></div><div style="background:#fff3f3;padding:15px;border-radius:8px;border-left:4px solid #E60023;"><p><strong>📌 Pinterest Tags:</strong> #cat1761230422512 #easyrecipe #1hourmeals #recipe #cooking #foodie #homemade #delicious #crust #large</p></div><div style="text-align:center;margin-top:30px;padding:20px;background:#E60023;color:white;border-radius:8px;"><p style="margin:0;"><strong>📌 Save this recipe to Pinterest!</strong></p><p style="margin:5px 0 0 0;">Perfect for meal planning and sharing with friends</p></div></div>]]></content:encoded>
      <media:content url="http://www.lummyrecipes.com/recipes/easy-breakfast-quiche/images/easy-breakfast-quiche_image_4.webp" medium="image" type="image/webp">
        <media:title>Easy Breakfast Quiche</media:title>
        <media:description>Start your day off right with this Easy Breakfast Quiche! This versatile dish is packed with delicious flavors and can be customized to fit whatever you have on hand, making it perfect for any meal.</media:description>
      </media:content>
      <media:group>
        <media:category>recipe</media:category>
        <media:keywords>cat1761230422512, easyrecipe, 1hourmeals, recipe, cooking, foodie, homemade, delicious, crust, large</media:keywords>
      </media:group>
    </item>
    <item>
      <title>Quick &amp; Delicious Sausage Egg Breakfast Rolls</title>
      <link>http://www.lummyrecipes.com/base.html?page=recipe-detail&amp;recipe=quick-delicious-sausage-egg-breakfast-rolls</link>
      <description>These Sausage Egg Breakfast Rolls are the ultimate brunch bite, combining savory sausage and fluffy eggs wrapped in a golden pastry. Perfect for busy mornings or a delightful midday snack, they are quick to prepare and even quicker to disappear!</description>
      <pubDate>Mon, 27 Oct 2025 23:10:49 +0100</pubDate>
      <guid isPermaLink="true">http://www.lummyrecipes.com/base.html?page=recipe-detail&amp;recipe=quick-delicious-sausage-egg-breakfast-rolls</guid>
      <category>cat_1761230422_512</category>
      <dc:creator>author_001</dc:creator>
      <content:encoded><![CDATA[<div class="recipe-content" style="font-family: Arial, sans-serif; max-width: 600px;"><img src="http://www.lummyrecipes.com/recipes/quick-delicious-sausage-egg-breakfast-rolls/images/quick-delicious-sausage-egg-breakfast-rolls_image_4.webp" alt="Quick &amp; Delicious Sausage Egg Breakfast Rolls" style="width:100%;max-width:600px;height:auto;border-radius:8px;margin-bottom:20px;"><div style="background:#f8f9fa;padding:15px;border-radius:8px;margin-bottom:20px;"><p style="margin:5px 0;"><strong>⏱️ Prep Time:</strong> 15 minutes</p><p style="margin:5px 0;"><strong>🍳 Cook Time:</strong> 30 minutes</p><p style="margin:5px 0;"><strong>⏰ Total Time:</strong> 45 minutes</p><p style="margin:5px 0;"><strong>🍽️ Servings:</strong> 4</p><p style="margin:5px 0;"><strong>📊 Difficulty:</strong> Easy</p></div><div style="margin-bottom:30px;"><h3 style="color:#E60023;border-bottom:2px solid #E60023;padding-bottom:5px;">🥘 Ingredients</h3><ul style="line-height:1.8;"><li>1 pound sausage, crumbled</li><li>4 large eggs</li><li>1 package refrigerated crescent roll dough</li><li>Salt and pepper to taste</li><li>1 tablespoon chopped chives (optional)</li></ul></div><div style="margin-bottom:30px;"><h3 style="color:#E60023;border-bottom:2px solid #E60023;padding-bottom:5px;">👩‍🍳 Instructions</h3><ol style="line-height:1.8;"><li>Preheat the oven to 375°F (190°C).</li><li>In a skillet over medium heat, cook the crumbled sausage until browned.</li><li>In a bowl, whisk the eggs and season with salt and pepper.</li><li>Add the eggs to the skillet with the sausage and scramble until fully cooked.</li><li>Unroll the crescent roll dough and separate it into triangles.</li><li>Place a spoonful of the sausage and egg mixture at the wide end of each triangle.</li><li>Roll up the dough, starting from the wide end, and place on a baking sheet.</li><li>Bake for 12-15 minutes or until golden brown.</li></ol></div><div style="background:#fff3f3;padding:15px;border-radius:8px;border-left:4px solid #E60023;"><p><strong>📌 Pinterest Tags:</strong> #cat1761230422512 #easyrecipe #1hourmeals #recipe #cooking #foodie #homemade #delicious #pound #large #package</p></div><div style="text-align:center;margin-top:30px;padding:20px;background:#E60023;color:white;border-radius:8px;"><p style="margin:0;"><strong>📌 Save this recipe to Pinterest!</strong></p><p style="margin:5px 0 0 0;">Perfect for meal planning and sharing with friends</p></div></div>]]></content:encoded>
      <media:content url="http://www.lummyrecipes.com/recipes/quick-delicious-sausage-egg-breakfast-rolls/images/quick-delicious-sausage-egg-breakfast-rolls_image_4.webp" medium="image" type="image/webp">
        <media:title>Quick &amp; Delicious Sausage Egg Breakfast Rolls</media:title>
        <media:description>These Sausage Egg Breakfast Rolls are the ultimate brunch bite, combining savory sausage and fluffy eggs wrapped in a golden pastry. Perfect for busy mornings or a delightful midday snack, they are quick to prepare and even quicker to disappear!</media:description>
      </media:content>
      <media:group>
        <media:category>recipe</media:category>
        <media:keywords>cat1761230422512, easyrecipe, 1hourmeals, recipe, cooking, foodie, homemade, delicious, pound, large, package</media:keywords>
      </media:group>
    </item>
    <item>
      <title>Egg and Ham Breakfast Sandwich</title>
      <link>http://www.lummyrecipes.com/base.html?page=recipe-detail&amp;recipe=egg-and-ham-breakfast-sandwich</link>
      <description>Start your day with a delicious Egg and Ham Breakfast Sandwich that combines savory ham, fluffy eggs, and melted cheese between two slices of bread. This quick and satisfying meal is perfect for busy mornings or leisurely weekends.</description>
      <pubDate>Mon, 27 Oct 2025 23:10:47 +0100</pubDate>
      <guid isPermaLink="true">http://www.lummyrecipes.com/base.html?page=recipe-detail&amp;recipe=egg-and-ham-breakfast-sandwich</guid>
      <category>cat_1761230422_512</category>
      <dc:creator>author_001</dc:creator>
      <content:encoded><![CDATA[<div class="recipe-content" style="font-family: Arial, sans-serif; max-width: 600px;"><img src="http://www.lummyrecipes.com/recipes/egg-and-ham-breakfast-sandwich/images/egg-and-ham-breakfast-sandwich_image_4.webp" alt="Egg and Ham Breakfast Sandwich" style="width:100%;max-width:600px;height:auto;border-radius:8px;margin-bottom:20px;"><div style="background:#f8f9fa;padding:15px;border-radius:8px;margin-bottom:20px;"><p style="margin:5px 0;"><strong>⏱️ Prep Time:</strong> 15 minutes</p><p style="margin:5px 0;"><strong>🍳 Cook Time:</strong> 15 minutes</p><p style="margin:5px 0;"><strong>⏰ Total Time:</strong> 30 minutes</p><p style="margin:5px 0;"><strong>🍽️ Servings:</strong> 1</p><p style="margin:5px 0;"><strong>📊 Difficulty:</strong> Easy</p></div><div style="margin-bottom:30px;"><h3 style="color:#E60023;border-bottom:2px solid #E60023;padding-bottom:5px;">🥘 Ingredients</h3><ul style="line-height:1.8;"><li>2 slices of bread</li><li>1 egg</li><li>2 slices of ham</li><li>1 slice of cheese</li><li>Salt and pepper to taste</li><li>Butter for cooking</li></ul></div><div style="margin-bottom:30px;"><h3 style="color:#E60023;border-bottom:2px solid #E60023;padding-bottom:5px;">👩‍🍳 Instructions</h3><ol style="line-height:1.8;"><li>Heat a skillet over medium heat and add a little butter.</li><li>Crack the egg into the skillet and season with salt and pepper. Cook until the white is set and the yolk is cooked to your liking.</li><li>While the egg is cooking, toast the bread in another skillet or toaster.</li><li>Once the egg is done, place the ham slices in the skillet to warm them up.</li><li>Assemble the sandwich by placing the cheese on one slice of bread, followed by the ham, the cooked egg, and then the other slice of bread.</li></ol></div><div style="background:#fff3f3;padding:15px;border-radius:8px;border-left:4px solid #E60023;"><p><strong>📌 Pinterest Tags:</strong> #cat1761230422512 #easyrecipe #quickrecipe #30minutemeals #recipe #cooking #foodie #homemade #delicious #slices</p></div><div style="text-align:center;margin-top:30px;padding:20px;background:#E60023;color:white;border-radius:8px;"><p style="margin:0;"><strong>📌 Save this recipe to Pinterest!</strong></p><p style="margin:5px 0 0 0;">Perfect for meal planning and sharing with friends</p></div></div>]]></content:encoded>
      <media:content url="http://www.lummyrecipes.com/recipes/egg-and-ham-breakfast-sandwich/images/egg-and-ham-breakfast-sandwich_image_4.webp" medium="image" type="image/webp">
        <media:title>Egg and Ham Breakfast Sandwich</media:title>
        <media:description>Start your day with a delicious Egg and Ham Breakfast Sandwich that combines savory ham, fluffy eggs, and melted cheese between two slices of bread. This quick and satisfying meal is perfect for busy mornings or leisurely weekends.</media:description>
      </media:content>
      <media:group>
        <media:category>recipe</media:category>
        <media:keywords>cat1761230422512, easyrecipe, quickrecipe, 30minutemeals, recipe, cooking, foodie, homemade, delicious, slices</media:keywords>
      </media:group>
    </item>
    <item>
      <title>Full English Breakfast</title>
      <link>http://www.lummyrecipes.com/base.html?page=recipe-detail&amp;recipe=full-english-breakfast</link>
      <description>Start your day right with a vibrant Full English Breakfast, packed with flavor and all the essentials to keep you energized. This hearty meal combines the best of traditional ingredients, making it a beloved choice for breakfast lovers everywhere.</description>
      <pubDate>Mon, 27 Oct 2025 23:10:46 +0100</pubDate>
      <guid isPermaLink="true">http://www.lummyrecipes.com/base.html?page=recipe-detail&amp;recipe=full-english-breakfast</guid>
      <category>cat_1761230422_512</category>
      <dc:creator>author_001</dc:creator>
      <content:encoded><![CDATA[<div class="recipe-content" style="font-family: Arial, sans-serif; max-width: 600px;"><img src="http://www.lummyrecipes.com/recipes/full-english-breakfast/images/full-english-breakfast_image_4.webp" alt="Full English Breakfast" style="width:100%;max-width:600px;height:auto;border-radius:8px;margin-bottom:20px;"><div style="background:#f8f9fa;padding:15px;border-radius:8px;margin-bottom:20px;"><p style="margin:5px 0;"><strong>⏱️ Prep Time:</strong> 15 minutes</p><p style="margin:5px 0;"><strong>🍳 Cook Time:</strong> 30 minutes</p><p style="margin:5px 0;"><strong>⏰ Total Time:</strong> 45 minutes</p><p style="margin:5px 0;"><strong>🍽️ Servings:</strong> 2</p><p style="margin:5px 0;"><strong>📊 Difficulty:</strong> Medium</p></div><div style="margin-bottom:30px;"><h3 style="color:#E60023;border-bottom:2px solid #E60023;padding-bottom:5px;">🥘 Ingredients</h3><ul style="line-height:1.8;"><li>2 slices of bread</li><li>1 cup homemade baked beans</li><li>2 tomatoes, halved</li><li>1 cup mushrooms, sliced</li><li>2 sausages</li><li>2 eggs</li></ul></div><div style="margin-bottom:30px;"><h3 style="color:#E60023;border-bottom:2px solid #E60023;padding-bottom:5px;">👩‍🍳 Instructions</h3><ol style="line-height:1.8;"><li>Toast the bread until golden brown.</li><li>In a skillet, cook the sausages over medium heat until browned.</li><li>Add the mushrooms and tomatoes to the skillet, cooking until softened.</li><li>Heat the baked beans in a small pot until warmed through.</li><li>Fry the eggs to your liking in a separate pan.</li><li>Serve everything on a plate, arranging it for a colorful presentation.</li></ol></div><div style="background:#fff3f3;padding:15px;border-radius:8px;border-left:4px solid #E60023;"><p><strong>📌 Pinterest Tags:</strong> #cat1761230422512 #mediumrecipe #1hourmeals #recipe #cooking #foodie #homemade #delicious #slices #tomatoes</p></div><div style="text-align:center;margin-top:30px;padding:20px;background:#E60023;color:white;border-radius:8px;"><p style="margin:0;"><strong>📌 Save this recipe to Pinterest!</strong></p><p style="margin:5px 0 0 0;">Perfect for meal planning and sharing with friends</p></div></div>]]></content:encoded>
      <media:content url="http://www.lummyrecipes.com/recipes/full-english-breakfast/images/full-english-breakfast_image_4.webp" medium="image" type="image/webp">
        <media:title>Full English Breakfast</media:title>
        <media:description>Start your day right with a vibrant Full English Breakfast, packed with flavor and all the essentials to keep you energized. This hearty meal combines the best of traditional ingredients, making it a beloved choice for breakfast lovers everywhere.</media:description>
      </media:content>
      <media:group>
        <media:category>recipe</media:category>
        <media:keywords>cat1761230422512, mediumrecipe, 1hourmeals, recipe, cooking, foodie, homemade, delicious, slices, tomatoes</media:keywords>
      </media:group>
    </item>
    <item>
      <title>Air Fryer Egg &amp; Cheese Toast</title>
      <link>http://www.lummyrecipes.com/base.html?page=recipe-detail&amp;recipe=air-fryer-egg-cheese-toast</link>
      <description>Start your day with this quick and delicious Air Fryer Egg &amp; Cheese Toast! It's crispy, satisfying, and perfect for busy mornings or brunch cravings.</description>
      <pubDate>Mon, 27 Oct 2025 23:10:44 +0100</pubDate>
      <guid isPermaLink="true">http://www.lummyrecipes.com/base.html?page=recipe-detail&amp;recipe=air-fryer-egg-cheese-toast</guid>
      <category>cat_1761230422_512</category>
      <dc:creator>author_001</dc:creator>
      <content:encoded><![CDATA[<div class="recipe-content" style="font-family: Arial, sans-serif; max-width: 600px;"><img src="http://www.lummyrecipes.com/recipes/air-fryer-egg-cheese-toast/images/air-fryer-egg-cheese-toast_image_4.webp" alt="Air Fryer Egg &amp; Cheese Toast" style="width:100%;max-width:600px;height:auto;border-radius:8px;margin-bottom:20px;"><div style="background:#f8f9fa;padding:15px;border-radius:8px;margin-bottom:20px;"><p style="margin:5px 0;"><strong>⏱️ Prep Time:</strong> 10 minutes</p><p style="margin:5px 0;"><strong>🍳 Cook Time:</strong> 5 minutes</p><p style="margin:5px 0;"><strong>⏰ Total Time:</strong> 15 minutes</p><p style="margin:5px 0;"><strong>🍽️ Servings:</strong> 2</p><p style="margin:5px 0;"><strong>📊 Difficulty:</strong> Easy</p></div><div style="margin-bottom:30px;"><h3 style="color:#E60023;border-bottom:2px solid #E60023;padding-bottom:5px;">🥘 Ingredients</h3><ul style="line-height:1.8;"><li>2 slices of bread</li><li>2 large eggs</li><li>2 slices of cheese</li><li>Salt and pepper to taste</li><li>Butter or oil for greasing</li></ul></div><div style="margin-bottom:30px;"><h3 style="color:#E60023;border-bottom:2px solid #E60023;padding-bottom:5px;">👩‍🍳 Instructions</h3><ol style="line-height:1.8;"><li>Preheat the air fryer to 350°F (175°C).</li><li>Grease the air fryer basket with butter or oil.</li><li>Place the slices of bread in the basket and crack an egg onto each slice.</li><li>Top each egg with a slice of cheese and season with salt and pepper.</li><li>Air fry for 5 minutes or until the egg is cooked to your liking.</li></ol></div><div style="background:#fff3f3;padding:15px;border-radius:8px;border-left:4px solid #E60023;"><p><strong>📌 Pinterest Tags:</strong> #cat1761230422512 #easyrecipe #quickrecipe #30minutemeals #recipe #cooking #foodie #homemade #delicious #slices #large</p></div><div style="text-align:center;margin-top:30px;padding:20px;background:#E60023;color:white;border-radius:8px;"><p style="margin:0;"><strong>📌 Save this recipe to Pinterest!</strong></p><p style="margin:5px 0 0 0;">Perfect for meal planning and sharing with friends</p></div></div>]]></content:encoded>
      <media:content url="http://www.lummyrecipes.com/recipes/air-fryer-egg-cheese-toast/images/air-fryer-egg-cheese-toast_image_4.webp" medium="image" type="image/webp">
        <media:title>Air Fryer Egg &amp; Cheese Toast</media:title>
        <media:description>Start your day with this quick and delicious Air Fryer Egg &amp; Cheese Toast! It's crispy, satisfying, and perfect for busy mornings or brunch cravings.</media:description>
      </media:content>
      <media:group>
        <media:category>recipe</media:category>
        <media:keywords>cat1761230422512, easyrecipe, quickrecipe, 30minutemeals, recipe, cooking, foodie, homemade, delicious, slices, large</media:keywords>
      </media:group>
    </item>
    <item>
      <title>Fluffy Pancakes</title>
      <link>http://www.lummyrecipes.com/base.html?page=recipe-detail&amp;recipe=fluffy-pancakes</link>
      <description>Indulge in these fluffy pancakes that are perfect for breakfast or brunch. With a golden exterior and soft, airy interior, they are sure to delight everyone at the table.</description>
      <pubDate>Thu, 23 Oct 2025 17:47:20 +0200</pubDate>
      <guid isPermaLink="true">http://www.lummyrecipes.com/base.html?page=recipe-detail&amp;recipe=fluffy-pancakes</guid>
      <category>cat_1761230422_512</category>
      <dc:creator>author_001</dc:creator>
      <content:encoded><![CDATA[<div class="recipe-content" style="font-family: Arial, sans-serif; max-width: 600px;"><img src="http://www.lummyrecipes.com/recipes/fluffy-pancakes/images/fluffy-pancakes_image_4.webp" alt="Fluffy Pancakes" style="width:100%;max-width:600px;height:auto;border-radius:8px;margin-bottom:20px;"><div style="background:#f8f9fa;padding:15px;border-radius:8px;margin-bottom:20px;"><p style="margin:5px 0;"><strong>⏱️ Prep Time:</strong> 15 minutes</p><p style="margin:5px 0;"><strong>🍳 Cook Time:</strong> 20 minutes</p><p style="margin:5px 0;"><strong>⏰ Total Time:</strong> 35 minutes</p><p style="margin:5px 0;"><strong>🍽️ Servings:</strong> 8</p><p style="margin:5px 0;"><strong>📊 Difficulty:</strong> Easy</p></div><div style="margin-bottom:30px;"><h3 style="color:#E60023;border-bottom:2px solid #E60023;padding-bottom:5px;">🥘 Ingredients</h3><ul style="line-height:1.8;"><li>250 grams all-purpose flour</li><li>2 eggs</li><li>300 milliliters milk</li><li>50 grams melted butter</li><li>2 tablespoons sugar</li><li>1 packet baking powder</li></ul></div><div style="margin-bottom:30px;"><h3 style="color:#E60023;border-bottom:2px solid #E60023;padding-bottom:5px;">👩‍🍳 Instructions</h3><ol style="line-height:1.8;"><li>In a large bowl, mix the dry ingredients: flour, sugar, and baking powder.</li><li>In another bowl, whisk together the eggs, milk, and melted butter.</li><li>Pour the wet ingredients into the dry ingredients and mix until just combined.</li><li>Let the batter rest for 10 minutes.</li><li>Heat a skillet over medium heat and pour in a ladle of batter.</li><li>Cook for 2 minutes on each side until golden brown.</li></ol></div><div style="background:#fff3f3;padding:15px;border-radius:8px;border-left:4px solid #E60023;"><p><strong>📌 Pinterest Tags:</strong> #cat1761230422512 #easyrecipe #1hourmeals #recipe #cooking #foodie #homemade #delicious #allpurpose #milliliters</p></div><div style="text-align:center;margin-top:30px;padding:20px;background:#E60023;color:white;border-radius:8px;"><p style="margin:0;"><strong>📌 Save this recipe to Pinterest!</strong></p><p style="margin:5px 0 0 0;">Perfect for meal planning and sharing with friends</p></div></div>]]></content:encoded>
      <media:content url="http://www.lummyrecipes.com/recipes/fluffy-pancakes/images/fluffy-pancakes_image_4.webp" medium="image" type="image/webp">
        <media:title>Fluffy Pancakes</media:title>
        <media:description>Indulge in these fluffy pancakes that are perfect for breakfast or brunch. With a golden exterior and soft, airy interior, they are sure to delight everyone at the table.</media:description>
      </media:content>
      <media:group>
        <media:category>recipe</media:category>
        <media:keywords>cat1761230422512, easyrecipe, 1hourmeals, recipe, cooking, foodie, homemade, delicious, allpurpose, milliliters</media:keywords>
      </media:group>
    </item>
  </channel>
</rss>
