<?xml version="1.0" encoding="UTF-8"?>
<rss version="2.0" 
     xmlns:content="http://purl.org/rss/1.0/modules/content/"
     xmlns:media="http://search.yahoo.com/mrss/"
     xmlns:dc="http://purl.org/dc/elements/1.1/"
     xmlns:atom="http://www.w3.org/2005/Atom">
  <channel>
    <title>healthy-light-meals Recipes - RSS Feed</title>
    <link>http://www.lummyrecipes.com/base.html</link>
    <description>Fresh healthy-light-meals recipes and cooking inspiration</description>
    <language>en-US</language>
    <copyright>© 2025 www.lummyrecipes.com</copyright>
    <managingEditor>info@lummyrecipes.com</managingEditor>
    <webMaster>webmaster@lummyrecipes.com</webMaster>
    <pubDate>Tue, 11 Nov 2025 20:38:14 +0100</pubDate>
    <lastBuildDate>Tue, 11 Nov 2025 20:38:14 +0100</lastBuildDate>
    <category>healthy-light-meals</category>
    <generator>Recipes - RSS Feed www.lummyrecipes.com</generator>
    <ttl>60</ttl>
    <atom:link href="http://www.lummyrecipes.com/base.html/rss.xml" rel="self" type="application/rss+xml" />
    <image>
      <url>http://www.lummyrecipes.com/base.html/images/logo.png</url>
      <title>healthy-light-meals Recipes - RSS Feed</title>
      <link>http://www.lummyrecipes.com/base.html</link>
      <width>144</width>
      <height>144</height>
    </image>
    <item>
      <title>Best Green Bean Recipe for Healthy Families</title>
      <link>http://www.lummyrecipes.com/base.html?page=recipe-detail&amp;recipe=best-green-bean-recipe-for-healthy-families</link>
      <description>Discover the ultimate green bean recipe that combines simplicity and flavor. This dish is perfect for family dinners and is sure to impress. Try it tonight and elevate your vegetable game!</description>
      <pubDate>Tue, 11 Nov 2025 19:28:17 +0100</pubDate>
      <guid isPermaLink="true">http://www.lummyrecipes.com/base.html?page=recipe-detail&amp;recipe=best-green-bean-recipe-for-healthy-families</guid>
      <category>cat_1761230636_499</category>
      <dc:creator>author_001</dc:creator>
      <content:encoded><![CDATA[<div class="recipe-content" style="font-family: Arial, sans-serif; max-width: 600px;"><img src="http://www.lummyrecipes.com/recipes/best-green-bean-recipe-for-healthy-families/images/best-green-bean-recipe-for-healthy-families_image_4.webp" alt="Best Green Bean Recipe for Healthy Families" style="width:100%;max-width:600px;height:auto;border-radius:8px;margin-bottom:20px;"><div style="background:#f8f9fa;padding:15px;border-radius:8px;margin-bottom:20px;"><p style="margin:5px 0;"><strong>⏱️ Prep Time:</strong> 15 minutes</p><p style="margin:5px 0;"><strong>🍳 Cook Time:</strong> 30 minutes</p><p style="margin:5px 0;"><strong>⏰ Total Time:</strong> 45 minutes</p><p style="margin:5px 0;"><strong>🍽️ Servings:</strong> 4</p><p style="margin:5px 0;"><strong>📊 Difficulty:</strong> Easy</p></div><div style="margin-bottom:30px;"><h3 style="color:#E60023;border-bottom:2px solid #E60023;padding-bottom:5px;">🥘 Ingredients</h3><ul style="line-height:1.8;"><li>1 pound green beans, trimmed</li><li>2 tablespoons olive oil</li><li>Salt and pepper to taste</li></ul></div><div style="margin-bottom:30px;"><h3 style="color:#E60023;border-bottom:2px solid #E60023;padding-bottom:5px;">👩‍🍳 Instructions</h3><ol style="line-height:1.8;"><li>Heat olive oil in a large skillet over medium heat.</li><li>Add green beans and sauté for 5-7 minutes until tender-crisp.</li><li>Season with salt and pepper before serving.</li></ol></div><div style="background:#fff3f3;padding:15px;border-radius:8px;border-left:4px solid #E60023;"><p><strong>📌 Pinterest Tags:</strong> #cat1761230636499 #easyrecipe #1hourmeals #recipe #cooking #foodie #homemade #delicious #pound #olive #pepper</p></div><div style="text-align:center;margin-top:30px;padding:20px;background:#E60023;color:white;border-radius:8px;"><p style="margin:0;"><strong>📌 Save this recipe to Pinterest!</strong></p><p style="margin:5px 0 0 0;">Perfect for meal planning and sharing with friends</p></div></div>]]></content:encoded>
      <media:content url="http://www.lummyrecipes.com/recipes/best-green-bean-recipe-for-healthy-families/images/best-green-bean-recipe-for-healthy-families_image_4.webp" medium="image" type="image/webp">
        <media:title>Best Green Bean Recipe for Healthy Families</media:title>
        <media:description>Discover the ultimate green bean recipe that combines simplicity and flavor. This dish is perfect for family dinners and is sure to impress. Try it tonight and elevate your vegetable game!</media:description>
      </media:content>
      <media:group>
        <media:category>recipe</media:category>
        <media:keywords>cat1761230636499, easyrecipe, 1hourmeals, recipe, cooking, foodie, homemade, delicious, pound, olive, pepper</media:keywords>
      </media:group>
    </item>
    <item>
      <title>Healthy Turkey Chili for Family Comfort</title>
      <link>http://www.lummyrecipes.com/base.html?page=recipe-detail&amp;recipe=healthy-turkey-chili-for-family-comfort</link>
      <description>This Healthy Turkey Chili is a comforting one-pot meal that's perfect for busy weeknights. Packed with lean protein and vibrant veggies, it’s a nutritious choice that the whole family will love. Try it tonight for a satisfying dinner!</description>
      <pubDate>Tue, 11 Nov 2025 19:28:15 +0100</pubDate>
      <guid isPermaLink="true">http://www.lummyrecipes.com/base.html?page=recipe-detail&amp;recipe=healthy-turkey-chili-for-family-comfort</guid>
      <category>cat_1761230636_499</category>
      <dc:creator>author_001</dc:creator>
      <content:encoded><![CDATA[<div class="recipe-content" style="font-family: Arial, sans-serif; max-width: 600px;"><img src="http://www.lummyrecipes.com/recipes/healthy-turkey-chili-for-family-comfort/images/healthy-turkey-chili-for-family-comfort_image_4.webp" alt="Healthy Turkey Chili for Family Comfort" style="width:100%;max-width:600px;height:auto;border-radius:8px;margin-bottom:20px;"><div style="background:#f8f9fa;padding:15px;border-radius:8px;margin-bottom:20px;"><p style="margin:5px 0;"><strong>⏱️ Prep Time:</strong> 15 minutes</p><p style="margin:5px 0;"><strong>🍳 Cook Time:</strong> 30 minutes</p><p style="margin:5px 0;"><strong>⏰ Total Time:</strong> 45 minutes</p><p style="margin:5px 0;"><strong>🍽️ Servings:</strong> 4</p><p style="margin:5px 0;"><strong>📊 Difficulty:</strong> Easy</p></div><div style="margin-bottom:30px;"><h3 style="color:#E60023;border-bottom:2px solid #E60023;padding-bottom:5px;">🥘 Ingredients</h3><ul style="line-height:1.8;"><li>1 pound ground turkey</li><li>1 can black beans, drained and rinsed</li><li>1 can diced tomatoes</li><li>1 onion, chopped</li><li>2 cloves garlic, minced</li><li>2 tablespoons chili powder</li><li>1 tablespoon olive oil</li><li>Salt and pepper to taste</li></ul></div><div style="margin-bottom:30px;"><h3 style="color:#E60023;border-bottom:2px solid #E60023;padding-bottom:5px;">👩‍🍳 Instructions</h3><ol style="line-height:1.8;"><li>Heat olive oil in a large pot over medium heat.</li><li>Add onion and garlic, sauté until softened.</li><li>Stir in ground turkey, cook until browned.</li><li>Add chili powder, salt, and pepper, mixing well.</li><li>Incorporate black beans and diced tomatoes, bring to a simmer.</li><li>Cook for 20 minutes, stirring occasionally.</li></ol></div><div style="background:#fff3f3;padding:15px;border-radius:8px;border-left:4px solid #E60023;"><p><strong>📌 Pinterest Tags:</strong> #cat1761230636499 #easyrecipe #1hourmeals #recipe #cooking #foodie #homemade #delicious #pound #black #diced</p></div><div style="text-align:center;margin-top:30px;padding:20px;background:#E60023;color:white;border-radius:8px;"><p style="margin:0;"><strong>📌 Save this recipe to Pinterest!</strong></p><p style="margin:5px 0 0 0;">Perfect for meal planning and sharing with friends</p></div></div>]]></content:encoded>
      <media:content url="http://www.lummyrecipes.com/recipes/healthy-turkey-chili-for-family-comfort/images/healthy-turkey-chili-for-family-comfort_image_4.webp" medium="image" type="image/webp">
        <media:title>Healthy Turkey Chili for Family Comfort</media:title>
        <media:description>This Healthy Turkey Chili is a comforting one-pot meal that's perfect for busy weeknights. Packed with lean protein and vibrant veggies, it’s a nutritious choice that the whole family will love. Try it tonight for a satisfying dinner!</media:description>
      </media:content>
      <media:group>
        <media:category>recipe</media:category>
        <media:keywords>cat1761230636499, easyrecipe, 1hourmeals, recipe, cooking, foodie, homemade, delicious, pound, black, diced</media:keywords>
      </media:group>
    </item>
    <item>
      <title>Healthy Turkey Chili for Family Meals</title>
      <link>http://www.lummyrecipes.com/base.html?page=recipe-detail&amp;recipe=healthy-turkey-chili-for-family-meals</link>
      <description>This Healthy Turkey Chili is a comforting and nutritious dish perfect for family dinners. Packed with flavor and wholesome ingredients, it's a crowd-pleaser that warms the soul. Try it tonight for a satisfying meal everyone will love!</description>
      <pubDate>Mon, 10 Nov 2025 18:25:58 +0100</pubDate>
      <guid isPermaLink="true">http://www.lummyrecipes.com/base.html?page=recipe-detail&amp;recipe=healthy-turkey-chili-for-family-meals</guid>
      <category>cat_1761230636_499</category>
      <dc:creator>author_001</dc:creator>
      <content:encoded><![CDATA[<div class="recipe-content" style="font-family: Arial, sans-serif; max-width: 600px;"><img src="http://www.lummyrecipes.com/recipes/healthy-turkey-chili-for-family-meals/images/healthy-turkey-chili-for-family-meals_image_4.webp" alt="Healthy Turkey Chili for Family Meals" style="width:100%;max-width:600px;height:auto;border-radius:8px;margin-bottom:20px;"><div style="background:#f8f9fa;padding:15px;border-radius:8px;margin-bottom:20px;"><p style="margin:5px 0;"><strong>⏱️ Prep Time:</strong> 15 minutes</p><p style="margin:5px 0;"><strong>🍳 Cook Time:</strong> 30 minutes</p><p style="margin:5px 0;"><strong>⏰ Total Time:</strong> 45 minutes</p><p style="margin:5px 0;"><strong>🍽️ Servings:</strong> 4</p><p style="margin:5px 0;"><strong>📊 Difficulty:</strong> Easy</p></div><div style="margin-bottom:30px;"><h3 style="color:#E60023;border-bottom:2px solid #E60023;padding-bottom:5px;">🥘 Ingredients</h3><ul style="line-height:1.8;"><li>1 pound ground turkey</li><li>1 can black beans, drained and rinsed</li><li>1 can diced tomatoes</li><li>1 onion, chopped</li><li>2 cloves garlic, minced</li><li>2 tablespoons chili powder</li><li>1 teaspoon cumin</li><li>Salt and pepper to taste</li><li>2 tablespoons olive oil</li></ul></div><div style="margin-bottom:30px;"><h3 style="color:#E60023;border-bottom:2px solid #E60023;padding-bottom:5px;">👩‍🍳 Instructions</h3><ol style="line-height:1.8;"><li>Heat olive oil in a large pot over medium heat.</li><li>Add chopped onion and garlic, sauté until softened.</li><li>Stir in ground turkey, cooking until browned.</li><li>Add black beans, diced tomatoes, chili powder, cumin, salt, and pepper.</li><li>Simmer for 20 minutes, stirring occasionally.</li></ol></div><div style="background:#fff3f3;padding:15px;border-radius:8px;border-left:4px solid #E60023;"><p><strong>📌 Pinterest Tags:</strong> #cat1761230636499 #easyrecipe #1hourmeals #recipe #cooking #foodie #homemade #delicious #pound #black #diced</p></div><div style="text-align:center;margin-top:30px;padding:20px;background:#E60023;color:white;border-radius:8px;"><p style="margin:0;"><strong>📌 Save this recipe to Pinterest!</strong></p><p style="margin:5px 0 0 0;">Perfect for meal planning and sharing with friends</p></div></div>]]></content:encoded>
      <media:content url="http://www.lummyrecipes.com/recipes/healthy-turkey-chili-for-family-meals/images/healthy-turkey-chili-for-family-meals_image_4.webp" medium="image" type="image/webp">
        <media:title>Healthy Turkey Chili for Family Meals</media:title>
        <media:description>This Healthy Turkey Chili is a comforting and nutritious dish perfect for family dinners. Packed with flavor and wholesome ingredients, it's a crowd-pleaser that warms the soul. Try it tonight for a satisfying meal everyone will love!</media:description>
      </media:content>
      <media:group>
        <media:category>recipe</media:category>
        <media:keywords>cat1761230636499, easyrecipe, 1hourmeals, recipe, cooking, foodie, homemade, delicious, pound, black, diced</media:keywords>
      </media:group>
    </item>
    <item>
      <title>Cranberry Apple Twice-Baked Sweet Potatoes - Healthy Family Delight</title>
      <link>http://www.lummyrecipes.com/base.html?page=recipe-detail&amp;recipe=cranberry-apple-twice-baked-sweet-potatoes-healthy-family-delight</link>
      <description>Indulge in these delicious Cranberry Apple Twice-Baked Sweet Potatoes that are both healthy and satisfying. Perfect for cozy dinners or festive gatherings, they bring the flavors of fall to your table. Try this easy recipe tonight and impress your family!</description>
      <pubDate>Mon, 10 Nov 2025 18:01:07 +0100</pubDate>
      <guid isPermaLink="true">http://www.lummyrecipes.com/base.html?page=recipe-detail&amp;recipe=cranberry-apple-twice-baked-sweet-potatoes-healthy-family-delight</guid>
      <category>cat_1761230636_499</category>
      <dc:creator>author_001</dc:creator>
      <content:encoded><![CDATA[<div class="recipe-content" style="font-family: Arial, sans-serif; max-width: 600px;"><img src="http://www.lummyrecipes.com/recipes/cranberry-apple-twice-baked-sweet-potatoes-healthy-family-delight/images/cranberry-apple-twice-baked-sweet-potatoes-healthy-family-delight_image_4.webp" alt="Cranberry Apple Twice-Baked Sweet Potatoes - Healthy Family Delight" style="width:100%;max-width:600px;height:auto;border-radius:8px;margin-bottom:20px;"><div style="background:#f8f9fa;padding:15px;border-radius:8px;margin-bottom:20px;"><p style="margin:5px 0;"><strong>⏱️ Prep Time:</strong> 15 minutes</p><p style="margin:5px 0;"><strong>🍳 Cook Time:</strong> 60 minutes</p><p style="margin:5px 0;"><strong>⏰ Total Time:</strong> 75 minutes</p><p style="margin:5px 0;"><strong>🍽️ Servings:</strong> 4</p><p style="margin:5px 0;"><strong>📊 Difficulty:</strong> Easy</p></div><div style="margin-bottom:30px;"><h3 style="color:#E60023;border-bottom:2px solid #E60023;padding-bottom:5px;">🥘 Ingredients</h3><ul style="line-height:1.8;"><li>4 medium sweet potatoes</li><li>1 cup cranberries, fresh or dried</li><li>1 apple, diced</li><li>2 tablespoons maple syrup</li><li>1/2 teaspoon cinnamon</li><li>Salt to taste</li></ul></div><div style="margin-bottom:30px;"><h3 style="color:#E60023;border-bottom:2px solid #E60023;padding-bottom:5px;">👩‍🍳 Instructions</h3><ol style="line-height:1.8;"><li>Preheat the oven to 400°F (200°C).</li><li>Wash and pierce the sweet potatoes with a fork, then bake for 45-50 minutes until tender.</li><li>Let the sweet potatoes cool slightly, then slice them in half lengthwise and scoop out the flesh into a bowl.</li><li>Mix the sweet potato flesh with cranberries, apple, maple syrup, cinnamon, and salt until well combined.</li><li>Spoon the mixture back into the sweet potato skins and return to the oven for an additional 15 minutes.</li></ol></div><div style="background:#fff3f3;padding:15px;border-radius:8px;border-left:4px solid #E60023;"><p><strong>📌 Pinterest Tags:</strong> #cat1761230636499 #easyrecipe #recipe #cooking #foodie #homemade #delicious #medium #cranberries #apple</p></div><div style="text-align:center;margin-top:30px;padding:20px;background:#E60023;color:white;border-radius:8px;"><p style="margin:0;"><strong>📌 Save this recipe to Pinterest!</strong></p><p style="margin:5px 0 0 0;">Perfect for meal planning and sharing with friends</p></div></div>]]></content:encoded>
      <media:content url="http://www.lummyrecipes.com/recipes/cranberry-apple-twice-baked-sweet-potatoes-healthy-family-delight/images/cranberry-apple-twice-baked-sweet-potatoes-healthy-family-delight_image_4.webp" medium="image" type="image/webp">
        <media:title>Cranberry Apple Twice-Baked Sweet Potatoes - Healthy Family Delight</media:title>
        <media:description>Indulge in these delicious Cranberry Apple Twice-Baked Sweet Potatoes that are both healthy and satisfying. Perfect for cozy dinners or festive gatherings, they bring the flavors of fall to your table. Try this easy recipe tonight and impress your family!</media:description>
      </media:content>
      <media:group>
        <media:category>recipe</media:category>
        <media:keywords>cat1761230636499, easyrecipe, recipe, cooking, foodie, homemade, delicious, medium, cranberries, apple</media:keywords>
      </media:group>
    </item>
    <item>
      <title>Chickpea Feta Avocado Salad</title>
      <link>http://www.lummyrecipes.com/base.html?page=recipe-detail&amp;recipe=chickpea-feta-avocado-salad</link>
      <description>This Chickpea Feta Avocado Salad is a vibrant and refreshing dish that combines creamy avocado, tangy feta, and hearty chickpeas. Perfect as a light meal or a side dish, it's packed with flavor and nutrition, making it a delightful addition to any table.</description>
      <pubDate>Tue, 04 Nov 2025 23:27:48 +0100</pubDate>
      <guid isPermaLink="true">http://www.lummyrecipes.com/base.html?page=recipe-detail&amp;recipe=chickpea-feta-avocado-salad</guid>
      <category>cat_1761230636_499</category>
      <dc:creator>author_001</dc:creator>
      <content:encoded><![CDATA[<div class="recipe-content" style="font-family: Arial, sans-serif; max-width: 600px;"><img src="http://www.lummyrecipes.com/recipes/chickpea-feta-avocado-salad/images/chickpea-feta-avocado-salad_image_4.webp" alt="Chickpea Feta Avocado Salad" style="width:100%;max-width:600px;height:auto;border-radius:8px;margin-bottom:20px;"><div style="background:#f8f9fa;padding:15px;border-radius:8px;margin-bottom:20px;"><p style="margin:5px 0;"><strong>⏱️ Prep Time:</strong> 15 minutes</p><p style="margin:5px 0;"><strong>🍳 Cook Time:</strong> 0 minutes</p><p style="margin:5px 0;"><strong>⏰ Total Time:</strong> 15 minutes</p><p style="margin:5px 0;"><strong>🍽️ Servings:</strong> 4</p><p style="margin:5px 0;"><strong>📊 Difficulty:</strong> Easy</p></div><div style="margin-bottom:30px;"><h3 style="color:#E60023;border-bottom:2px solid #E60023;padding-bottom:5px;">🥘 Ingredients</h3><ul style="line-height:1.8;"><li>1 can chickpeas, drained and rinsed</li><li>1 avocado, diced</li><li>1 cup cherry tomatoes, halved</li><li>1/2 cup feta cheese, crumbled</li><li>1/4 cup red onion, finely chopped</li><li>2 tablespoons olive oil</li><li>1 tablespoon lemon juice</li><li>Salt and pepper to taste</li><li>Fresh parsley for garnish</li></ul></div><div style="margin-bottom:30px;"><h3 style="color:#E60023;border-bottom:2px solid #E60023;padding-bottom:5px;">👩‍🍳 Instructions</h3><ol style="line-height:1.8;"><li>In a large bowl, combine chickpeas, avocado, cherry tomatoes, feta cheese, and red onion.</li><li>In a small bowl, whisk together olive oil, lemon juice, salt, and pepper.</li><li>Pour the dressing over the salad and gently toss to combine.</li><li>Garnish with fresh parsley before serving.</li></ol></div><div style="background:#fff3f3;padding:15px;border-radius:8px;border-left:4px solid #E60023;"><p><strong>📌 Pinterest Tags:</strong> #cat1761230636499 #easyrecipe #quickrecipe #30minutemeals #recipe #cooking #foodie #homemade #delicious #chickpeas #avocado #cherry</p></div><div style="text-align:center;margin-top:30px;padding:20px;background:#E60023;color:white;border-radius:8px;"><p style="margin:0;"><strong>📌 Save this recipe to Pinterest!</strong></p><p style="margin:5px 0 0 0;">Perfect for meal planning and sharing with friends</p></div></div>]]></content:encoded>
      <media:content url="http://www.lummyrecipes.com/recipes/chickpea-feta-avocado-salad/images/chickpea-feta-avocado-salad_image_4.webp" medium="image" type="image/webp">
        <media:title>Chickpea Feta Avocado Salad</media:title>
        <media:description>This Chickpea Feta Avocado Salad is a vibrant and refreshing dish that combines creamy avocado, tangy feta, and hearty chickpeas. Perfect as a light meal or a side dish, it's packed with flavor and nutrition, making it a delightful addition to any table.</media:description>
      </media:content>
      <media:group>
        <media:category>recipe</media:category>
        <media:keywords>cat1761230636499, easyrecipe, quickrecipe, 30minutemeals, recipe, cooking, foodie, homemade, delicious, chickpeas, avocado, cherry</media:keywords>
      </media:group>
    </item>
    <item>
      <title>Healthy Bowls Recipes for a Nutritious Family Dinner</title>
      <link>http://www.lummyrecipes.com/base.html?page=recipe-detail&amp;recipe=healthy-bowls-recipes-for-a-nutritious-family-dinner</link>
      <description>Discover the joy of cooking with these healthy bowl recipes that bring together vibrant ingredients for a nutritious family dinner. Each bowl is a celebration of flavors and colors, making dinner not just a meal, but an experience.</description>
      <pubDate>Tue, 04 Nov 2025 23:27:42 +0100</pubDate>
      <guid isPermaLink="true">http://www.lummyrecipes.com/base.html?page=recipe-detail&amp;recipe=healthy-bowls-recipes-for-a-nutritious-family-dinner</guid>
      <category>cat_1761230636_499</category>
      <dc:creator>author_001</dc:creator>
      <content:encoded><![CDATA[<div class="recipe-content" style="font-family: Arial, sans-serif; max-width: 600px;"><img src="http://www.lummyrecipes.com/recipes/healthy-bowls-recipes-for-a-nutritious-family-dinner/images/healthy-bowls-recipes-for-a-nutritious-family-dinner_image_4.webp" alt="Healthy Bowls Recipes for a Nutritious Family Dinner" style="width:100%;max-width:600px;height:auto;border-radius:8px;margin-bottom:20px;"><div style="background:#f8f9fa;padding:15px;border-radius:8px;margin-bottom:20px;"><p style="margin:5px 0;"><strong>⏱️ Prep Time:</strong> 15 minutes</p><p style="margin:5px 0;"><strong>🍳 Cook Time:</strong> 30 minutes</p><p style="margin:5px 0;"><strong>⏰ Total Time:</strong> 45 minutes</p><p style="margin:5px 0;"><strong>🍽️ Servings:</strong> 4</p><p style="margin:5px 0;"><strong>📊 Difficulty:</strong> Easy</p></div><div style="margin-bottom:30px;"><h3 style="color:#E60023;border-bottom:2px solid #E60023;padding-bottom:5px;">🥘 Ingredients</h3><ul style="line-height:1.8;"><li>1 pound shrimp peeled and deveined</li><li>2 tablespoons olive oil</li><li>2 cups cooked quinoa</li><li>1 cup cherry tomatoes halved</li><li>1 cup spinach</li><li>1 avocado sliced</li><li>1 lemon juiced</li><li>Salt and pepper to taste</li></ul></div><div style="margin-bottom:30px;"><h3 style="color:#E60023;border-bottom:2px solid #E60023;padding-bottom:5px;">👩‍🍳 Instructions</h3><ol style="line-height:1.8;"><li>Heat olive oil in a large skillet over medium heat.</li><li>Add shrimp and cook for 2-3 minutes per side until pink.</li><li>In a bowl, layer cooked quinoa, spinach, cherry tomatoes, and avocado.</li><li>Top with cooked shrimp, drizzle with lemon juice, and season with salt and pepper.</li></ol></div><div style="background:#fff3f3;padding:15px;border-radius:8px;border-left:4px solid #E60023;"><p><strong>📌 Pinterest Tags:</strong> #cat1761230636499 #easyrecipe #1hourmeals #recipe #cooking #foodie #homemade #delicious #pound #olive #cooked</p></div><div style="text-align:center;margin-top:30px;padding:20px;background:#E60023;color:white;border-radius:8px;"><p style="margin:0;"><strong>📌 Save this recipe to Pinterest!</strong></p><p style="margin:5px 0 0 0;">Perfect for meal planning and sharing with friends</p></div></div>]]></content:encoded>
      <media:content url="http://www.lummyrecipes.com/recipes/healthy-bowls-recipes-for-a-nutritious-family-dinner/images/healthy-bowls-recipes-for-a-nutritious-family-dinner_image_4.webp" medium="image" type="image/webp">
        <media:title>Healthy Bowls Recipes for a Nutritious Family Dinner</media:title>
        <media:description>Discover the joy of cooking with these healthy bowl recipes that bring together vibrant ingredients for a nutritious family dinner. Each bowl is a celebration of flavors and colors, making dinner not just a meal, but an experience.</media:description>
      </media:content>
      <media:group>
        <media:category>recipe</media:category>
        <media:keywords>cat1761230636499, easyrecipe, 1hourmeals, recipe, cooking, foodie, homemade, delicious, pound, olive, cooked</media:keywords>
      </media:group>
    </item>
    <item>
      <title>Green Goddess Salad</title>
      <link>http://www.lummyrecipes.com/base.html?page=recipe-detail&amp;recipe=green-goddess-salad</link>
      <description>This vibrant Green Goddess Salad is a refreshing and nutritious dish that bursts with flavor and color. Packed with fresh greens and a creamy herb dressing, it's perfect for a light lunch or as a side at dinner.</description>
      <pubDate>Mon, 03 Nov 2025 19:11:36 +0100</pubDate>
      <guid isPermaLink="true">http://www.lummyrecipes.com/base.html?page=recipe-detail&amp;recipe=green-goddess-salad</guid>
      <category>cat_1761230636_499</category>
      <dc:creator>author_001</dc:creator>
      <content:encoded><![CDATA[<div class="recipe-content" style="font-family: Arial, sans-serif; max-width: 600px;"><img src="http://www.lummyrecipes.com/recipes/green-goddess-salad/images/green-goddess-salad_image_4.webp" alt="Green Goddess Salad" style="width:100%;max-width:600px;height:auto;border-radius:8px;margin-bottom:20px;"><div style="background:#f8f9fa;padding:15px;border-radius:8px;margin-bottom:20px;"><p style="margin:5px 0;"><strong>⏱️ Prep Time:</strong> 15 minutes</p><p style="margin:5px 0;"><strong>🍳 Cook Time:</strong> 0 minutes</p><p style="margin:5px 0;"><strong>⏰ Total Time:</strong> 15 minutes</p><p style="margin:5px 0;"><strong>🍽️ Servings:</strong> 4</p><p style="margin:5px 0;"><strong>📊 Difficulty:</strong> Easy</p></div><div style="margin-bottom:30px;"><h3 style="color:#E60023;border-bottom:2px solid #E60023;padding-bottom:5px;">🥘 Ingredients</h3><ul style="line-height:1.8;"><li>4 cups mixed greens</li><li>1 cup cherry tomatoes, halved</li><li>1 cucumber, sliced</li><li>1 avocado, diced</li><li>1/4 cup red onion, thinly sliced</li><li>1/2 cup Green Goddess dressing</li></ul></div><div style="margin-bottom:30px;"><h3 style="color:#E60023;border-bottom:2px solid #E60023;padding-bottom:5px;">👩‍🍳 Instructions</h3><ol style="line-height:1.8;"><li>In a large bowl, combine mixed greens, cherry tomatoes, cucumber, avocado, and red onion.</li><li>Drizzle with Green Goddess dressing and toss gently to combine.</li></ol></div><div style="background:#fff3f3;padding:15px;border-radius:8px;border-left:4px solid #E60023;"><p><strong>📌 Pinterest Tags:</strong> #cat1761230636499 #easyrecipe #quickrecipe #30minutemeals #recipe #cooking #foodie #homemade #delicious #mixed #cherry #cucumber</p></div><div style="text-align:center;margin-top:30px;padding:20px;background:#E60023;color:white;border-radius:8px;"><p style="margin:0;"><strong>📌 Save this recipe to Pinterest!</strong></p><p style="margin:5px 0 0 0;">Perfect for meal planning and sharing with friends</p></div></div>]]></content:encoded>
      <media:content url="http://www.lummyrecipes.com/recipes/green-goddess-salad/images/green-goddess-salad_image_4.webp" medium="image" type="image/webp">
        <media:title>Green Goddess Salad</media:title>
        <media:description>This vibrant Green Goddess Salad is a refreshing and nutritious dish that bursts with flavor and color. Packed with fresh greens and a creamy herb dressing, it's perfect for a light lunch or as a side at dinner.</media:description>
      </media:content>
      <media:group>
        <media:category>recipe</media:category>
        <media:keywords>cat1761230636499, easyrecipe, quickrecipe, 30minutemeals, recipe, cooking, foodie, homemade, delicious, mixed, cherry, cucumber</media:keywords>
      </media:group>
    </item>
    <item>
      <title>Tofu Stir-Fry</title>
      <link>http://www.lummyrecipes.com/base.html?page=recipe-detail&amp;recipe=tofu-stir-fry</link>
      <description>Experience the vibrant flavors of this Tofu Stir-Fry, packed with crunchy vegetables and a sweet and tangy sauce. It's a quick and healthy meal that brings excitement to your dinner table!</description>
      <pubDate>Wed, 29 Oct 2025 17:23:54 +0100</pubDate>
      <guid isPermaLink="true">http://www.lummyrecipes.com/base.html?page=recipe-detail&amp;recipe=tofu-stir-fry</guid>
      <category>cat_1761230636_499</category>
      <dc:creator>author_001</dc:creator>
      <content:encoded><![CDATA[<div class="recipe-content" style="font-family: Arial, sans-serif; max-width: 600px;"><img src="http://www.lummyrecipes.com/recipes/tofu-stir-fry/images/tofu-stir-fry_image_4.webp" alt="Tofu Stir-Fry" style="width:100%;max-width:600px;height:auto;border-radius:8px;margin-bottom:20px;"><div style="background:#f8f9fa;padding:15px;border-radius:8px;margin-bottom:20px;"><p style="margin:5px 0;"><strong>⏱️ Prep Time:</strong> 15 minutes</p><p style="margin:5px 0;"><strong>🍳 Cook Time:</strong> 30 minutes</p><p style="margin:5px 0;"><strong>⏰ Total Time:</strong> 45 minutes</p><p style="margin:5px 0;"><strong>🍽️ Servings:</strong> 4</p><p style="margin:5px 0;"><strong>📊 Difficulty:</strong> Easy</p></div><div style="margin-bottom:30px;"><h3 style="color:#E60023;border-bottom:2px solid #E60023;padding-bottom:5px;">🥘 Ingredients</h3><ul style="line-height:1.8;"><li>1 block firm tofu, pressed and cubed</li><li>2 tablespoons vegetable oil</li><li>2 cups mixed vegetables (bell peppers, broccoli, carrots)</li><li>3 tablespoons soy sauce</li><li>1 tablespoon sweet chili sauce</li><li>1 teaspoon garlic, minced</li><li>1 teaspoon ginger, minced</li></ul></div><div style="margin-bottom:30px;"><h3 style="color:#E60023;border-bottom:2px solid #E60023;padding-bottom:5px;">👩‍🍳 Instructions</h3><ol style="line-height:1.8;"><li>Heat vegetable oil in a large skillet over medium-high heat.</li><li>Add cubed tofu and cook until golden brown, about 5-7 minutes.</li><li>Stir in mixed vegetables and cook for another 5 minutes until tender-crisp.</li><li>Add garlic and ginger, sauté for 1 minute until fragrant.</li><li>Pour in soy sauce and sweet chili sauce, stir well to combine and heat through.</li></ol></div><div style="background:#fff3f3;padding:15px;border-radius:8px;border-left:4px solid #E60023;"><p><strong>📌 Pinterest Tags:</strong> #cat1761230636499 #easyrecipe #1hourmeals #recipe #cooking #foodie #homemade #delicious #block #vegetable #mixed</p></div><div style="text-align:center;margin-top:30px;padding:20px;background:#E60023;color:white;border-radius:8px;"><p style="margin:0;"><strong>📌 Save this recipe to Pinterest!</strong></p><p style="margin:5px 0 0 0;">Perfect for meal planning and sharing with friends</p></div></div>]]></content:encoded>
      <media:content url="http://www.lummyrecipes.com/recipes/tofu-stir-fry/images/tofu-stir-fry_image_4.webp" medium="image" type="image/webp">
        <media:title>Tofu Stir-Fry</media:title>
        <media:description>Experience the vibrant flavors of this Tofu Stir-Fry, packed with crunchy vegetables and a sweet and tangy sauce. It's a quick and healthy meal that brings excitement to your dinner table!</media:description>
      </media:content>
      <media:group>
        <media:category>recipe</media:category>
        <media:keywords>cat1761230636499, easyrecipe, 1hourmeals, recipe, cooking, foodie, homemade, delicious, block, vegetable, mixed</media:keywords>
      </media:group>
    </item>
    <item>
      <title>Red Lentil Bread Rolls</title>
      <link>http://www.lummyrecipes.com/base.html?page=recipe-detail&amp;recipe=red-lentil-bread-rolls</link>
      <description>These Red Lentil Bread Rolls are a delightful twist on traditional bread. Soft, fluffy, and packed with protein, they make a perfect addition to any meal or a tasty snack on their own.</description>
      <pubDate>Wed, 29 Oct 2025 17:23:52 +0100</pubDate>
      <guid isPermaLink="true">http://www.lummyrecipes.com/base.html?page=recipe-detail&amp;recipe=red-lentil-bread-rolls</guid>
      <category>cat_1761230636_499</category>
      <dc:creator>author_001</dc:creator>
      <content:encoded><![CDATA[<div class="recipe-content" style="font-family: Arial, sans-serif; max-width: 600px;"><img src="http://www.lummyrecipes.com/recipes/red-lentil-bread-rolls/images/red-lentil-bread-rolls_image_4.webp" alt="Red Lentil Bread Rolls" style="width:100%;max-width:600px;height:auto;border-radius:8px;margin-bottom:20px;"><div style="background:#f8f9fa;padding:15px;border-radius:8px;margin-bottom:20px;"><p style="margin:5px 0;"><strong>⏱️ Prep Time:</strong> 15 minutes</p><p style="margin:5px 0;"><strong>🍳 Cook Time:</strong> 30 minutes</p><p style="margin:5px 0;"><strong>⏰ Total Time:</strong> 45 minutes</p><p style="margin:5px 0;"><strong>🍽️ Servings:</strong> 4</p><p style="margin:5px 0;"><strong>📊 Difficulty:</strong> Easy</p></div><div style="margin-bottom:30px;"><h3 style="color:#E60023;border-bottom:2px solid #E60023;padding-bottom:5px;">🥘 Ingredients</h3><ul style="line-height:1.8;"><li>1 cup red lentils, rinsed and drained</li><li>2 cups water</li><li>1 teaspoon salt</li><li>1 teaspoon garlic powder</li><li>1 teaspoon onion powder</li><li>1/2 teaspoon black pepper</li><li>1 teaspoon baking powder</li></ul></div><div style="margin-bottom:30px;"><h3 style="color:#E60023;border-bottom:2px solid #E60023;padding-bottom:5px;">👩‍🍳 Instructions</h3><ol style="line-height:1.8;"><li>In a pot, combine red lentils and water. Bring to a boil, then reduce heat and simmer until lentils are soft, about 15 minutes.</li><li>Drain excess water and mash lentils until smooth.</li><li>Add salt, garlic powder, onion powder, black pepper, and baking powder to the mashed lentils. Mix until well combined.</li><li>Preheat the oven to 375°F (190°C) and line a baking sheet with parchment paper.</li><li>Scoop tablespoon-sized portions of the mixture onto the prepared baking sheet, shaping them into rolls.</li><li>Bake for 15-20 minutes, or until the rolls are firm and slightly golden on the outside.</li></ol></div><div style="background:#fff3f3;padding:15px;border-radius:8px;border-left:4px solid #E60023;"><p><strong>📌 Pinterest Tags:</strong> #cat1761230636499 #easyrecipe #1hourmeals #recipe #cooking #foodie #homemade #delicious #lentils #water #teaspoon</p></div><div style="text-align:center;margin-top:30px;padding:20px;background:#E60023;color:white;border-radius:8px;"><p style="margin:0;"><strong>📌 Save this recipe to Pinterest!</strong></p><p style="margin:5px 0 0 0;">Perfect for meal planning and sharing with friends</p></div></div>]]></content:encoded>
      <media:content url="http://www.lummyrecipes.com/recipes/red-lentil-bread-rolls/images/red-lentil-bread-rolls_image_4.webp" medium="image" type="image/webp">
        <media:title>Red Lentil Bread Rolls</media:title>
        <media:description>These Red Lentil Bread Rolls are a delightful twist on traditional bread. Soft, fluffy, and packed with protein, they make a perfect addition to any meal or a tasty snack on their own.</media:description>
      </media:content>
      <media:group>
        <media:category>recipe</media:category>
        <media:keywords>cat1761230636499, easyrecipe, 1hourmeals, recipe, cooking, foodie, homemade, delicious, lentils, water, teaspoon</media:keywords>
      </media:group>
    </item>
    <item>
      <title>Cinnamon-Sugar Air Fryer Banana Chips</title>
      <link>http://www.lummyrecipes.com/base.html?page=recipe-detail&amp;recipe=cinnamon-sugar-air-fryer-banana-chips</link>
      <description>Sweet, crispy, and guilt-free, these cinnamon-sugar air fryer banana chips are the perfect healthy snack that will satisfy your cravings without the guilt. Enjoy the delightful crunch and warm spices in every bite!</description>
      <pubDate>Fri, 24 Oct 2025 19:41:18 +0200</pubDate>
      <guid isPermaLink="true">http://www.lummyrecipes.com/base.html?page=recipe-detail&amp;recipe=cinnamon-sugar-air-fryer-banana-chips</guid>
      <category>cat_1761230636_499</category>
      <dc:creator>author_001</dc:creator>
      <content:encoded><![CDATA[<div class="recipe-content" style="font-family: Arial, sans-serif; max-width: 600px;"><img src="http://www.lummyrecipes.com/recipes/cinnamon-sugar-air-fryer-banana-chips/images/cinnamon-sugar-air-fryer-banana-chips_image_4.webp" alt="Cinnamon-Sugar Air Fryer Banana Chips" style="width:100%;max-width:600px;height:auto;border-radius:8px;margin-bottom:20px;"><div style="background:#f8f9fa;padding:15px;border-radius:8px;margin-bottom:20px;"><p style="margin:5px 0;"><strong>⏱️ Prep Time:</strong> 15 minutes</p><p style="margin:5px 0;"><strong>🍳 Cook Time:</strong> 25 minutes</p><p style="margin:5px 0;"><strong>⏰ Total Time:</strong> 40 minutes</p><p style="margin:5px 0;"><strong>🍽️ Servings:</strong> 4</p><p style="margin:5px 0;"><strong>📊 Difficulty:</strong> Easy</p></div><div style="margin-bottom:30px;"><h3 style="color:#E60023;border-bottom:2px solid #E60023;padding-bottom:5px;">🥘 Ingredients</h3><ul style="line-height:1.8;"><li>4 ripe bananas</li><li>2 tablespoons cinnamon</li><li>1 tablespoon sugar</li><li>1 tablespoon olive oil</li></ul></div><div style="margin-bottom:30px;"><h3 style="color:#E60023;border-bottom:2px solid #E60023;padding-bottom:5px;">👩‍🍳 Instructions</h3><ol style="line-height:1.8;"><li>Preheat the air fryer to 350°F (175°C).</li><li>Slice the bananas thinly and toss them in a bowl with olive oil, cinnamon, and sugar.</li><li>Arrange the banana slices in a single layer in the air fryer basket.</li><li>Air fry for 15-20 minutes, shaking the basket halfway through, until crispy.</li></ol></div><div style="background:#fff3f3;padding:15px;border-radius:8px;border-left:4px solid #E60023;"><p><strong>📌 Pinterest Tags:</strong> #cat1761230636499 #easyrecipe #1hourmeals #recipe #cooking #foodie #homemade #delicious #bananas #cinnamon #tablespoon</p></div><div style="text-align:center;margin-top:30px;padding:20px;background:#E60023;color:white;border-radius:8px;"><p style="margin:0;"><strong>📌 Save this recipe to Pinterest!</strong></p><p style="margin:5px 0 0 0;">Perfect for meal planning and sharing with friends</p></div></div>]]></content:encoded>
      <media:content url="http://www.lummyrecipes.com/recipes/cinnamon-sugar-air-fryer-banana-chips/images/cinnamon-sugar-air-fryer-banana-chips_image_4.webp" medium="image" type="image/webp">
        <media:title>Cinnamon-Sugar Air Fryer Banana Chips</media:title>
        <media:description>Sweet, crispy, and guilt-free, these cinnamon-sugar air fryer banana chips are the perfect healthy snack that will satisfy your cravings without the guilt. Enjoy the delightful crunch and warm spices in every bite!</media:description>
      </media:content>
      <media:group>
        <media:category>recipe</media:category>
        <media:keywords>cat1761230636499, easyrecipe, 1hourmeals, recipe, cooking, foodie, homemade, delicious, bananas, cinnamon, tablespoon</media:keywords>
      </media:group>
    </item>
    <item>
      <title>Grilled Vegetable Quinoa Salad</title>
      <link>http://www.lummyrecipes.com/base.html?page=recipe-detail&amp;recipe=grilled-vegetable-quinoa-salad</link>
      <description>This Grilled Vegetable Quinoa Salad is a vibrant and nutritious dish that combines the earthy flavors of grilled vegetables with the nutty taste of quinoa. Perfect for a light lunch or as a side dish, it's both satisfying and refreshing.</description>
      <pubDate>Thu, 23 Oct 2025 17:47:19 +0200</pubDate>
      <guid isPermaLink="true">http://www.lummyrecipes.com/base.html?page=recipe-detail&amp;recipe=grilled-vegetable-quinoa-salad</guid>
      <category>cat_1761230636_499</category>
      <dc:creator>author_001</dc:creator>
      <content:encoded><![CDATA[<div class="recipe-content" style="font-family: Arial, sans-serif; max-width: 600px;"><img src="http://www.lummyrecipes.com/recipes/grilled-vegetable-quinoa-salad/images/grilled-vegetable-quinoa-salad_image_4.webp" alt="Grilled Vegetable Quinoa Salad" style="width:100%;max-width:600px;height:auto;border-radius:8px;margin-bottom:20px;"><div style="background:#f8f9fa;padding:15px;border-radius:8px;margin-bottom:20px;"><p style="margin:5px 0;"><strong>⏱️ Prep Time:</strong> 15 minutes</p><p style="margin:5px 0;"><strong>🍳 Cook Time:</strong> 20 minutes</p><p style="margin:5px 0;"><strong>⏰ Total Time:</strong> 35 minutes</p><p style="margin:5px 0;"><strong>🍽️ Servings:</strong> 4</p><p style="margin:5px 0;"><strong>📊 Difficulty:</strong> Easy</p></div><div style="margin-bottom:30px;"><h3 style="color:#E60023;border-bottom:2px solid #E60023;padding-bottom:5px;">🥘 Ingredients</h3><ul style="line-height:1.8;"><li>200g quinoa</li><li>1 zucchini, diced</li><li>1 bell pepper, diced</li><li>1 eggplant, diced</li><li>100g chickpeas, cooked</li><li>Juice of 1 lemon</li><li>2 tablespoons olive oil</li><li>Fresh mint leaves, chopped</li></ul></div><div style="margin-bottom:30px;"><h3 style="color:#E60023;border-bottom:2px solid #E60023;padding-bottom:5px;">👩‍🍳 Instructions</h3><ol style="line-height:1.8;"><li>Cook the quinoa according to package instructions until fluffy.</li><li>Grill the diced zucchini, bell pepper, and eggplant until tender and slightly charred.</li><li>In a large bowl, combine the cooked quinoa, grilled vegetables, and chickpeas.</li><li>Drizzle with lemon juice and olive oil, then toss gently to combine.</li><li>Garnish with fresh mint before serving.</li></ol></div><div style="background:#fff3f3;padding:15px;border-radius:8px;border-left:4px solid #E60023;"><p><strong>📌 Pinterest Tags:</strong> #cat1761230636499 #easyrecipe #1hourmeals #recipe #cooking #foodie #homemade #delicious #quinoa #zucchini #pepper</p></div><div style="text-align:center;margin-top:30px;padding:20px;background:#E60023;color:white;border-radius:8px;"><p style="margin:0;"><strong>📌 Save this recipe to Pinterest!</strong></p><p style="margin:5px 0 0 0;">Perfect for meal planning and sharing with friends</p></div></div>]]></content:encoded>
      <media:content url="http://www.lummyrecipes.com/recipes/grilled-vegetable-quinoa-salad/images/grilled-vegetable-quinoa-salad_image_4.webp" medium="image" type="image/webp">
        <media:title>Grilled Vegetable Quinoa Salad</media:title>
        <media:description>This Grilled Vegetable Quinoa Salad is a vibrant and nutritious dish that combines the earthy flavors of grilled vegetables with the nutty taste of quinoa. Perfect for a light lunch or as a side dish, it's both satisfying and refreshing.</media:description>
      </media:content>
      <media:group>
        <media:category>recipe</media:category>
        <media:keywords>cat1761230636499, easyrecipe, 1hourmeals, recipe, cooking, foodie, homemade, delicious, quinoa, zucchini, pepper</media:keywords>
      </media:group>
    </item>
  </channel>
</rss>
