<?xml version="1.0" encoding="UTF-8"?>
<rss version="2.0" 
     xmlns:content="http://purl.org/rss/1.0/modules/content/"
     xmlns:media="http://search.yahoo.com/mrss/"
     xmlns:dc="http://purl.org/dc/elements/1.1/"
     xmlns:atom="http://www.w3.org/2005/Atom">
  <channel>
    <title>vegetarian-vegan Recipes - RSS Feed</title>
    <link>http://www.lummyrecipes.com/base.html</link>
    <description>Fresh vegetarian-vegan recipes and cooking inspiration</description>
    <language>en-US</language>
    <copyright>© 2025 www.lummyrecipes.com</copyright>
    <managingEditor>info@lummyrecipes.com</managingEditor>
    <webMaster>webmaster@lummyrecipes.com</webMaster>
    <pubDate>Tue, 11 Nov 2025 20:38:15 +0100</pubDate>
    <lastBuildDate>Tue, 11 Nov 2025 20:38:15 +0100</lastBuildDate>
    <category>vegetarian-vegan</category>
    <generator>Recipes - RSS Feed www.lummyrecipes.com</generator>
    <ttl>60</ttl>
    <atom:link href="http://www.lummyrecipes.com/base.html/rss.xml" rel="self" type="application/rss+xml" />
    <image>
      <url>http://www.lummyrecipes.com/base.html/images/logo.png</url>
      <title>vegetarian-vegan Recipes - RSS Feed</title>
      <link>http://www.lummyrecipes.com/base.html</link>
      <width>144</width>
      <height>144</height>
    </image>
    <item>
      <title>Easy Healthy Broccoli Pasta</title>
      <link>http://www.lummyrecipes.com/base.html?page=recipe-detail&amp;recipe=easy-healthy-broccoli-pasta</link>
      <description>This Easy Healthy Broccoli Pasta is a delightful dish that's quick to prepare and packed with nutrients. Perfect for busy weeknights, it brings the family together with its vibrant flavors and comforting textures.</description>
      <pubDate>Mon, 27 Oct 2025 23:20:54 +0100</pubDate>
      <guid isPermaLink="true">http://www.lummyrecipes.com/base.html?page=recipe-detail&amp;recipe=easy-healthy-broccoli-pasta</guid>
      <category>cat_1761230119_510</category>
      <dc:creator>author_001</dc:creator>
      <content:encoded><![CDATA[<div class="recipe-content" style="font-family: Arial, sans-serif; max-width: 600px;"><img src="http://www.lummyrecipes.com/recipes/easy-healthy-broccoli-pasta/images/easy-healthy-broccoli-pasta_image_4.webp" alt="Easy Healthy Broccoli Pasta" style="width:100%;max-width:600px;height:auto;border-radius:8px;margin-bottom:20px;"><div style="background:#f8f9fa;padding:15px;border-radius:8px;margin-bottom:20px;"><p style="margin:5px 0;"><strong>⏱️ Prep Time:</strong> 15 minutes</p><p style="margin:5px 0;"><strong>🍳 Cook Time:</strong> 30 minutes</p><p style="margin:5px 0;"><strong>⏰ Total Time:</strong> 45 minutes</p><p style="margin:5px 0;"><strong>🍽️ Servings:</strong> 4</p><p style="margin:5px 0;"><strong>📊 Difficulty:</strong> Easy</p></div><div style="margin-bottom:30px;"><h3 style="color:#E60023;border-bottom:2px solid #E60023;padding-bottom:5px;">🥘 Ingredients</h3><ul style="line-height:1.8;"><li>1 pound broccoli florets</li><li>8 ounces pasta of your choice</li><li>2 tablespoons olive oil</li><li>2 cloves garlic, minced</li><li>Salt and pepper to taste</li><li>Parmesan cheese for serving</li></ul></div><div style="margin-bottom:30px;"><h3 style="color:#E60023;border-bottom:2px solid #E60023;padding-bottom:5px;">👩‍🍳 Instructions</h3><ol style="line-height:1.8;"><li>Bring a large pot of salted water to a boil and cook the pasta according to package instructions.</li><li>In the last 3 minutes of cooking, add the broccoli florets to the pot.</li><li>Drain the pasta and broccoli, reserving a cup of pasta water.</li><li>In a large skillet, heat the olive oil over medium heat and sauté the minced garlic until fragrant.</li><li>Add the drained pasta and broccoli to the skillet, tossing to combine. If needed, add reserved pasta water to reach desired consistency.</li><li>Season with salt and pepper, and serve with grated Parmesan cheese.</li></ol></div><div style="background:#fff3f3;padding:15px;border-radius:8px;border-left:4px solid #E60023;"><p><strong>📌 Pinterest Tags:</strong> #cat1761230119510 #easyrecipe #1hourmeals #recipe #cooking #foodie #homemade #delicious #pound #pasta #olive</p></div><div style="text-align:center;margin-top:30px;padding:20px;background:#E60023;color:white;border-radius:8px;"><p style="margin:0;"><strong>📌 Save this recipe to Pinterest!</strong></p><p style="margin:5px 0 0 0;">Perfect for meal planning and sharing with friends</p></div></div>]]></content:encoded>
      <media:content url="http://www.lummyrecipes.com/recipes/easy-healthy-broccoli-pasta/images/easy-healthy-broccoli-pasta_image_4.webp" medium="image" type="image/webp">
        <media:title>Easy Healthy Broccoli Pasta</media:title>
        <media:description>This Easy Healthy Broccoli Pasta is a delightful dish that's quick to prepare and packed with nutrients. Perfect for busy weeknights, it brings the family together with its vibrant flavors and comforting textures.</media:description>
      </media:content>
      <media:group>
        <media:category>recipe</media:category>
        <media:keywords>cat1761230119510, easyrecipe, 1hourmeals, recipe, cooking, foodie, homemade, delicious, pound, pasta, olive</media:keywords>
      </media:group>
    </item>
    <item>
      <title>Easy Summer Tomato and Eggplant Pie</title>
      <link>http://www.lummyrecipes.com/base.html?page=recipe-detail&amp;recipe=easy-summer-tomato-and-eggplant-pie</link>
      <description>Enjoy a fresh summer tomato and eggplant pie, perfect for a light vegetarian meal or Mediterranean diet. This easy recipe uses simple ingredients and brings seasonal flavors to your table.</description>
      <pubDate>Fri, 24 Oct 2025 17:34:56 +0200</pubDate>
      <guid isPermaLink="true">http://www.lummyrecipes.com/base.html?page=recipe-detail&amp;recipe=easy-summer-tomato-and-eggplant-pie</guid>
      <category>cat_1761230119_510</category>
      <dc:creator>author_001</dc:creator>
      <content:encoded><![CDATA[<div class="recipe-content" style="font-family: Arial, sans-serif; max-width: 600px;"><img src="http://www.lummyrecipes.com/recipes/easy-summer-tomato-and-eggplant-pie/images/easy-summer-tomato-and-eggplant-pie_image_4.webp" alt="Easy Summer Tomato and Eggplant Pie" style="width:100%;max-width:600px;height:auto;border-radius:8px;margin-bottom:20px;"><div style="background:#f8f9fa;padding:15px;border-radius:8px;margin-bottom:20px;"><p style="margin:5px 0;"><strong>⏱️ Prep Time:</strong> 15 minutes</p><p style="margin:5px 0;"><strong>🍳 Cook Time:</strong> 30 minutes</p><p style="margin:5px 0;"><strong>⏰ Total Time:</strong> 45 minutes</p><p style="margin:5px 0;"><strong>🍽️ Servings:</strong> 4</p><p style="margin:5px 0;"><strong>📊 Difficulty:</strong> Easy</p></div><div style="margin-bottom:30px;"><h3 style="color:#E60023;border-bottom:2px solid #E60023;padding-bottom:5px;">🥘 Ingredients</h3><ul style="line-height:1.8;"><li>2 medium eggplants, sliced</li><li>4 ripe tomatoes, sliced</li><li>1 cup mozzarella cheese, shredded</li><li>1 tablespoon olive oil</li><li>Salt and pepper to taste</li><li>Fresh basil for garnish</li></ul></div><div style="margin-bottom:30px;"><h3 style="color:#E60023;border-bottom:2px solid #E60023;padding-bottom:5px;">👩‍🍳 Instructions</h3><ol style="line-height:1.8;"><li>Preheat the oven to 375°F (190°C).</li><li>Layer the sliced eggplants and tomatoes in a pie dish.</li><li>Drizzle with olive oil and season with salt and pepper.</li><li>Top with shredded mozzarella cheese.</li><li>Bake for 30 minutes or until the cheese is bubbly and golden.</li></ol></div><div style="background:#fff3f3;padding:15px;border-radius:8px;border-left:4px solid #E60023;"><p><strong>📌 Pinterest Tags:</strong> #cat1761230119510 #easyrecipe #1hourmeals #recipe #cooking #foodie #homemade #delicious #medium #tomatoes #mozzarella</p></div><div style="text-align:center;margin-top:30px;padding:20px;background:#E60023;color:white;border-radius:8px;"><p style="margin:0;"><strong>📌 Save this recipe to Pinterest!</strong></p><p style="margin:5px 0 0 0;">Perfect for meal planning and sharing with friends</p></div></div>]]></content:encoded>
      <media:content url="http://www.lummyrecipes.com/recipes/easy-summer-tomato-and-eggplant-pie/images/easy-summer-tomato-and-eggplant-pie_image_4.webp" medium="image" type="image/webp">
        <media:title>Easy Summer Tomato and Eggplant Pie</media:title>
        <media:description>Enjoy a fresh summer tomato and eggplant pie, perfect for a light vegetarian meal or Mediterranean diet. This easy recipe uses simple ingredients and brings seasonal flavors to your table.</media:description>
      </media:content>
      <media:group>
        <media:category>recipe</media:category>
        <media:keywords>cat1761230119510, easyrecipe, 1hourmeals, recipe, cooking, foodie, homemade, delicious, medium, tomatoes, mozzarella</media:keywords>
      </media:group>
    </item>
  </channel>
</rss>
