<?xml version="1.0" encoding="UTF-8"?>
<rss version="2.0" 
     xmlns:content="http://purl.org/rss/1.0/modules/content/"
     xmlns:media="http://search.yahoo.com/mrss/"
     xmlns:dc="http://purl.org/dc/elements/1.1/"
     xmlns:atom="http://www.w3.org/2005/Atom">
  <channel>
    <title>soups-stews Recipes - RSS Feed</title>
    <link>http://www.lummyrecipes.com/base.html</link>
    <description>Fresh soups-stews recipes and cooking inspiration</description>
    <language>en-US</language>
    <copyright>© 2025 www.lummyrecipes.com</copyright>
    <managingEditor>info@lummyrecipes.com</managingEditor>
    <webMaster>webmaster@lummyrecipes.com</webMaster>
    <pubDate>Tue, 11 Nov 2025 20:38:15 +0100</pubDate>
    <lastBuildDate>Tue, 11 Nov 2025 20:38:15 +0100</lastBuildDate>
    <category>soups-stews</category>
    <generator>Recipes - RSS Feed www.lummyrecipes.com</generator>
    <ttl>60</ttl>
    <atom:link href="http://www.lummyrecipes.com/base.html/rss.xml" rel="self" type="application/rss+xml" />
    <image>
      <url>http://www.lummyrecipes.com/base.html/images/logo.png</url>
      <title>soups-stews Recipes - RSS Feed</title>
      <link>http://www.lummyrecipes.com/base.html</link>
      <width>144</width>
      <height>144</height>
    </image>
    <item>
      <title>Hearty Lentil and Potato Soup for Healthy Families</title>
      <link>http://www.lummyrecipes.com/base.html?page=recipe-detail&amp;recipe=hearty-lentil-and-potato-soup-for-healthy-families</link>
      <description>This Hearty Lentil and Potato Soup is the ultimate comfort food! Packed with nutritious ingredients, it’s perfect for cozy dinners. Try this easy recipe and enjoy a warm bowl today!</description>
      <pubDate>Sun, 09 Nov 2025 16:05:15 +0100</pubDate>
      <guid isPermaLink="true">http://www.lummyrecipes.com/base.html?page=recipe-detail&amp;recipe=hearty-lentil-and-potato-soup-for-healthy-families</guid>
      <category>cat_1761230166_734</category>
      <dc:creator>author_001</dc:creator>
      <content:encoded><![CDATA[<div class="recipe-content" style="font-family: Arial, sans-serif; max-width: 600px;"><img src="http://www.lummyrecipes.com/recipes/hearty-lentil-and-potato-soup-for-healthy-families/images/hearty-lentil-and-potato-soup-for-healthy-families_image_4.webp" alt="Hearty Lentil and Potato Soup for Healthy Families" style="width:100%;max-width:600px;height:auto;border-radius:8px;margin-bottom:20px;"><div style="background:#f8f9fa;padding:15px;border-radius:8px;margin-bottom:20px;"><p style="margin:5px 0;"><strong>⏱️ Prep Time:</strong> 15 minutes</p><p style="margin:5px 0;"><strong>🍳 Cook Time:</strong> 40 minutes</p><p style="margin:5px 0;"><strong>⏰ Total Time:</strong> 55 minutes</p><p style="margin:5px 0;"><strong>🍽️ Servings:</strong> 6</p><p style="margin:5px 0;"><strong>📊 Difficulty:</strong> Easy</p></div><div style="margin-bottom:30px;"><h3 style="color:#E60023;border-bottom:2px solid #E60023;padding-bottom:5px;">🥘 Ingredients</h3><ul style="line-height:1.8;"><li>1 cup lentils, rinsed</li><li>2 medium potatoes, diced</li><li>2 carrots, chopped</li><li>1 onion, diced</li><li>3 cloves garlic, minced</li><li>4 cups vegetable broth</li><li>2 tablespoons olive oil</li><li>1 teaspoon cumin</li><li>Salt and pepper to taste</li></ul></div><div style="margin-bottom:30px;"><h3 style="color:#E60023;border-bottom:2px solid #E60023;padding-bottom:5px;">👩‍🍳 Instructions</h3><ol style="line-height:1.8;"><li>In a large pot, heat olive oil over medium heat. Add onion and garlic, sauté until translucent.</li><li>Add carrots and potatoes, cook for 5 minutes, stirring occasionally.</li><li>Stir in lentils, vegetable broth, cumin, salt, and pepper. Bring to a boil.</li><li>Reduce heat, cover, and simmer for 30 minutes or until lentils and potatoes are tender.</li></ol></div><div style="background:#fff3f3;padding:15px;border-radius:8px;border-left:4px solid #E60023;"><p><strong>📌 Pinterest Tags:</strong> #cat1761230166734 #easyrecipe #1hourmeals #recipe #cooking #foodie #homemade #delicious #lentils #medium #carrots</p></div><div style="text-align:center;margin-top:30px;padding:20px;background:#E60023;color:white;border-radius:8px;"><p style="margin:0;"><strong>📌 Save this recipe to Pinterest!</strong></p><p style="margin:5px 0 0 0;">Perfect for meal planning and sharing with friends</p></div></div>]]></content:encoded>
      <media:content url="http://www.lummyrecipes.com/recipes/hearty-lentil-and-potato-soup-for-healthy-families/images/hearty-lentil-and-potato-soup-for-healthy-families_image_4.webp" medium="image" type="image/webp">
        <media:title>Hearty Lentil and Potato Soup for Healthy Families</media:title>
        <media:description>This Hearty Lentil and Potato Soup is the ultimate comfort food! Packed with nutritious ingredients, it’s perfect for cozy dinners. Try this easy recipe and enjoy a warm bowl today!</media:description>
      </media:content>
      <media:group>
        <media:category>recipe</media:category>
        <media:keywords>cat1761230166734, easyrecipe, 1hourmeals, recipe, cooking, foodie, homemade, delicious, lentils, medium, carrots</media:keywords>
      </media:group>
    </item>
    <item>
      <title>Hearty Tuscan Chicken Soup for Family Comfort</title>
      <link>http://www.lummyrecipes.com/base.html?page=recipe-detail&amp;recipe=hearty-tuscan-chicken-soup-for-family-comfort</link>
      <description>Warm up with this hearty Tuscan Chicken Soup, a delicious blend of flavors that the whole family will love. Packed with nutritious ingredients, it's the perfect meal for chilly evenings. Try it today and enjoy a bowl of comfort!</description>
      <pubDate>Sat, 08 Nov 2025 14:04:30 +0100</pubDate>
      <guid isPermaLink="true">http://www.lummyrecipes.com/base.html?page=recipe-detail&amp;recipe=hearty-tuscan-chicken-soup-for-family-comfort</guid>
      <category>cat_1761230166_734</category>
      <dc:creator>author_001</dc:creator>
      <content:encoded><![CDATA[<div class="recipe-content" style="font-family: Arial, sans-serif; max-width: 600px;"><img src="http://www.lummyrecipes.com/recipes/hearty-tuscan-chicken-soup-for-family-comfort/images/hearty-tuscan-chicken-soup-for-family-comfort_image_4.webp" alt="Hearty Tuscan Chicken Soup for Family Comfort" style="width:100%;max-width:600px;height:auto;border-radius:8px;margin-bottom:20px;"><div style="background:#f8f9fa;padding:15px;border-radius:8px;margin-bottom:20px;"><p style="margin:5px 0;"><strong>⏱️ Prep Time:</strong> 15 minutes</p><p style="margin:5px 0;"><strong>🍳 Cook Time:</strong> 55 minutes</p><p style="margin:5px 0;"><strong>⏰ Total Time:</strong> 70 minutes</p><p style="margin:5px 0;"><strong>🍽️ Servings:</strong> 6</p><p style="margin:5px 0;"><strong>📊 Difficulty:</strong> Easy</p></div><div style="margin-bottom:30px;"><h3 style="color:#E60023;border-bottom:2px solid #E60023;padding-bottom:5px;">🥘 Ingredients</h3><ul style="line-height:1.8;"><li>1 pound chicken breast, diced</li><li>2 tablespoons olive oil</li><li>1 onion, chopped</li><li>2 carrots, sliced</li><li>2 celery stalks, sliced</li><li>4 cloves garlic, minced</li><li>4 cups chicken broth</li><li>1 can diced tomatoes</li><li>1 cup heavy cream</li><li>1 teaspoon Italian seasoning</li><li>Salt and pepper to taste</li><li>Fresh parsley for garnish</li></ul></div><div style="margin-bottom:30px;"><h3 style="color:#E60023;border-bottom:2px solid #E60023;padding-bottom:5px;">👩‍🍳 Instructions</h3><ol style="line-height:1.8;"><li>Heat olive oil in a large pot over medium heat.</li><li>Add onion, carrots, and celery; sauté until softened, about 5 minutes.</li><li>Stir in garlic and cook for another minute until fragrant.</li><li>Add diced chicken and cook until no longer pink.</li><li>Pour in chicken broth and diced tomatoes; bring to a boil.</li><li>Reduce heat and simmer for 30 minutes.</li><li>Stir in heavy cream and Italian seasoning; season with salt and pepper.</li><li>Simmer for an additional 10 minutes.</li><li>Serve hot, garnished with fresh parsley.</li></ol></div><div style="background:#fff3f3;padding:15px;border-radius:8px;border-left:4px solid #E60023;"><p><strong>📌 Pinterest Tags:</strong> #cat1761230166734 #easyrecipe #recipe #cooking #foodie #homemade #delicious #pound #olive #onion</p></div><div style="text-align:center;margin-top:30px;padding:20px;background:#E60023;color:white;border-radius:8px;"><p style="margin:0;"><strong>📌 Save this recipe to Pinterest!</strong></p><p style="margin:5px 0 0 0;">Perfect for meal planning and sharing with friends</p></div></div>]]></content:encoded>
      <media:content url="http://www.lummyrecipes.com/recipes/hearty-tuscan-chicken-soup-for-family-comfort/images/hearty-tuscan-chicken-soup-for-family-comfort_image_4.webp" medium="image" type="image/webp">
        <media:title>Hearty Tuscan Chicken Soup for Family Comfort</media:title>
        <media:description>Warm up with this hearty Tuscan Chicken Soup, a delicious blend of flavors that the whole family will love. Packed with nutritious ingredients, it's the perfect meal for chilly evenings. Try it today and enjoy a bowl of comfort!</media:description>
      </media:content>
      <media:group>
        <media:category>recipe</media:category>
        <media:keywords>cat1761230166734, easyrecipe, recipe, cooking, foodie, homemade, delicious, pound, olive, onion</media:keywords>
      </media:group>
    </item>
    <item>
      <title>Creamy Mushroom Chicken Soup for Family Comfort</title>
      <link>http://www.lummyrecipes.com/base.html?page=recipe-detail&amp;recipe=creamy-mushroom-chicken-soup-for-family-comfort</link>
      <description>Indulge in this creamy mushroom chicken soup that warms the heart. Packed with flavors and gluten-free, it's perfect for family dinners. Try it tonight for a comforting meal everyone will love!</description>
      <pubDate>Sat, 08 Nov 2025 14:04:22 +0100</pubDate>
      <guid isPermaLink="true">http://www.lummyrecipes.com/base.html?page=recipe-detail&amp;recipe=creamy-mushroom-chicken-soup-for-family-comfort</guid>
      <category>cat_1761230166_734</category>
      <dc:creator>author_001</dc:creator>
      <content:encoded><![CDATA[<div class="recipe-content" style="font-family: Arial, sans-serif; max-width: 600px;"><img src="http://www.lummyrecipes.com/recipes/creamy-mushroom-chicken-soup-for-family-comfort/images/creamy-mushroom-chicken-soup-for-family-comfort_image_4.webp" alt="Creamy Mushroom Chicken Soup for Family Comfort" style="width:100%;max-width:600px;height:auto;border-radius:8px;margin-bottom:20px;"><div style="background:#f8f9fa;padding:15px;border-radius:8px;margin-bottom:20px;"><p style="margin:5px 0;"><strong>⏱️ Prep Time:</strong> 15 minutes</p><p style="margin:5px 0;"><strong>🍳 Cook Time:</strong> 35 minutes</p><p style="margin:5px 0;"><strong>⏰ Total Time:</strong> 50 minutes</p><p style="margin:5px 0;"><strong>🍽️ Servings:</strong> 6</p><p style="margin:5px 0;"><strong>📊 Difficulty:</strong> Medium</p></div><div style="margin-bottom:30px;"><h3 style="color:#E60023;border-bottom:2px solid #E60023;padding-bottom:5px;">🥘 Ingredients</h3><ul style="line-height:1.8;"><li>1 pound chicken breast, diced</li><li>2 cups mushrooms, sliced</li><li>1 cup wild rice, rinsed</li><li>4 cups chicken broth</li><li>1 cup heavy cream</li><li>2 tablespoons olive oil</li><li>1 onion, chopped</li><li>2 cloves garlic, minced</li><li>Salt and pepper to taste</li><li>Fresh parsley for garnish</li></ul></div><div style="margin-bottom:30px;"><h3 style="color:#E60023;border-bottom:2px solid #E60023;padding-bottom:5px;">👩‍🍳 Instructions</h3><ol style="line-height:1.8;"><li>In a large pot, heat olive oil over medium heat. Add onions and garlic, sauté until translucent.</li><li>Add diced chicken and cook until browned.</li><li>Stir in mushrooms and cook until softened.</li><li>Add wild rice and chicken broth, bring to a boil, then reduce heat and simmer for 25 minutes.</li><li>Stir in heavy cream, season with salt and pepper, and cook for an additional 5 minutes.</li><li>Serve hot, garnished with fresh parsley.</li></ol></div><div style="background:#fff3f3;padding:15px;border-radius:8px;border-left:4px solid #E60023;"><p><strong>📌 Pinterest Tags:</strong> #cat1761230166734 #mediumrecipe #1hourmeals #recipe #cooking #foodie #homemade #delicious #pound #mushrooms #rinsed</p></div><div style="text-align:center;margin-top:30px;padding:20px;background:#E60023;color:white;border-radius:8px;"><p style="margin:0;"><strong>📌 Save this recipe to Pinterest!</strong></p><p style="margin:5px 0 0 0;">Perfect for meal planning and sharing with friends</p></div></div>]]></content:encoded>
      <media:content url="http://www.lummyrecipes.com/recipes/creamy-mushroom-chicken-soup-for-family-comfort/images/creamy-mushroom-chicken-soup-for-family-comfort_image_4.webp" medium="image" type="image/webp">
        <media:title>Creamy Mushroom Chicken Soup for Family Comfort</media:title>
        <media:description>Indulge in this creamy mushroom chicken soup that warms the heart. Packed with flavors and gluten-free, it's perfect for family dinners. Try it tonight for a comforting meal everyone will love!</media:description>
      </media:content>
      <media:group>
        <media:category>recipe</media:category>
        <media:keywords>cat1761230166734, mediumrecipe, 1hourmeals, recipe, cooking, foodie, homemade, delicious, pound, mushrooms, rinsed</media:keywords>
      </media:group>
    </item>
    <item>
      <title>Mom's Old-Fashioned Vegetable Beef Soup for Family Comfort</title>
      <link>http://www.lummyrecipes.com/base.html?page=recipe-detail&amp;recipe=mom-s-old-fashioned-vegetable-beef-soup-for-family-comfort</link>
      <description>This comforting vegetable beef soup is a family favorite that warms the soul. Packed with hearty vegetables and tender beef, it's perfect for cozy nights. Try making a big batch to freeze for later!</description>
      <pubDate>Sat, 08 Nov 2025 14:04:21 +0100</pubDate>
      <guid isPermaLink="true">http://www.lummyrecipes.com/base.html?page=recipe-detail&amp;recipe=mom-s-old-fashioned-vegetable-beef-soup-for-family-comfort</guid>
      <category>cat_1761230166_734</category>
      <dc:creator>author_001</dc:creator>
      <content:encoded><![CDATA[<div class="recipe-content" style="font-family: Arial, sans-serif; max-width: 600px;"><img src="http://www.lummyrecipes.com/recipes/mom-s-old-fashioned-vegetable-beef-soup-for-family-comfort/images/mom-s-old-fashioned-vegetable-beef-soup-for-family-comfort_image_4.webp" alt="Mom's Old-Fashioned Vegetable Beef Soup for Family Comfort" style="width:100%;max-width:600px;height:auto;border-radius:8px;margin-bottom:20px;"><div style="background:#f8f9fa;padding:15px;border-radius:8px;margin-bottom:20px;"><p style="margin:5px 0;"><strong>⏱️ Prep Time:</strong> 15 minutes</p><p style="margin:5px 0;"><strong>🍳 Cook Time:</strong> 30 minutes</p><p style="margin:5px 0;"><strong>⏰ Total Time:</strong> 45 minutes</p><p style="margin:5px 0;"><strong>🍽️ Servings:</strong> 6</p><p style="margin:5px 0;"><strong>📊 Difficulty:</strong> Easy</p></div><div style="margin-bottom:30px;"><h3 style="color:#E60023;border-bottom:2px solid #E60023;padding-bottom:5px;">🥘 Ingredients</h3><ul style="line-height:1.8;"><li>1 pound beef stew meat, cut into cubes</li><li>2 tablespoons olive oil</li><li>4 cups beef broth</li><li>2 cups mixed vegetables (carrots, peas, corn)</li><li>1 cup diced tomatoes</li><li>1 onion, chopped</li><li>2 cloves garlic, minced</li><li>Salt and pepper to taste</li></ul></div><div style="margin-bottom:30px;"><h3 style="color:#E60023;border-bottom:2px solid #E60023;padding-bottom:5px;">👩‍🍳 Instructions</h3><ol style="line-height:1.8;"><li>Heat olive oil in a large pot over medium heat.</li><li>Add beef and cook until browned on all sides.</li><li>Stir in onion and garlic, cooking until softened.</li><li>Pour in beef broth and add diced tomatoes and mixed vegetables.</li><li>Season with salt and pepper, then bring to a boil.</li><li>Reduce heat and simmer for 20-25 minutes until vegetables are tender.</li></ol></div><div style="background:#fff3f3;padding:15px;border-radius:8px;border-left:4px solid #E60023;"><p><strong>📌 Pinterest Tags:</strong> #cat1761230166734 #easyrecipe #1hourmeals #recipe #cooking #foodie #homemade #delicious #pound #olive #broth</p></div><div style="text-align:center;margin-top:30px;padding:20px;background:#E60023;color:white;border-radius:8px;"><p style="margin:0;"><strong>📌 Save this recipe to Pinterest!</strong></p><p style="margin:5px 0 0 0;">Perfect for meal planning and sharing with friends</p></div></div>]]></content:encoded>
      <media:content url="http://www.lummyrecipes.com/recipes/mom-s-old-fashioned-vegetable-beef-soup-for-family-comfort/images/mom-s-old-fashioned-vegetable-beef-soup-for-family-comfort_image_4.webp" medium="image" type="image/webp">
        <media:title>Mom's Old-Fashioned Vegetable Beef Soup for Family Comfort</media:title>
        <media:description>This comforting vegetable beef soup is a family favorite that warms the soul. Packed with hearty vegetables and tender beef, it's perfect for cozy nights. Try making a big batch to freeze for later!</media:description>
      </media:content>
      <media:group>
        <media:category>recipe</media:category>
        <media:keywords>cat1761230166734, easyrecipe, 1hourmeals, recipe, cooking, foodie, homemade, delicious, pound, olive, broth</media:keywords>
      </media:group>
    </item>
    <item>
      <title>Italian Penicillin Soup for Comforting Recovery</title>
      <link>http://www.lummyrecipes.com/base.html?page=recipe-detail&amp;recipe=italian-penicillin-soup-for-comforting-recovery</link>
      <description>This Italian Penicillin Soup is a soothing remedy when you're feeling under the weather. Packed with wholesome ingredients, it’s the perfect comfort food to warm you up. Try this easy recipe for a nourishing bowl that heals.</description>
      <pubDate>Sat, 08 Nov 2025 01:58:05 +0100</pubDate>
      <guid isPermaLink="true">http://www.lummyrecipes.com/base.html?page=recipe-detail&amp;recipe=italian-penicillin-soup-for-comforting-recovery</guid>
      <category>cat_1761230166_734</category>
      <dc:creator>author_001</dc:creator>
      <content:encoded><![CDATA[<div class="recipe-content" style="font-family: Arial, sans-serif; max-width: 600px;"><img src="http://www.lummyrecipes.com/recipes/italian-penicillin-soup-for-comforting-recovery/images/italian-penicillin-soup-for-comforting-recovery_image_4.webp" alt="Italian Penicillin Soup for Comforting Recovery" style="width:100%;max-width:600px;height:auto;border-radius:8px;margin-bottom:20px;"><div style="background:#f8f9fa;padding:15px;border-radius:8px;margin-bottom:20px;"><p style="margin:5px 0;"><strong>⏱️ Prep Time:</strong> 15 minutes</p><p style="margin:5px 0;"><strong>🍳 Cook Time:</strong> 30 minutes</p><p style="margin:5px 0;"><strong>⏰ Total Time:</strong> 45 minutes</p><p style="margin:5px 0;"><strong>🍽️ Servings:</strong> 4</p><p style="margin:5px 0;"><strong>📊 Difficulty:</strong> Easy</p></div><div style="margin-bottom:30px;"><h3 style="color:#E60023;border-bottom:2px solid #E60023;padding-bottom:5px;">🥘 Ingredients</h3><ul style="line-height:1.8;"><li>1 pound shrimp peeled and deveined</li><li>2 tablespoons olive oil</li><li>4 cups vegetable broth</li><li>1 cup diced tomatoes</li><li>1 cup chopped carrots</li><li>1 cup chopped celery</li><li>1 teaspoon dried basil</li><li>Salt and pepper to taste</li></ul></div><div style="margin-bottom:30px;"><h3 style="color:#E60023;border-bottom:2px solid #E60023;padding-bottom:5px;">👩‍🍳 Instructions</h3><ol style="line-height:1.8;"><li>Heat olive oil in a large pot over medium heat.</li><li>Add chopped carrots and celery, sautéing until softened, about 5 minutes.</li><li>Stir in diced tomatoes and vegetable broth, bringing to a simmer.</li><li>Add shrimp, dried basil, salt, and pepper, cooking for an additional 5-7 minutes until shrimp are pink and cooked through.</li></ol></div><div style="background:#fff3f3;padding:15px;border-radius:8px;border-left:4px solid #E60023;"><p><strong>📌 Pinterest Tags:</strong> #cat1761230166734 #easyrecipe #1hourmeals #recipe #cooking #foodie #homemade #delicious #pound #olive #vegetable</p></div><div style="text-align:center;margin-top:30px;padding:20px;background:#E60023;color:white;border-radius:8px;"><p style="margin:0;"><strong>📌 Save this recipe to Pinterest!</strong></p><p style="margin:5px 0 0 0;">Perfect for meal planning and sharing with friends</p></div></div>]]></content:encoded>
      <media:content url="http://www.lummyrecipes.com/recipes/italian-penicillin-soup-for-comforting-recovery/images/italian-penicillin-soup-for-comforting-recovery_image_4.webp" medium="image" type="image/webp">
        <media:title>Italian Penicillin Soup for Comforting Recovery</media:title>
        <media:description>This Italian Penicillin Soup is a soothing remedy when you're feeling under the weather. Packed with wholesome ingredients, it’s the perfect comfort food to warm you up. Try this easy recipe for a nourishing bowl that heals.</media:description>
      </media:content>
      <media:group>
        <media:category>recipe</media:category>
        <media:keywords>cat1761230166734, easyrecipe, 1hourmeals, recipe, cooking, foodie, homemade, delicious, pound, olive, vegetable</media:keywords>
      </media:group>
    </item>
    <item>
      <title>Flavorful Vegan White Bean Soup for Family</title>
      <link>http://www.lummyrecipes.com/base.html?page=recipe-detail&amp;recipe=flavorful-vegan-white-bean-soup-for-family</link>
      <description>This white bean soup is a delicious and budget-friendly meal that everyone will love. Packed with flavor and nutrients, it's perfect for cozy family dinners. Try it tonight and enjoy the warmth!</description>
      <pubDate>Sat, 08 Nov 2025 01:57:59 +0100</pubDate>
      <guid isPermaLink="true">http://www.lummyrecipes.com/base.html?page=recipe-detail&amp;recipe=flavorful-vegan-white-bean-soup-for-family</guid>
      <category>cat_1761230166_734</category>
      <dc:creator>author_001</dc:creator>
      <content:encoded><![CDATA[<div class="recipe-content" style="font-family: Arial, sans-serif; max-width: 600px;"><img src="http://www.lummyrecipes.com/recipes/flavorful-vegan-white-bean-soup-for-family/images/flavorful-vegan-white-bean-soup-for-family_image_4.webp" alt="Flavorful Vegan White Bean Soup for Family" style="width:100%;max-width:600px;height:auto;border-radius:8px;margin-bottom:20px;"><div style="background:#f8f9fa;padding:15px;border-radius:8px;margin-bottom:20px;"><p style="margin:5px 0;"><strong>⏱️ Prep Time:</strong> 15 minutes</p><p style="margin:5px 0;"><strong>🍳 Cook Time:</strong> 30 minutes</p><p style="margin:5px 0;"><strong>⏰ Total Time:</strong> 45 minutes</p><p style="margin:5px 0;"><strong>🍽️ Servings:</strong> 4</p><p style="margin:5px 0;"><strong>📊 Difficulty:</strong> Easy</p></div><div style="margin-bottom:30px;"><h3 style="color:#E60023;border-bottom:2px solid #E60023;padding-bottom:5px;">🥘 Ingredients</h3><ul style="line-height:1.8;"><li>1 pound white beans, soaked and drained</li><li>2 tablespoons olive oil</li><li>1 onion, chopped</li><li>2 cloves garlic, minced</li><li>4 cups vegetable broth</li><li>1 teaspoon thyme</li><li>Salt and pepper to taste</li></ul></div><div style="margin-bottom:30px;"><h3 style="color:#E60023;border-bottom:2px solid #E60023;padding-bottom:5px;">👩‍🍳 Instructions</h3><ol style="line-height:1.8;"><li>Heat olive oil in a large pot over medium heat.</li><li>Add onion and garlic, sauté until onion is translucent.</li><li>Stir in the soaked white beans, vegetable broth, thyme, salt, and pepper.</li><li>Bring to a boil, then reduce heat and simmer for 25 minutes.</li><li>Blend the soup for a creamy texture or leave it chunky as desired.</li></ol></div><div style="background:#fff3f3;padding:15px;border-radius:8px;border-left:4px solid #E60023;"><p><strong>📌 Pinterest Tags:</strong> #cat1761230166734 #easyrecipe #1hourmeals #recipe #cooking #foodie #homemade #delicious #pound #olive #onion</p></div><div style="text-align:center;margin-top:30px;padding:20px;background:#E60023;color:white;border-radius:8px;"><p style="margin:0;"><strong>📌 Save this recipe to Pinterest!</strong></p><p style="margin:5px 0 0 0;">Perfect for meal planning and sharing with friends</p></div></div>]]></content:encoded>
      <media:content url="http://www.lummyrecipes.com/recipes/flavorful-vegan-white-bean-soup-for-family/images/flavorful-vegan-white-bean-soup-for-family_image_4.webp" medium="image" type="image/webp">
        <media:title>Flavorful Vegan White Bean Soup for Family</media:title>
        <media:description>This white bean soup is a delicious and budget-friendly meal that everyone will love. Packed with flavor and nutrients, it's perfect for cozy family dinners. Try it tonight and enjoy the warmth!</media:description>
      </media:content>
      <media:group>
        <media:category>recipe</media:category>
        <media:keywords>cat1761230166734, easyrecipe, 1hourmeals, recipe, cooking, foodie, homemade, delicious, pound, olive, onion</media:keywords>
      </media:group>
    </item>
    <item>
      <title>Hearty Slow Cooker Soups for Winter Nights</title>
      <link>http://www.lummyrecipes.com/base.html?page=recipe-detail&amp;recipe=hearty-slow-cooker-soups-for-winter-nights</link>
      <description>Warm up your chilly evenings with this comforting slow cooker soup, packed with flavors and nutrients. It's the perfect dish to gather around with family and friends, making every spoonful a delightful experience.</description>
      <pubDate>Fri, 07 Nov 2025 19:13:29 +0100</pubDate>
      <guid isPermaLink="true">http://www.lummyrecipes.com/base.html?page=recipe-detail&amp;recipe=hearty-slow-cooker-soups-for-winter-nights</guid>
      <category>cat_1761230166_734</category>
      <dc:creator>author_001</dc:creator>
      <content:encoded><![CDATA[<div class="recipe-content" style="font-family: Arial, sans-serif; max-width: 600px;"><img src="http://www.lummyrecipes.com/recipes/hearty-slow-cooker-soups-for-winter-nights/images/hearty-slow-cooker-soups-for-winter-nights_image_4.webp" alt="Hearty Slow Cooker Soups for Winter Nights" style="width:100%;max-width:600px;height:auto;border-radius:8px;margin-bottom:20px;"><div style="background:#f8f9fa;padding:15px;border-radius:8px;margin-bottom:20px;"><p style="margin:5px 0;"><strong>⏱️ Prep Time:</strong> 15 minutes</p><p style="margin:5px 0;"><strong>🍳 Cook Time:</strong> 300 minutes</p><p style="margin:5px 0;"><strong>⏰ Total Time:</strong> 315 minutes</p><p style="margin:5px 0;"><strong>🍽️ Servings:</strong> 6</p><p style="margin:5px 0;"><strong>📊 Difficulty:</strong> Easy</p></div><div style="margin-bottom:30px;"><h3 style="color:#E60023;border-bottom:2px solid #E60023;padding-bottom:5px;">🥘 Ingredients</h3><ul style="line-height:1.8;"><li>1 pound chicken, diced</li><li>4 cups chicken broth</li><li>2 cups mixed vegetables (carrots, peas, corn)</li><li>1 onion, chopped</li><li>2 cloves garlic, minced</li><li>1 teaspoon thyme</li><li>Salt and pepper to taste</li></ul></div><div style="margin-bottom:30px;"><h3 style="color:#E60023;border-bottom:2px solid #E60023;padding-bottom:5px;">👩‍🍳 Instructions</h3><ol style="line-height:1.8;"><li>In a slow cooker, combine chicken, chicken broth, mixed vegetables, onion, garlic, thyme, salt, and pepper.</li><li>Cover and cook on low for 6-8 hours or high for 3-4 hours until chicken is cooked through and vegetables are tender.</li></ol></div><div style="background:#fff3f3;padding:15px;border-radius:8px;border-left:4px solid #E60023;"><p><strong>📌 Pinterest Tags:</strong> #cat1761230166734 #easyrecipe #recipe #cooking #foodie #homemade #delicious #pound #chicken #mixed</p></div><div style="text-align:center;margin-top:30px;padding:20px;background:#E60023;color:white;border-radius:8px;"><p style="margin:0;"><strong>📌 Save this recipe to Pinterest!</strong></p><p style="margin:5px 0 0 0;">Perfect for meal planning and sharing with friends</p></div></div>]]></content:encoded>
      <media:content url="http://www.lummyrecipes.com/recipes/hearty-slow-cooker-soups-for-winter-nights/images/hearty-slow-cooker-soups-for-winter-nights_image_4.webp" medium="image" type="image/webp">
        <media:title>Hearty Slow Cooker Soups for Winter Nights</media:title>
        <media:description>Warm up your chilly evenings with this comforting slow cooker soup, packed with flavors and nutrients. It's the perfect dish to gather around with family and friends, making every spoonful a delightful experience.</media:description>
      </media:content>
      <media:group>
        <media:category>recipe</media:category>
        <media:keywords>cat1761230166734, easyrecipe, recipe, cooking, foodie, homemade, delicious, pound, chicken, mixed</media:keywords>
      </media:group>
    </item>
    <item>
      <title>Panera Copycat: Creamy Broccoli Cheddar Soup</title>
      <link>http://www.lummyrecipes.com/base.html?page=recipe-detail&amp;recipe=panera-copycat-creamy-broccoli-cheddar-soup</link>
      <description>Indulge in the rich, velvety goodness of this creamy broccoli cheddar soup that captures the essence of your favorite café. Perfectly balanced flavors make it a comforting bowl of happiness that you can whip up in no time.</description>
      <pubDate>Mon, 03 Nov 2025 22:32:18 +0100</pubDate>
      <guid isPermaLink="true">http://www.lummyrecipes.com/base.html?page=recipe-detail&amp;recipe=panera-copycat-creamy-broccoli-cheddar-soup</guid>
      <category>cat_1761230166_734</category>
      <dc:creator>author_001</dc:creator>
      <content:encoded><![CDATA[<div class="recipe-content" style="font-family: Arial, sans-serif; max-width: 600px;"><img src="http://www.lummyrecipes.com/recipes/panera-copycat-creamy-broccoli-cheddar-soup/images/panera-copycat-creamy-broccoli-cheddar-soup_image_4.webp" alt="Panera Copycat: Creamy Broccoli Cheddar Soup" style="width:100%;max-width:600px;height:auto;border-radius:8px;margin-bottom:20px;"><div style="background:#f8f9fa;padding:15px;border-radius:8px;margin-bottom:20px;"><p style="margin:5px 0;"><strong>⏱️ Prep Time:</strong> 15 minutes</p><p style="margin:5px 0;"><strong>🍳 Cook Time:</strong> 30 minutes</p><p style="margin:5px 0;"><strong>⏰ Total Time:</strong> 45 minutes</p><p style="margin:5px 0;"><strong>🍽️ Servings:</strong> 4</p><p style="margin:5px 0;"><strong>📊 Difficulty:</strong> Easy</p></div><div style="margin-bottom:30px;"><h3 style="color:#E60023;border-bottom:2px solid #E60023;padding-bottom:5px;">🥘 Ingredients</h3><ul style="line-height:1.8;"><li>1 tablespoon olive oil</li><li>1 onion, diced</li><li>2 cloves garlic, minced</li><li>4 cups broccoli florets</li><li>4 cups vegetable broth</li><li>1 cup heavy cream</li><li>2 cups shredded cheddar cheese</li><li>Salt and pepper to taste</li></ul></div><div style="margin-bottom:30px;"><h3 style="color:#E60023;border-bottom:2px solid #E60023;padding-bottom:5px;">👩‍🍳 Instructions</h3><ol style="line-height:1.8;"><li>Heat olive oil in a large pot over medium heat. Add diced onion and sauté until translucent, about 5 minutes.</li><li>Stir in minced garlic and cook for an additional minute.</li><li>Add broccoli florets and vegetable broth. Bring to a boil, then reduce heat and simmer until broccoli is tender, about 15 minutes.</li><li>Use an immersion blender to puree the soup until smooth, or carefully transfer to a blender in batches.</li><li>Stir in heavy cream and shredded cheddar cheese until melted and combined. Season with salt and pepper to taste.</li></ol></div><div style="background:#fff3f3;padding:15px;border-radius:8px;border-left:4px solid #E60023;"><p><strong>📌 Pinterest Tags:</strong> #cat1761230166734 #easyrecipe #1hourmeals #recipe #cooking #foodie #homemade #delicious #tablespoon #onion #cloves</p></div><div style="text-align:center;margin-top:30px;padding:20px;background:#E60023;color:white;border-radius:8px;"><p style="margin:0;"><strong>📌 Save this recipe to Pinterest!</strong></p><p style="margin:5px 0 0 0;">Perfect for meal planning and sharing with friends</p></div></div>]]></content:encoded>
      <media:content url="http://www.lummyrecipes.com/recipes/panera-copycat-creamy-broccoli-cheddar-soup/images/panera-copycat-creamy-broccoli-cheddar-soup_image_4.webp" medium="image" type="image/webp">
        <media:title>Panera Copycat: Creamy Broccoli Cheddar Soup</media:title>
        <media:description>Indulge in the rich, velvety goodness of this creamy broccoli cheddar soup that captures the essence of your favorite café. Perfectly balanced flavors make it a comforting bowl of happiness that you can whip up in no time.</media:description>
      </media:content>
      <media:group>
        <media:category>recipe</media:category>
        <media:keywords>cat1761230166734, easyrecipe, 1hourmeals, recipe, cooking, foodie, homemade, delicious, tablespoon, onion, cloves</media:keywords>
      </media:group>
    </item>
    <item>
      <title>Velvety Butternut Squash Soup</title>
      <link>http://www.lummyrecipes.com/base.html?page=recipe-detail&amp;recipe=velvety-butternut-squash-soup-1</link>
      <description>This velvety butternut squash soup is the perfect blend of creamy texture and rich flavor, making it a comforting choice for any occasion. With just five simple ingredients, you can create a dish that warms the soul and delights the senses.</description>
      <pubDate>Mon, 03 Nov 2025 22:32:17 +0100</pubDate>
      <guid isPermaLink="true">http://www.lummyrecipes.com/base.html?page=recipe-detail&amp;recipe=velvety-butternut-squash-soup-1</guid>
      <category>cat_1761230166_734</category>
      <dc:creator>author_001</dc:creator>
      <content:encoded><![CDATA[<div class="recipe-content" style="font-family: Arial, sans-serif; max-width: 600px;"><img src="http://www.lummyrecipes.com/recipes/velvety-butternut-squash-soup-1/images/velvety-butternut-squash-soup-1_image_4.webp" alt="Velvety Butternut Squash Soup" style="width:100%;max-width:600px;height:auto;border-radius:8px;margin-bottom:20px;"><div style="background:#f8f9fa;padding:15px;border-radius:8px;margin-bottom:20px;"><p style="margin:5px 0;"><strong>⏱️ Prep Time:</strong> 15 minutes</p><p style="margin:5px 0;"><strong>🍳 Cook Time:</strong> 30 minutes</p><p style="margin:5px 0;"><strong>⏰ Total Time:</strong> 45 minutes</p><p style="margin:5px 0;"><strong>🍽️ Servings:</strong> 4</p><p style="margin:5px 0;"><strong>📊 Difficulty:</strong> Easy</p></div><div style="margin-bottom:30px;"><h3 style="color:#E60023;border-bottom:2px solid #E60023;padding-bottom:5px;">🥘 Ingredients</h3><ul style="line-height:1.8;"><li>1 medium butternut squash, peeled and cubed</li><li>1 onion, chopped</li><li>2 cloves garlic, minced</li><li>4 cups vegetable broth</li><li>1 cup coconut milk</li></ul></div><div style="margin-bottom:30px;"><h3 style="color:#E60023;border-bottom:2px solid #E60023;padding-bottom:5px;">👩‍🍳 Instructions</h3><ol style="line-height:1.8;"><li>In a large pot, sauté the onion and garlic in a little olive oil until translucent.</li><li>Add the cubed butternut squash and vegetable broth, bringing to a boil.</li><li>Reduce heat and simmer until the squash is tender, about 20 minutes.</li><li>Blend the soup until smooth, then stir in the coconut milk and heat through.</li></ol></div><div style="background:#fff3f3;padding:15px;border-radius:8px;border-left:4px solid #E60023;"><p><strong>📌 Pinterest Tags:</strong> #cat1761230166734 #easyrecipe #1hourmeals #recipe #cooking #foodie #homemade #delicious #medium #onion #cloves</p></div><div style="text-align:center;margin-top:30px;padding:20px;background:#E60023;color:white;border-radius:8px;"><p style="margin:0;"><strong>📌 Save this recipe to Pinterest!</strong></p><p style="margin:5px 0 0 0;">Perfect for meal planning and sharing with friends</p></div></div>]]></content:encoded>
      <media:content url="http://www.lummyrecipes.com/recipes/velvety-butternut-squash-soup-1/images/velvety-butternut-squash-soup-1_image_4.webp" medium="image" type="image/webp">
        <media:title>Velvety Butternut Squash Soup</media:title>
        <media:description>This velvety butternut squash soup is the perfect blend of creamy texture and rich flavor, making it a comforting choice for any occasion. With just five simple ingredients, you can create a dish that warms the soul and delights the senses.</media:description>
      </media:content>
      <media:group>
        <media:category>recipe</media:category>
        <media:keywords>cat1761230166734, easyrecipe, 1hourmeals, recipe, cooking, foodie, homemade, delicious, medium, onion, cloves</media:keywords>
      </media:group>
    </item>
    <item>
      <title>Marry Me Soup</title>
      <link>http://www.lummyrecipes.com/base.html?page=recipe-detail&amp;recipe=marry-me-soup</link>
      <description>This creamy Marry Me Soup is a delightful blend of flavors that promises to impress anyone who tries it. With its rich texture and aromatic ingredients, it's perfect for cozy dinners or special occasions.</description>
      <pubDate>Mon, 03 Nov 2025 19:11:42 +0100</pubDate>
      <guid isPermaLink="true">http://www.lummyrecipes.com/base.html?page=recipe-detail&amp;recipe=marry-me-soup</guid>
      <category>cat_1761230166_734</category>
      <dc:creator>author_001</dc:creator>
      <content:encoded><![CDATA[<div class="recipe-content" style="font-family: Arial, sans-serif; max-width: 600px;"><img src="http://www.lummyrecipes.com/recipes/marry-me-soup/images/marry-me-soup_image_4.webp" alt="Marry Me Soup" style="width:100%;max-width:600px;height:auto;border-radius:8px;margin-bottom:20px;"><div style="background:#f8f9fa;padding:15px;border-radius:8px;margin-bottom:20px;"><p style="margin:5px 0;"><strong>⏱️ Prep Time:</strong> 15 minutes</p><p style="margin:5px 0;"><strong>🍳 Cook Time:</strong> 30 minutes</p><p style="margin:5px 0;"><strong>⏰ Total Time:</strong> 45 minutes</p><p style="margin:5px 0;"><strong>🍽️ Servings:</strong> 4</p><p style="margin:5px 0;"><strong>📊 Difficulty:</strong> Easy</p></div><div style="margin-bottom:30px;"><h3 style="color:#E60023;border-bottom:2px solid #E60023;padding-bottom:5px;">🥘 Ingredients</h3><ul style="line-height:1.8;"><li>1 pound shrimp peeled and deveined</li><li>2 tablespoons olive oil</li><li>1 cup heavy cream</li><li>1 onion, chopped</li><li>2 cloves garlic, minced</li><li>4 cups chicken broth</li><li>1 teaspoon thyme</li><li>Salt and pepper to taste</li><li>Fresh parsley for garnish</li></ul></div><div style="margin-bottom:30px;"><h3 style="color:#E60023;border-bottom:2px solid #E60023;padding-bottom:5px;">👩‍🍳 Instructions</h3><ol style="line-height:1.8;"><li>Heat olive oil in a large pot over medium heat.</li><li>Add chopped onion and minced garlic, sauté until translucent.</li><li>Pour in chicken broth and bring to a simmer.</li><li>Add shrimp and cook until pink, about 3-4 minutes.</li><li>Stir in heavy cream and thyme, season with salt and pepper.</li><li>Simmer for an additional 5 minutes, then serve hot, garnished with fresh parsley.</li></ol></div><div style="background:#fff3f3;padding:15px;border-radius:8px;border-left:4px solid #E60023;"><p><strong>📌 Pinterest Tags:</strong> #cat1761230166734 #easyrecipe #1hourmeals #recipe #cooking #foodie #homemade #delicious #pound #olive #heavy</p></div><div style="text-align:center;margin-top:30px;padding:20px;background:#E60023;color:white;border-radius:8px;"><p style="margin:0;"><strong>📌 Save this recipe to Pinterest!</strong></p><p style="margin:5px 0 0 0;">Perfect for meal planning and sharing with friends</p></div></div>]]></content:encoded>
      <media:content url="http://www.lummyrecipes.com/recipes/marry-me-soup/images/marry-me-soup_image_4.webp" medium="image" type="image/webp">
        <media:title>Marry Me Soup</media:title>
        <media:description>This creamy Marry Me Soup is a delightful blend of flavors that promises to impress anyone who tries it. With its rich texture and aromatic ingredients, it's perfect for cozy dinners or special occasions.</media:description>
      </media:content>
      <media:group>
        <media:category>recipe</media:category>
        <media:keywords>cat1761230166734, easyrecipe, 1hourmeals, recipe, cooking, foodie, homemade, delicious, pound, olive, heavy</media:keywords>
      </media:group>
    </item>
    <item>
      <title>Set-It-Forget-It Chicken Noodle Soup</title>
      <link>http://www.lummyrecipes.com/base.html?page=recipe-detail&amp;recipe=set-it-forget-it-chicken-noodle-soup</link>
      <description>Warm up with a comforting bowl of Set-It-Forget-It Chicken Noodle Soup, perfect for chilly days. This easy crockpot recipe allows you to enjoy a hearty meal with minimal effort, making it a family favorite.</description>
      <pubDate>Sun, 02 Nov 2025 19:43:18 +0100</pubDate>
      <guid isPermaLink="true">http://www.lummyrecipes.com/base.html?page=recipe-detail&amp;recipe=set-it-forget-it-chicken-noodle-soup</guid>
      <category>cat_1761230166_734</category>
      <dc:creator>author_001</dc:creator>
      <content:encoded><![CDATA[<div class="recipe-content" style="font-family: Arial, sans-serif; max-width: 600px;"><img src="http://www.lummyrecipes.com/recipes/set-it-forget-it-chicken-noodle-soup/images/set-it-forget-it-chicken-noodle-soup_image_4.webp" alt="Set-It-Forget-It Chicken Noodle Soup" style="width:100%;max-width:600px;height:auto;border-radius:8px;margin-bottom:20px;"><div style="background:#f8f9fa;padding:15px;border-radius:8px;margin-bottom:20px;"><p style="margin:5px 0;"><strong>⏱️ Prep Time:</strong> 15 minutes</p><p style="margin:5px 0;"><strong>🍳 Cook Time:</strong> 480 minutes</p><p style="margin:5px 0;"><strong>⏰ Total Time:</strong> 495 minutes</p><p style="margin:5px 0;"><strong>🍽️ Servings:</strong> 6</p><p style="margin:5px 0;"><strong>📊 Difficulty:</strong> Easy</p></div><div style="margin-bottom:30px;"><h3 style="color:#E60023;border-bottom:2px solid #E60023;padding-bottom:5px;">🥘 Ingredients</h3><ul style="line-height:1.8;"><li>1 pound boneless chicken breasts</li><li>4 cups chicken broth</li><li>2 cups carrots, sliced</li><li>2 cups celery, sliced</li><li>1 onion, chopped</li><li>2 cups egg noodles</li><li>1 teaspoon dried thyme</li><li>Salt and pepper to taste</li></ul></div><div style="margin-bottom:30px;"><h3 style="color:#E60023;border-bottom:2px solid #E60023;padding-bottom:5px;">👩‍🍳 Instructions</h3><ol style="line-height:1.8;"><li>Place chicken breasts in the crockpot and season with salt, pepper, and thyme.</li><li>Add chicken broth, carrots, celery, and onion to the crockpot.</li><li>Cover and cook on low for 6-8 hours or high for 3-4 hours.</li><li>Remove chicken, shred it, and return to the pot.</li><li>Add egg noodles and cook for an additional 30 minutes until noodles are tender.</li></ol></div><div style="background:#fff3f3;padding:15px;border-radius:8px;border-left:4px solid #E60023;"><p><strong>📌 Pinterest Tags:</strong> #cat1761230166734 #easyrecipe #recipe #cooking #foodie #homemade #delicious #pound #chicken #carrots</p></div><div style="text-align:center;margin-top:30px;padding:20px;background:#E60023;color:white;border-radius:8px;"><p style="margin:0;"><strong>📌 Save this recipe to Pinterest!</strong></p><p style="margin:5px 0 0 0;">Perfect for meal planning and sharing with friends</p></div></div>]]></content:encoded>
      <media:content url="http://www.lummyrecipes.com/recipes/set-it-forget-it-chicken-noodle-soup/images/set-it-forget-it-chicken-noodle-soup_image_4.webp" medium="image" type="image/webp">
        <media:title>Set-It-Forget-It Chicken Noodle Soup</media:title>
        <media:description>Warm up with a comforting bowl of Set-It-Forget-It Chicken Noodle Soup, perfect for chilly days. This easy crockpot recipe allows you to enjoy a hearty meal with minimal effort, making it a family favorite.</media:description>
      </media:content>
      <media:group>
        <media:category>recipe</media:category>
        <media:keywords>cat1761230166734, easyrecipe, recipe, cooking, foodie, homemade, delicious, pound, chicken, carrots</media:keywords>
      </media:group>
    </item>
    <item>
      <title>30-Minute Sausage Tortellini Soup</title>
      <link>http://www.lummyrecipes.com/base.html?page=recipe-detail&amp;recipe=30-minute-sausage-tortellini-soup</link>
      <description>This hearty and comforting sausage tortellini soup is a family favorite that comes together in just 30 minutes. Packed with flavor and wholesome ingredients, it's perfect for busy weeknights when you crave something warm and satisfying.</description>
      <pubDate>Sun, 02 Nov 2025 01:53:25 +0100</pubDate>
      <guid isPermaLink="true">http://www.lummyrecipes.com/base.html?page=recipe-detail&amp;recipe=30-minute-sausage-tortellini-soup</guid>
      <category>cat_1761230166_734</category>
      <dc:creator>author_001</dc:creator>
      <content:encoded><![CDATA[<div class="recipe-content" style="font-family: Arial, sans-serif; max-width: 600px;"><img src="http://www.lummyrecipes.com/recipes/30-minute-sausage-tortellini-soup/images/30-minute-sausage-tortellini-soup_image_4.webp" alt="30-Minute Sausage Tortellini Soup" style="width:100%;max-width:600px;height:auto;border-radius:8px;margin-bottom:20px;"><div style="background:#f8f9fa;padding:15px;border-radius:8px;margin-bottom:20px;"><p style="margin:5px 0;"><strong>⏱️ Prep Time:</strong> 15 minutes</p><p style="margin:5px 0;"><strong>🍳 Cook Time:</strong> 30 minutes</p><p style="margin:5px 0;"><strong>⏰ Total Time:</strong> 45 minutes</p><p style="margin:5px 0;"><strong>🍽️ Servings:</strong> 4</p><p style="margin:5px 0;"><strong>📊 Difficulty:</strong> Easy</p></div><div style="margin-bottom:30px;"><h3 style="color:#E60023;border-bottom:2px solid #E60023;padding-bottom:5px;">🥘 Ingredients</h3><ul style="line-height:1.8;"><li>1 pound Italian sausage, casings removed</li><li>1 onion, chopped</li><li>2 cloves garlic, minced</li><li>4 cups chicken broth</li><li>1 can diced tomatoes</li><li>1 package (9 ounces) cheese tortellini</li><li>2 cups fresh spinach</li><li>Salt and pepper to taste</li><li>Grated Parmesan cheese for serving</li></ul></div><div style="margin-bottom:30px;"><h3 style="color:#E60023;border-bottom:2px solid #E60023;padding-bottom:5px;">👩‍🍳 Instructions</h3><ol style="line-height:1.8;"><li>In a large pot, cook the Italian sausage over medium heat until browned, breaking it apart with a spoon.</li><li>Add the chopped onion and minced garlic, cooking until the onion is translucent.</li><li>Pour in the chicken broth and diced tomatoes, bringing the mixture to a boil.</li><li>Stir in the tortellini and cook according to package instructions until tender.</li><li>Add the fresh spinach and cook until wilted, about 2 minutes.</li><li>Season with salt and pepper to taste, and serve hot with grated Parmesan cheese on top.</li></ol></div><div style="background:#fff3f3;padding:15px;border-radius:8px;border-left:4px solid #E60023;"><p><strong>📌 Pinterest Tags:</strong> #cat1761230166734 #easyrecipe #1hourmeals #recipe #cooking #foodie #homemade #delicious #pound #onion #cloves</p></div><div style="text-align:center;margin-top:30px;padding:20px;background:#E60023;color:white;border-radius:8px;"><p style="margin:0;"><strong>📌 Save this recipe to Pinterest!</strong></p><p style="margin:5px 0 0 0;">Perfect for meal planning and sharing with friends</p></div></div>]]></content:encoded>
      <media:content url="http://www.lummyrecipes.com/recipes/30-minute-sausage-tortellini-soup/images/30-minute-sausage-tortellini-soup_image_4.webp" medium="image" type="image/webp">
        <media:title>30-Minute Sausage Tortellini Soup</media:title>
        <media:description>This hearty and comforting sausage tortellini soup is a family favorite that comes together in just 30 minutes. Packed with flavor and wholesome ingredients, it's perfect for busy weeknights when you crave something warm and satisfying.</media:description>
      </media:content>
      <media:group>
        <media:category>recipe</media:category>
        <media:keywords>cat1761230166734, easyrecipe, 1hourmeals, recipe, cooking, foodie, homemade, delicious, pound, onion, cloves</media:keywords>
      </media:group>
    </item>
    <item>
      <title>Panera Copycat: Broccoli Cheddar Soup</title>
      <link>http://www.lummyrecipes.com/base.html?page=recipe-detail&amp;recipe=panera-copycat-broccoli-cheddar-soup</link>
      <description>Indulge in the creamy, cheesy goodness of this Broccoli Cheddar Soup that captures the essence of your favorite café dish. Perfectly balanced with tender broccoli and rich cheddar, this comforting bowl will warm your soul and satisfy your cravings.</description>
      <pubDate>Fri, 31 Oct 2025 18:17:16 +0100</pubDate>
      <guid isPermaLink="true">http://www.lummyrecipes.com/base.html?page=recipe-detail&amp;recipe=panera-copycat-broccoli-cheddar-soup</guid>
      <category>cat_1761230166_734</category>
      <dc:creator>author_001</dc:creator>
      <content:encoded><![CDATA[<div class="recipe-content" style="font-family: Arial, sans-serif; max-width: 600px;"><img src="http://www.lummyrecipes.com/recipes/panera-copycat-broccoli-cheddar-soup/images/panera-copycat-broccoli-cheddar-soup_image_4.webp" alt="Panera Copycat: Broccoli Cheddar Soup" style="width:100%;max-width:600px;height:auto;border-radius:8px;margin-bottom:20px;"><div style="background:#f8f9fa;padding:15px;border-radius:8px;margin-bottom:20px;"><p style="margin:5px 0;"><strong>⏱️ Prep Time:</strong> 15 minutes</p><p style="margin:5px 0;"><strong>🍳 Cook Time:</strong> 30 minutes</p><p style="margin:5px 0;"><strong>⏰ Total Time:</strong> 45 minutes</p><p style="margin:5px 0;"><strong>🍽️ Servings:</strong> 4</p><p style="margin:5px 0;"><strong>📊 Difficulty:</strong> Medium</p></div><div style="margin-bottom:30px;"><h3 style="color:#E60023;border-bottom:2px solid #E60023;padding-bottom:5px;">🥘 Ingredients</h3><ul style="line-height:1.8;"><li>4 cups fresh broccoli florets</li><li>1 cup shredded carrots</li><li>1/2 cup chopped onion</li><li>2 tablespoons butter</li><li>1/4 cup all-purpose flour</li><li>4 cups vegetable broth</li><li>2 cups shredded sharp cheddar cheese</li><li>1 cup heavy cream</li><li>Salt and pepper to taste</li></ul></div><div style="margin-bottom:30px;"><h3 style="color:#E60023;border-bottom:2px solid #E60023;padding-bottom:5px;">👩‍🍳 Instructions</h3><ol style="line-height:1.8;"><li>In a large pot, melt butter over medium heat. Add onions and carrots, sauté until softened.</li><li>Stir in flour and cook for 1 minute.</li><li>Gradually whisk in vegetable broth, then add broccoli. Simmer until broccoli is tender, about 10 minutes.</li><li>Stir in heavy cream and cheese until melted and smooth. Season with salt and pepper.</li></ol></div><div style="background:#fff3f3;padding:15px;border-radius:8px;border-left:4px solid #E60023;"><p><strong>📌 Pinterest Tags:</strong> #cat1761230166734 #mediumrecipe #1hourmeals #recipe #cooking #foodie #homemade #delicious #fresh #shredded #chopped</p></div><div style="text-align:center;margin-top:30px;padding:20px;background:#E60023;color:white;border-radius:8px;"><p style="margin:0;"><strong>📌 Save this recipe to Pinterest!</strong></p><p style="margin:5px 0 0 0;">Perfect for meal planning and sharing with friends</p></div></div>]]></content:encoded>
      <media:content url="http://www.lummyrecipes.com/recipes/panera-copycat-broccoli-cheddar-soup/images/panera-copycat-broccoli-cheddar-soup_image_4.webp" medium="image" type="image/webp">
        <media:title>Panera Copycat: Broccoli Cheddar Soup</media:title>
        <media:description>Indulge in the creamy, cheesy goodness of this Broccoli Cheddar Soup that captures the essence of your favorite café dish. Perfectly balanced with tender broccoli and rich cheddar, this comforting bowl will warm your soul and satisfy your cravings.</media:description>
      </media:content>
      <media:group>
        <media:category>recipe</media:category>
        <media:keywords>cat1761230166734, mediumrecipe, 1hourmeals, recipe, cooking, foodie, homemade, delicious, fresh, shredded, chopped</media:keywords>
      </media:group>
    </item>
    <item>
      <title>Set-It-Forget-It Chicken Soup</title>
      <link>http://www.lummyrecipes.com/base.html?page=recipe-detail&amp;recipe=set-it-forget-it-chicken-soup-1</link>
      <description>This comforting chicken soup is a warm hug in a bowl, perfect for busy days. With minimal prep and a slow cooker, you can enjoy a hearty meal that fills your home with delicious aromas.</description>
      <pubDate>Fri, 31 Oct 2025 17:08:54 +0100</pubDate>
      <guid isPermaLink="true">http://www.lummyrecipes.com/base.html?page=recipe-detail&amp;recipe=set-it-forget-it-chicken-soup-1</guid>
      <category>cat_1761230166_734</category>
      <dc:creator>author_001</dc:creator>
      <content:encoded><![CDATA[<div class="recipe-content" style="font-family: Arial, sans-serif; max-width: 600px;"><img src="http://www.lummyrecipes.com/recipes/set-it-forget-it-chicken-soup-1/images/set-it-forget-it-chicken-soup-1_image_4.webp" alt="Set-It-Forget-It Chicken Soup" style="width:100%;max-width:600px;height:auto;border-radius:8px;margin-bottom:20px;"><div style="background:#f8f9fa;padding:15px;border-radius:8px;margin-bottom:20px;"><p style="margin:5px 0;"><strong>⏱️ Prep Time:</strong> 15 minutes</p><p style="margin:5px 0;"><strong>🍳 Cook Time:</strong> 480 minutes</p><p style="margin:5px 0;"><strong>⏰ Total Time:</strong> 495 minutes</p><p style="margin:5px 0;"><strong>🍽️ Servings:</strong> 6</p><p style="margin:5px 0;"><strong>📊 Difficulty:</strong> Easy</p></div><div style="margin-bottom:30px;"><h3 style="color:#E60023;border-bottom:2px solid #E60023;padding-bottom:5px;">🥘 Ingredients</h3><ul style="line-height:1.8;"><li>1 pound boneless, skinless chicken breasts</li><li>4 cups chicken broth</li><li>2 cups mixed vegetables (carrots, peas, corn)</li><li>1 onion, chopped</li><li>2 cloves garlic, minced</li><li>1 teaspoon dried thyme</li><li>Salt and pepper to taste</li></ul></div><div style="margin-bottom:30px;"><h3 style="color:#E60023;border-bottom:2px solid #E60023;padding-bottom:5px;">👩‍🍳 Instructions</h3><ol style="line-height:1.8;"><li>Place the chicken breasts in the slow cooker.</li><li>Add chicken broth, mixed vegetables, onion, garlic, thyme, salt, and pepper.</li><li>Cover and cook on low for 8 hours or high for 4 hours.</li><li>Once cooked, shred the chicken with two forks and stir back into the soup.</li></ol></div><div style="background:#fff3f3;padding:15px;border-radius:8px;border-left:4px solid #E60023;"><p><strong>📌 Pinterest Tags:</strong> #cat1761230166734 #easyrecipe #recipe #cooking #foodie #homemade #delicious #pound #chicken #mixed</p></div><div style="text-align:center;margin-top:30px;padding:20px;background:#E60023;color:white;border-radius:8px;"><p style="margin:0;"><strong>📌 Save this recipe to Pinterest!</strong></p><p style="margin:5px 0 0 0;">Perfect for meal planning and sharing with friends</p></div></div>]]></content:encoded>
      <media:content url="http://www.lummyrecipes.com/recipes/set-it-forget-it-chicken-soup-1/images/set-it-forget-it-chicken-soup-1_image_4.webp" medium="image" type="image/webp">
        <media:title>Set-It-Forget-It Chicken Soup</media:title>
        <media:description>This comforting chicken soup is a warm hug in a bowl, perfect for busy days. With minimal prep and a slow cooker, you can enjoy a hearty meal that fills your home with delicious aromas.</media:description>
      </media:content>
      <media:group>
        <media:category>recipe</media:category>
        <media:keywords>cat1761230166734, easyrecipe, recipe, cooking, foodie, homemade, delicious, pound, chicken, mixed</media:keywords>
      </media:group>
    </item>
    <item>
      <title>Velvety Butternut Squash Soup</title>
      <link>http://www.lummyrecipes.com/base.html?page=recipe-detail&amp;recipe=velvety-butternut-squash-soup</link>
      <description>This velvety butternut squash soup is a warm hug in a bowl, perfect for chilly days. With just five ingredients, it’s simple to make yet bursting with flavor, making it a delightful addition to any meal.</description>
      <pubDate>Fri, 31 Oct 2025 00:40:13 +0100</pubDate>
      <guid isPermaLink="true">http://www.lummyrecipes.com/base.html?page=recipe-detail&amp;recipe=velvety-butternut-squash-soup</guid>
      <category>cat_1761230166_734</category>
      <dc:creator>author_001</dc:creator>
      <content:encoded><![CDATA[<div class="recipe-content" style="font-family: Arial, sans-serif; max-width: 600px;"><img src="http://www.lummyrecipes.com/recipes/velvety-butternut-squash-soup/images/velvety-butternut-squash-soup_image_4.webp" alt="Velvety Butternut Squash Soup" style="width:100%;max-width:600px;height:auto;border-radius:8px;margin-bottom:20px;"><div style="background:#f8f9fa;padding:15px;border-radius:8px;margin-bottom:20px;"><p style="margin:5px 0;"><strong>⏱️ Prep Time:</strong> 15 minutes</p><p style="margin:5px 0;"><strong>🍳 Cook Time:</strong> 30 minutes</p><p style="margin:5px 0;"><strong>⏰ Total Time:</strong> 45 minutes</p><p style="margin:5px 0;"><strong>🍽️ Servings:</strong> 4</p><p style="margin:5px 0;"><strong>📊 Difficulty:</strong> Easy</p></div><div style="margin-bottom:30px;"><h3 style="color:#E60023;border-bottom:2px solid #E60023;padding-bottom:5px;">🥘 Ingredients</h3><ul style="line-height:1.8;"><li>1 medium butternut squash, peeled and cubed</li><li>1 onion, chopped</li><li>2 cloves garlic, minced</li><li>4 cups vegetable broth</li><li>Salt and pepper to taste</li></ul></div><div style="margin-bottom:30px;"><h3 style="color:#E60023;border-bottom:2px solid #E60023;padding-bottom:5px;">👩‍🍳 Instructions</h3><ol style="line-height:1.8;"><li>In a large pot, sauté the onion and garlic until translucent.</li><li>Add the cubed butternut squash and vegetable broth.</li><li>Bring to a boil, then reduce heat and simmer for 20 minutes until squash is tender.</li><li>Blend the soup until smooth, season with salt and pepper, and serve warm.</li></ol></div><div style="background:#fff3f3;padding:15px;border-radius:8px;border-left:4px solid #E60023;"><p><strong>📌 Pinterest Tags:</strong> #cat1761230166734 #easyrecipe #1hourmeals #recipe #cooking #foodie #homemade #delicious #medium #onion #cloves</p></div><div style="text-align:center;margin-top:30px;padding:20px;background:#E60023;color:white;border-radius:8px;"><p style="margin:0;"><strong>📌 Save this recipe to Pinterest!</strong></p><p style="margin:5px 0 0 0;">Perfect for meal planning and sharing with friends</p></div></div>]]></content:encoded>
      <media:content url="http://www.lummyrecipes.com/recipes/velvety-butternut-squash-soup/images/velvety-butternut-squash-soup_image_4.webp" medium="image" type="image/webp">
        <media:title>Velvety Butternut Squash Soup</media:title>
        <media:description>This velvety butternut squash soup is a warm hug in a bowl, perfect for chilly days. With just five ingredients, it’s simple to make yet bursting with flavor, making it a delightful addition to any meal.</media:description>
      </media:content>
      <media:group>
        <media:category>recipe</media:category>
        <media:keywords>cat1761230166734, easyrecipe, 1hourmeals, recipe, cooking, foodie, homemade, delicious, medium, onion, cloves</media:keywords>
      </media:group>
    </item>
    <item>
      <title>Cozy Autumn Wild Rice Soup</title>
      <link>http://www.lummyrecipes.com/base.html?page=recipe-detail&amp;recipe=cozy-autumn-wild-rice-soup-1</link>
      <description>Embrace the flavors of fall with this hearty and comforting wild rice soup. Packed with butternut squash, mushrooms, and a hint of autumn spice, it's the perfect dish to warm you up on chilly evenings.</description>
      <pubDate>Thu, 30 Oct 2025 17:15:37 +0100</pubDate>
      <guid isPermaLink="true">http://www.lummyrecipes.com/base.html?page=recipe-detail&amp;recipe=cozy-autumn-wild-rice-soup-1</guid>
      <category>cat_1761230166_734</category>
      <dc:creator>author_001</dc:creator>
      <content:encoded><![CDATA[<div class="recipe-content" style="font-family: Arial, sans-serif; max-width: 600px;"><img src="http://www.lummyrecipes.com/recipes/cozy-autumn-wild-rice-soup-1/images/cozy-autumn-wild-rice-soup-1_image_4.webp" alt="Cozy Autumn Wild Rice Soup" style="width:100%;max-width:600px;height:auto;border-radius:8px;margin-bottom:20px;"><div style="background:#f8f9fa;padding:15px;border-radius:8px;margin-bottom:20px;"><p style="margin:5px 0;"><strong>⏱️ Prep Time:</strong> 15 minutes</p><p style="margin:5px 0;"><strong>🍳 Cook Time:</strong> 90 minutes</p><p style="margin:5px 0;"><strong>⏰ Total Time:</strong> 105 minutes</p><p style="margin:5px 0;"><strong>🍽️ Servings:</strong> 6</p><p style="margin:5px 0;"><strong>📊 Difficulty:</strong> Medium</p></div><div style="margin-bottom:30px;"><h3 style="color:#E60023;border-bottom:2px solid #E60023;padding-bottom:5px;">🥘 Ingredients</h3><ul style="line-height:1.8;"><li>1 cup wild rice</li><li>1 tablespoon olive oil</li><li>1 medium onion, chopped</li><li>2 cloves garlic, minced</li><li>2 cups butternut squash, diced</li><li>1 cup mushrooms, sliced</li><li>4 cups vegetable broth</li><li>1 teaspoon dried thyme</li><li>1 teaspoon sage</li><li>Salt and pepper to taste</li></ul></div><div style="margin-bottom:30px;"><h3 style="color:#E60023;border-bottom:2px solid #E60023;padding-bottom:5px;">👩‍🍳 Instructions</h3><ol style="line-height:1.8;"><li>Rinse the wild rice under cold water and set aside.</li><li>In a large pot, heat olive oil over medium heat. Add onion and garlic, sauté until translucent.</li><li>Add butternut squash and mushrooms, cooking for about 5 minutes until softened.</li><li>Stir in the wild rice, vegetable broth, thyme, and sage. Bring to a boil.</li><li>Reduce heat to low, cover, and simmer for about 1 hour or until rice is tender.</li><li>Season with salt and pepper to taste before serving.</li></ol></div><div style="background:#fff3f3;padding:15px;border-radius:8px;border-left:4px solid #E60023;"><p><strong>📌 Pinterest Tags:</strong> #cat1761230166734 #mediumrecipe #recipe #cooking #foodie #homemade #delicious #tablespoon #medium</p></div><div style="text-align:center;margin-top:30px;padding:20px;background:#E60023;color:white;border-radius:8px;"><p style="margin:0;"><strong>📌 Save this recipe to Pinterest!</strong></p><p style="margin:5px 0 0 0;">Perfect for meal planning and sharing with friends</p></div></div>]]></content:encoded>
      <media:content url="http://www.lummyrecipes.com/recipes/cozy-autumn-wild-rice-soup-1/images/cozy-autumn-wild-rice-soup-1_image_4.webp" medium="image" type="image/webp">
        <media:title>Cozy Autumn Wild Rice Soup</media:title>
        <media:description>Embrace the flavors of fall with this hearty and comforting wild rice soup. Packed with butternut squash, mushrooms, and a hint of autumn spice, it's the perfect dish to warm you up on chilly evenings.</media:description>
      </media:content>
      <media:group>
        <media:category>recipe</media:category>
        <media:keywords>cat1761230166734, mediumrecipe, recipe, cooking, foodie, homemade, delicious, tablespoon, medium</media:keywords>
      </media:group>
    </item>
    <item>
      <title>Simple Creamy Potato Leek Soup</title>
      <link>http://www.lummyrecipes.com/base.html?page=recipe-detail&amp;recipe=simple-creamy-potato-leek-soup</link>
      <description>Dive into the rich flavors of this creamy potato leek soup that brings comfort in every spoonful. With minimal ingredients and a few simple steps, you can whip up this delightful dish in no time.</description>
      <pubDate>Thu, 30 Oct 2025 17:15:35 +0100</pubDate>
      <guid isPermaLink="true">http://www.lummyrecipes.com/base.html?page=recipe-detail&amp;recipe=simple-creamy-potato-leek-soup</guid>
      <category>cat_1761230166_734</category>
      <dc:creator>author_001</dc:creator>
      <content:encoded><![CDATA[<div class="recipe-content" style="font-family: Arial, sans-serif; max-width: 600px;"><img src="http://www.lummyrecipes.com/recipes/simple-creamy-potato-leek-soup/images/simple-creamy-potato-leek-soup_image_4.webp" alt="Simple Creamy Potato Leek Soup" style="width:100%;max-width:600px;height:auto;border-radius:8px;margin-bottom:20px;"><div style="background:#f8f9fa;padding:15px;border-radius:8px;margin-bottom:20px;"><p style="margin:5px 0;"><strong>⏱️ Prep Time:</strong> 15 minutes</p><p style="margin:5px 0;"><strong>🍳 Cook Time:</strong> 25 minutes</p><p style="margin:5px 0;"><strong>⏰ Total Time:</strong> 40 minutes</p><p style="margin:5px 0;"><strong>🍽️ Servings:</strong> 4</p><p style="margin:5px 0;"><strong>📊 Difficulty:</strong> Easy</p></div><div style="margin-bottom:30px;"><h3 style="color:#E60023;border-bottom:2px solid #E60023;padding-bottom:5px;">🥘 Ingredients</h3><ul style="line-height:1.8;"><li>4 large potatoes, peeled and diced</li><li>2 leeks, cleaned and sliced</li><li>4 cups vegetable broth</li><li>1 cup heavy cream</li><li>Salt and pepper to taste</li><li>2 tablespoons olive oil</li></ul></div><div style="margin-bottom:30px;"><h3 style="color:#E60023;border-bottom:2px solid #E60023;padding-bottom:5px;">👩‍🍳 Instructions</h3><ol style="line-height:1.8;"><li>In a large pot, heat olive oil over medium heat and add the sliced leeks. Sauté until soft, about 5 minutes.</li><li>Add the diced potatoes and vegetable broth. Bring to a boil, then reduce heat and simmer for 20 minutes until potatoes are tender.</li><li>Use an immersion blender to puree the soup until smooth. Stir in the heavy cream and season with salt and pepper to taste.</li></ol></div><div style="background:#fff3f3;padding:15px;border-radius:8px;border-left:4px solid #E60023;"><p><strong>📌 Pinterest Tags:</strong> #cat1761230166734 #easyrecipe #1hourmeals #recipe #cooking #foodie #homemade #delicious #large #leeks #vegetable</p></div><div style="text-align:center;margin-top:30px;padding:20px;background:#E60023;color:white;border-radius:8px;"><p style="margin:0;"><strong>📌 Save this recipe to Pinterest!</strong></p><p style="margin:5px 0 0 0;">Perfect for meal planning and sharing with friends</p></div></div>]]></content:encoded>
      <media:content url="http://www.lummyrecipes.com/recipes/simple-creamy-potato-leek-soup/images/simple-creamy-potato-leek-soup_image_4.webp" medium="image" type="image/webp">
        <media:title>Simple Creamy Potato Leek Soup</media:title>
        <media:description>Dive into the rich flavors of this creamy potato leek soup that brings comfort in every spoonful. With minimal ingredients and a few simple steps, you can whip up this delightful dish in no time.</media:description>
      </media:content>
      <media:group>
        <media:category>recipe</media:category>
        <media:keywords>cat1761230166734, easyrecipe, 1hourmeals, recipe, cooking, foodie, homemade, delicious, large, leeks, vegetable</media:keywords>
      </media:group>
    </item>
    <item>
      <title>Best White Bean Soup</title>
      <link>http://www.lummyrecipes.com/base.html?page=recipe-detail&amp;recipe=best-white-bean-soup</link>
      <description>This flavor-packed white bean soup is not only simple to make but also vegan and gluten-free, making it a perfect choice for everyone. Enjoy a warm bowl that will comfort your soul and delight your taste buds!</description>
      <pubDate>Thu, 30 Oct 2025 17:15:26 +0100</pubDate>
      <guid isPermaLink="true">http://www.lummyrecipes.com/base.html?page=recipe-detail&amp;recipe=best-white-bean-soup</guid>
      <category>cat_1761230166_734</category>
      <dc:creator>author_001</dc:creator>
      <content:encoded><![CDATA[<div class="recipe-content" style="font-family: Arial, sans-serif; max-width: 600px;"><img src="http://www.lummyrecipes.com/recipes/best-white-bean-soup/images/best-white-bean-soup_image_4.webp" alt="Best White Bean Soup" style="width:100%;max-width:600px;height:auto;border-radius:8px;margin-bottom:20px;"><div style="background:#f8f9fa;padding:15px;border-radius:8px;margin-bottom:20px;"><p style="margin:5px 0;"><strong>⏱️ Prep Time:</strong> 15 minutes</p><p style="margin:5px 0;"><strong>🍳 Cook Time:</strong> 30 minutes</p><p style="margin:5px 0;"><strong>⏰ Total Time:</strong> 45 minutes</p><p style="margin:5px 0;"><strong>🍽️ Servings:</strong> 4</p><p style="margin:5px 0;"><strong>📊 Difficulty:</strong> Easy</p></div><div style="margin-bottom:30px;"><h3 style="color:#E60023;border-bottom:2px solid #E60023;padding-bottom:5px;">🥘 Ingredients</h3><ul style="line-height:1.8;"><li>1 pound white beans, soaked overnight</li><li>2 tablespoons olive oil</li><li>1 onion, chopped</li><li>2 garlic cloves, minced</li><li>4 cups vegetable broth</li><li>1 teaspoon thyme</li><li>Salt and pepper to taste</li></ul></div><div style="margin-bottom:30px;"><h3 style="color:#E60023;border-bottom:2px solid #E60023;padding-bottom:5px;">👩‍🍳 Instructions</h3><ol style="line-height:1.8;"><li>In a large pot, heat olive oil over medium heat.</li><li>Add onion and garlic, sauté until softened.</li><li>Stir in soaked white beans, vegetable broth, and thyme.</li><li>Bring to a boil, then reduce heat and simmer for 25 minutes.</li><li>Season with salt and pepper before serving.</li></ol></div><div style="background:#fff3f3;padding:15px;border-radius:8px;border-left:4px solid #E60023;"><p><strong>📌 Pinterest Tags:</strong> #cat1761230166734 #easyrecipe #1hourmeals #recipe #cooking #foodie #homemade #delicious #pound #olive #onion</p></div><div style="text-align:center;margin-top:30px;padding:20px;background:#E60023;color:white;border-radius:8px;"><p style="margin:0;"><strong>📌 Save this recipe to Pinterest!</strong></p><p style="margin:5px 0 0 0;">Perfect for meal planning and sharing with friends</p></div></div>]]></content:encoded>
      <media:content url="http://www.lummyrecipes.com/recipes/best-white-bean-soup/images/best-white-bean-soup_image_4.webp" medium="image" type="image/webp">
        <media:title>Best White Bean Soup</media:title>
        <media:description>This flavor-packed white bean soup is not only simple to make but also vegan and gluten-free, making it a perfect choice for everyone. Enjoy a warm bowl that will comfort your soul and delight your taste buds!</media:description>
      </media:content>
      <media:group>
        <media:category>recipe</media:category>
        <media:keywords>cat1761230166734, easyrecipe, 1hourmeals, recipe, cooking, foodie, homemade, delicious, pound, olive, onion</media:keywords>
      </media:group>
    </item>
    <item>
      <title>World's Best Chili</title>
      <link>http://www.lummyrecipes.com/base.html?page=recipe-detail&amp;recipe=world-s-best-chili</link>
      <description>Warm up your winter nights with this hearty and flavorful chili that’s sure to become a family favorite. Packed with rich spices and tender meat, it’s the ultimate comfort food that will leave you craving more.</description>
      <pubDate>Mon, 27 Oct 2025 17:20:12 +0100</pubDate>
      <guid isPermaLink="true">http://www.lummyrecipes.com/base.html?page=recipe-detail&amp;recipe=world-s-best-chili</guid>
      <category>cat_1761230166_734</category>
      <dc:creator>author_001</dc:creator>
      <content:encoded><![CDATA[<div class="recipe-content" style="font-family: Arial, sans-serif; max-width: 600px;"><img src="http://www.lummyrecipes.com/recipes/world-s-best-chili/images/world-s-best-chili_image_4.webp" alt="World's Best Chili" style="width:100%;max-width:600px;height:auto;border-radius:8px;margin-bottom:20px;"><div style="background:#f8f9fa;padding:15px;border-radius:8px;margin-bottom:20px;"><p style="margin:5px 0;"><strong>⏱️ Prep Time:</strong> 20 minutes</p><p style="margin:5px 0;"><strong>🍳 Cook Time:</strong> 480 minutes</p><p style="margin:5px 0;"><strong>⏰ Total Time:</strong> 500 minutes</p><p style="margin:5px 0;"><strong>🍽️ Servings:</strong> 12</p><p style="margin:5px 0;"><strong>📊 Difficulty:</strong> Medium</p></div><div style="margin-bottom:30px;"><h3 style="color:#E60023;border-bottom:2px solid #E60023;padding-bottom:5px;">🥘 Ingredients</h3><ul style="line-height:1.8;"><li>2 pounds ground beef</li><li>1 large onion, chopped</li><li>3 cloves garlic, minced</li><li>2 cans (15 ounces each) kidney beans, rinsed and drained</li><li>2 cans (15 ounces each) diced tomatoes</li><li>1 can (6 ounces) tomato paste</li><li>2 tablespoons chili powder</li><li>1 tablespoon cumin</li><li>1 teaspoon salt</li><li>1 teaspoon pepper</li><li>1 cup beef broth</li></ul></div><div style="margin-bottom:30px;"><h3 style="color:#E60023;border-bottom:2px solid #E60023;padding-bottom:5px;">👩‍🍳 Instructions</h3><ol style="line-height:1.8;"><li>In a large pot, brown the ground beef over medium heat until fully cooked.</li><li>Add the chopped onion and minced garlic, cooking until the onion is translucent.</li><li>Stir in the kidney beans, diced tomatoes, tomato paste, chili powder, cumin, salt, pepper, and beef broth.</li><li>Bring the mixture to a boil, then reduce heat and simmer for at least 8 hours, stirring occasionally.</li></ol></div><div style="background:#fff3f3;padding:15px;border-radius:8px;border-left:4px solid #E60023;"><p><strong>📌 Pinterest Tags:</strong> #cat1761230166734 #mediumrecipe #recipe #cooking #foodie #homemade #delicious #ground #large #cloves</p></div><div style="text-align:center;margin-top:30px;padding:20px;background:#E60023;color:white;border-radius:8px;"><p style="margin:0;"><strong>📌 Save this recipe to Pinterest!</strong></p><p style="margin:5px 0 0 0;">Perfect for meal planning and sharing with friends</p></div></div>]]></content:encoded>
      <media:content url="http://www.lummyrecipes.com/recipes/world-s-best-chili/images/world-s-best-chili_image_4.webp" medium="image" type="image/webp">
        <media:title>World's Best Chili</media:title>
        <media:description>Warm up your winter nights with this hearty and flavorful chili that’s sure to become a family favorite. Packed with rich spices and tender meat, it’s the ultimate comfort food that will leave you craving more.</media:description>
      </media:content>
      <media:group>
        <media:category>recipe</media:category>
        <media:keywords>cat1761230166734, mediumrecipe, recipe, cooking, foodie, homemade, delicious, ground, large, cloves</media:keywords>
      </media:group>
    </item>
    <item>
      <title>Cozy Autumn Wild Rice Soup</title>
      <link>http://www.lummyrecipes.com/base.html?page=recipe-detail&amp;recipe=cozy-autumn-wild-rice-soup</link>
      <description>Embrace the flavors of fall with this hearty and comforting wild rice soup. Perfect for chilly evenings, it combines butternut squash, mushrooms, and a touch of autumn spice to warm your soul.</description>
      <pubDate>Sun, 26 Oct 2025 00:49:26 +0200</pubDate>
      <guid isPermaLink="true">http://www.lummyrecipes.com/base.html?page=recipe-detail&amp;recipe=cozy-autumn-wild-rice-soup</guid>
      <category>cat_1761230166_734</category>
      <dc:creator>author_001</dc:creator>
      <content:encoded><![CDATA[<div class="recipe-content" style="font-family: Arial, sans-serif; max-width: 600px;"><img src="http://www.lummyrecipes.com/recipes/cozy-autumn-wild-rice-soup/images/cozy-autumn-wild-rice-soup_image_4.webp" alt="Cozy Autumn Wild Rice Soup" style="width:100%;max-width:600px;height:auto;border-radius:8px;margin-bottom:20px;"><div style="background:#f8f9fa;padding:15px;border-radius:8px;margin-bottom:20px;"><p style="margin:5px 0;"><strong>⏱️ Prep Time:</strong> 15 minutes</p><p style="margin:5px 0;"><strong>🍳 Cook Time:</strong> 90 minutes</p><p style="margin:5px 0;"><strong>⏰ Total Time:</strong> 105 minutes</p><p style="margin:5px 0;"><strong>🍽️ Servings:</strong> 6</p><p style="margin:5px 0;"><strong>📊 Difficulty:</strong> Medium</p></div><div style="margin-bottom:30px;"><h3 style="color:#E60023;border-bottom:2px solid #E60023;padding-bottom:5px;">🥘 Ingredients</h3><ul style="line-height:1.8;"><li>1 cup wild rice</li><li>4 cups vegetable broth</li><li>1 medium butternut squash, peeled and diced</li><li>1 cup mushrooms, sliced</li><li>1 onion, chopped</li><li>2 cloves garlic, minced</li><li>1 teaspoon dried thyme</li><li>1 teaspoon dried sage</li><li>Salt and pepper to taste</li><li>2 tablespoons olive oil</li></ul></div><div style="margin-bottom:30px;"><h3 style="color:#E60023;border-bottom:2px solid #E60023;padding-bottom:5px;">👩‍🍳 Instructions</h3><ol style="line-height:1.8;"><li>In a large pot, heat olive oil over medium heat. Add onion and garlic, sauté until softened.</li><li>Add butternut squash and mushrooms, cooking for about 5 minutes until they begin to soften.</li><li>Stir in wild rice, vegetable broth, thyme, sage, salt, and pepper.</li><li>Bring to a boil, then reduce heat and simmer for about 1 hour, or until rice is tender.</li><li>Adjust seasoning as needed and serve warm.</li></ol></div><div style="background:#fff3f3;padding:15px;border-radius:8px;border-left:4px solid #E60023;"><p><strong>📌 Pinterest Tags:</strong> #cat1761230166734 #mediumrecipe #recipe #cooking #foodie #homemade #delicious #vegetable #medium</p></div><div style="text-align:center;margin-top:30px;padding:20px;background:#E60023;color:white;border-radius:8px;"><p style="margin:0;"><strong>📌 Save this recipe to Pinterest!</strong></p><p style="margin:5px 0 0 0;">Perfect for meal planning and sharing with friends</p></div></div>]]></content:encoded>
      <media:content url="http://www.lummyrecipes.com/recipes/cozy-autumn-wild-rice-soup/images/cozy-autumn-wild-rice-soup_image_4.webp" medium="image" type="image/webp">
        <media:title>Cozy Autumn Wild Rice Soup</media:title>
        <media:description>Embrace the flavors of fall with this hearty and comforting wild rice soup. Perfect for chilly evenings, it combines butternut squash, mushrooms, and a touch of autumn spice to warm your soul.</media:description>
      </media:content>
      <media:group>
        <media:category>recipe</media:category>
        <media:keywords>cat1761230166734, mediumrecipe, recipe, cooking, foodie, homemade, delicious, vegetable, medium</media:keywords>
      </media:group>
    </item>
    <item>
      <title>Seriously the Best Vegetable Soup</title>
      <link>http://www.lummyrecipes.com/base.html?page=recipe-detail&amp;recipe=seriously-the-best-vegetable-soup</link>
      <description>This vegetable soup is not just any soup; it's a comforting bowl of warmth filled with vibrant, healthy vegetables. Perfect for chilly evenings, it's both nourishing and satisfying, making it a go-to recipe for any season.</description>
      <pubDate>Sat, 25 Oct 2025 13:27:26 +0200</pubDate>
      <guid isPermaLink="true">http://www.lummyrecipes.com/base.html?page=recipe-detail&amp;recipe=seriously-the-best-vegetable-soup</guid>
      <category>cat_1761230166_734</category>
      <dc:creator>author_001</dc:creator>
      <content:encoded><![CDATA[<div class="recipe-content" style="font-family: Arial, sans-serif; max-width: 600px;"><img src="http://www.lummyrecipes.com/recipes/seriously-the-best-vegetable-soup/images/seriously-the-best-vegetable-soup_image_4.webp" alt="Seriously the Best Vegetable Soup" style="width:100%;max-width:600px;height:auto;border-radius:8px;margin-bottom:20px;"><div style="background:#f8f9fa;padding:15px;border-radius:8px;margin-bottom:20px;"><p style="margin:5px 0;"><strong>⏱️ Prep Time:</strong> 15 minutes</p><p style="margin:5px 0;"><strong>🍳 Cook Time:</strong> 35 minutes</p><p style="margin:5px 0;"><strong>⏰ Total Time:</strong> 50 minutes</p><p style="margin:5px 0;"><strong>🍽️ Servings:</strong> 8</p><p style="margin:5px 0;"><strong>📊 Difficulty:</strong> Easy</p></div><div style="margin-bottom:30px;"><h3 style="color:#E60023;border-bottom:2px solid #E60023;padding-bottom:5px;">🥘 Ingredients</h3><ul style="line-height:1.8;"><li>4 cups vegetable broth</li><li>2 cups chopped carrots</li><li>2 cups chopped celery</li><li>1 cup diced potatoes</li><li>1 cup chopped onions</li><li>2 cups chopped tomatoes</li><li>1 tablespoon olive oil</li><li>1 teaspoon dried thyme</li><li>Salt and pepper to taste</li></ul></div><div style="margin-bottom:30px;"><h3 style="color:#E60023;border-bottom:2px solid #E60023;padding-bottom:5px;">👩‍🍳 Instructions</h3><ol style="line-height:1.8;"><li>In a large pot, heat olive oil over medium heat.</li><li>Add onions, carrots, and celery; sauté for 5 minutes until softened.</li><li>Stir in the potatoes and tomatoes, then add the vegetable broth.</li><li>Season with thyme, salt, and pepper; bring to a boil.</li><li>Reduce heat and simmer for 25 minutes until vegetables are tender.</li></ol></div><div style="background:#fff3f3;padding:15px;border-radius:8px;border-left:4px solid #E60023;"><p><strong>📌 Pinterest Tags:</strong> #cat1761230166734 #easyrecipe #1hourmeals #recipe #cooking #foodie #homemade #delicious #vegetable #chopped</p></div><div style="text-align:center;margin-top:30px;padding:20px;background:#E60023;color:white;border-radius:8px;"><p style="margin:0;"><strong>📌 Save this recipe to Pinterest!</strong></p><p style="margin:5px 0 0 0;">Perfect for meal planning and sharing with friends</p></div></div>]]></content:encoded>
      <media:content url="http://www.lummyrecipes.com/recipes/seriously-the-best-vegetable-soup/images/seriously-the-best-vegetable-soup_image_4.webp" medium="image" type="image/webp">
        <media:title>Seriously the Best Vegetable Soup</media:title>
        <media:description>This vegetable soup is not just any soup; it's a comforting bowl of warmth filled with vibrant, healthy vegetables. Perfect for chilly evenings, it's both nourishing and satisfying, making it a go-to recipe for any season.</media:description>
      </media:content>
      <media:group>
        <media:category>recipe</media:category>
        <media:keywords>cat1761230166734, easyrecipe, 1hourmeals, recipe, cooking, foodie, homemade, delicious, vegetable, chopped</media:keywords>
      </media:group>
    </item>
    <item>
      <title>Gordon Ramsay’s Roasted Tomato Soup</title>
      <link>http://www.lummyrecipes.com/base.html?page=recipe-detail&amp;recipe=gordon-ramsay-s-roasted-tomato-soup</link>
      <description>Indulge in the rich, creamy goodness of Gordon Ramsay's Roasted Tomato Soup, bursting with deep roasted flavors. Perfect for chilly nights, this comforting dish pairs beautifully with crusty bread for a satisfying meal.</description>
      <pubDate>Sat, 25 Oct 2025 13:27:21 +0200</pubDate>
      <guid isPermaLink="true">http://www.lummyrecipes.com/base.html?page=recipe-detail&amp;recipe=gordon-ramsay-s-roasted-tomato-soup</guid>
      <category>cat_1761230166_734</category>
      <dc:creator>author_001</dc:creator>
      <content:encoded><![CDATA[<div class="recipe-content" style="font-family: Arial, sans-serif; max-width: 600px;"><img src="http://www.lummyrecipes.com/recipes/gordon-ramsay-s-roasted-tomato-soup/images/gordon-ramsay-s-roasted-tomato-soup_image_4.webp" alt="Gordon Ramsay’s Roasted Tomato Soup" style="width:100%;max-width:600px;height:auto;border-radius:8px;margin-bottom:20px;"><div style="background:#f8f9fa;padding:15px;border-radius:8px;margin-bottom:20px;"><p style="margin:5px 0;"><strong>⏱️ Prep Time:</strong> 15 minutes</p><p style="margin:5px 0;"><strong>🍳 Cook Time:</strong> 30 minutes</p><p style="margin:5px 0;"><strong>⏰ Total Time:</strong> 45 minutes</p><p style="margin:5px 0;"><strong>🍽️ Servings:</strong> 4</p><p style="margin:5px 0;"><strong>📊 Difficulty:</strong> Medium</p></div><div style="margin-bottom:30px;"><h3 style="color:#E60023;border-bottom:2px solid #E60023;padding-bottom:5px;">🥘 Ingredients</h3><ul style="line-height:1.8;"><li>2 pounds fresh tomatoes, halved</li><li>4 cloves garlic, unpeeled</li><li>2 tablespoons olive oil</li><li>1 teaspoon salt</li><li>1/2 teaspoon black pepper</li><li>1 cup heavy cream</li><li>Fresh basil for garnish</li></ul></div><div style="margin-bottom:30px;"><h3 style="color:#E60023;border-bottom:2px solid #E60023;padding-bottom:5px;">👩‍🍳 Instructions</h3><ol style="line-height:1.8;"><li>Preheat the oven to 400°F (200°C).</li><li>Place the halved tomatoes and unpeeled garlic on a baking sheet, drizzle with olive oil, and season with salt and pepper.</li><li>Roast in the oven for 25-30 minutes until the tomatoes are caramelized.</li><li>Let the tomatoes and garlic cool slightly, then peel the garlic.</li><li>In a blender, combine the roasted tomatoes, garlic, and heavy cream, and blend until smooth.</li><li>Heat the soup in a pot over medium heat until warmed through, then serve garnished with fresh basil.</li></ol></div><div style="background:#fff3f3;padding:15px;border-radius:8px;border-left:4px solid #E60023;"><p><strong>📌 Pinterest Tags:</strong> #cat1761230166734 #mediumrecipe #1hourmeals #recipe #cooking #foodie #homemade #delicious #fresh #cloves #olive</p></div><div style="text-align:center;margin-top:30px;padding:20px;background:#E60023;color:white;border-radius:8px;"><p style="margin:0;"><strong>📌 Save this recipe to Pinterest!</strong></p><p style="margin:5px 0 0 0;">Perfect for meal planning and sharing with friends</p></div></div>]]></content:encoded>
      <media:content url="http://www.lummyrecipes.com/recipes/gordon-ramsay-s-roasted-tomato-soup/images/gordon-ramsay-s-roasted-tomato-soup_image_4.webp" medium="image" type="image/webp">
        <media:title>Gordon Ramsay’s Roasted Tomato Soup</media:title>
        <media:description>Indulge in the rich, creamy goodness of Gordon Ramsay's Roasted Tomato Soup, bursting with deep roasted flavors. Perfect for chilly nights, this comforting dish pairs beautifully with crusty bread for a satisfying meal.</media:description>
      </media:content>
      <media:group>
        <media:category>recipe</media:category>
        <media:keywords>cat1761230166734, mediumrecipe, 1hourmeals, recipe, cooking, foodie, homemade, delicious, fresh, cloves, olive</media:keywords>
      </media:group>
    </item>
    <item>
      <title>Creamy Carrot Soup</title>
      <link>http://www.lummyrecipes.com/base.html?page=recipe-detail&amp;recipe=creamy-carrot-soup</link>
      <description>This creamy carrot soup is a delightful blend of flavors that will warm your soul. With its velvety texture and rich taste, it's perfect for any occasion.</description>
      <pubDate>Sat, 25 Oct 2025 13:27:14 +0200</pubDate>
      <guid isPermaLink="true">http://www.lummyrecipes.com/base.html?page=recipe-detail&amp;recipe=creamy-carrot-soup</guid>
      <category>cat_1761230166_734</category>
      <dc:creator>author_001</dc:creator>
      <content:encoded><![CDATA[<div class="recipe-content" style="font-family: Arial, sans-serif; max-width: 600px;"><img src="http://www.lummyrecipes.com/recipes/creamy-carrot-soup/images/creamy-carrot-soup_image_4.webp" alt="Creamy Carrot Soup" style="width:100%;max-width:600px;height:auto;border-radius:8px;margin-bottom:20px;"><div style="background:#f8f9fa;padding:15px;border-radius:8px;margin-bottom:20px;"><p style="margin:5px 0;"><strong>⏱️ Prep Time:</strong> 15 minutes</p><p style="margin:5px 0;"><strong>🍳 Cook Time:</strong> 30 minutes</p><p style="margin:5px 0;"><strong>⏰ Total Time:</strong> 45 minutes</p><p style="margin:5px 0;"><strong>🍽️ Servings:</strong> 8</p><p style="margin:5px 0;"><strong>📊 Difficulty:</strong> Easy</p></div><div style="margin-bottom:30px;"><h3 style="color:#E60023;border-bottom:2px solid #E60023;padding-bottom:5px;">🥘 Ingredients</h3><ul style="line-height:1.8;"><li>2 pounds carrots, peeled and chopped</li><li>1 onion, chopped</li><li>2 tablespoons olive oil</li><li>4 cups vegetable broth</li><li>1 cup heavy cream</li><li>Salt and pepper to taste</li></ul></div><div style="margin-bottom:30px;"><h3 style="color:#E60023;border-bottom:2px solid #E60023;padding-bottom:5px;">👩‍🍳 Instructions</h3><ol style="line-height:1.8;"><li>In a large pot, heat olive oil over medium heat. Add onions and sauté until translucent.</li><li>Add the chopped carrots and vegetable broth. Bring to a boil, then reduce heat and simmer until carrots are tender, about 20 minutes.</li><li>Using an immersion blender, puree the soup until smooth. Stir in the heavy cream and season with salt and pepper.</li></ol></div><div style="background:#fff3f3;padding:15px;border-radius:8px;border-left:4px solid #E60023;"><p><strong>📌 Pinterest Tags:</strong> #cat1761230166734 #easyrecipe #1hourmeals #recipe #cooking #foodie #homemade #delicious #carrots #onion #olive</p></div><div style="text-align:center;margin-top:30px;padding:20px;background:#E60023;color:white;border-radius:8px;"><p style="margin:0;"><strong>📌 Save this recipe to Pinterest!</strong></p><p style="margin:5px 0 0 0;">Perfect for meal planning and sharing with friends</p></div></div>]]></content:encoded>
      <media:content url="http://www.lummyrecipes.com/recipes/creamy-carrot-soup/images/creamy-carrot-soup_image_4.webp" medium="image" type="image/webp">
        <media:title>Creamy Carrot Soup</media:title>
        <media:description>This creamy carrot soup is a delightful blend of flavors that will warm your soul. With its velvety texture and rich taste, it's perfect for any occasion.</media:description>
      </media:content>
      <media:group>
        <media:category>recipe</media:category>
        <media:keywords>cat1761230166734, easyrecipe, 1hourmeals, recipe, cooking, foodie, homemade, delicious, carrots, onion, olive</media:keywords>
      </media:group>
    </item>
    <item>
      <title>Matzo Ball Soup</title>
      <link>http://www.lummyrecipes.com/base.html?page=recipe-detail&amp;recipe=matzo-ball-soup</link>
      <description>Warm, comforting, and filled with rich flavors, Matzo Ball Soup is the perfect dish to nourish both body and soul. This classic recipe combines fluffy matzo balls with a savory chicken broth and fresh vegetables, making it a beloved favorite for any occasion.</description>
      <pubDate>Fri, 24 Oct 2025 17:09:15 +0200</pubDate>
      <guid isPermaLink="true">http://www.lummyrecipes.com/base.html?page=recipe-detail&amp;recipe=matzo-ball-soup</guid>
      <category>cat_1761230166_734</category>
      <dc:creator>author_001</dc:creator>
      <content:encoded><![CDATA[<div class="recipe-content" style="font-family: Arial, sans-serif; max-width: 600px;"><img src="http://www.lummyrecipes.com/recipes/matzo-ball-soup/images/matzo-ball-soup_image_4.webp" alt="Matzo Ball Soup" style="width:100%;max-width:600px;height:auto;border-radius:8px;margin-bottom:20px;"><div style="background:#f8f9fa;padding:15px;border-radius:8px;margin-bottom:20px;"><p style="margin:5px 0;"><strong>⏱️ Prep Time:</strong> 15 minutes</p><p style="margin:5px 0;"><strong>🍳 Cook Time:</strong> 90 minutes</p><p style="margin:5px 0;"><strong>⏰ Total Time:</strong> 105 minutes</p><p style="margin:5px 0;"><strong>🍽️ Servings:</strong> 4</p><p style="margin:5px 0;"><strong>📊 Difficulty:</strong> Medium</p></div><div style="margin-bottom:30px;"><h3 style="color:#E60023;border-bottom:2px solid #E60023;padding-bottom:5px;">🥘 Ingredients</h3><ul style="line-height:1.8;"><li>4 eggs</li><li>1 cup matzo meal</li><li>1/4 cup oil or schmaltz</li><li>1/4 cup seltzer water</li><li>salt</li><li>8 cups chicken broth</li><li>2 carrots, diced</li><li>2 celery stalks, diced</li><li>1 onion, chopped</li><li>fresh dill, for garnish</li><li>fresh parsley, for garnish</li><li>cooked chicken (optional)</li></ul></div><div style="margin-bottom:30px;"><h3 style="color:#E60023;border-bottom:2px solid #E60023;padding-bottom:5px;">👩‍🍳 Instructions</h3><ol style="line-height:1.8;"><li>In a bowl, mix together the eggs, oil, seltzer water, and salt until well combined.</li><li>Stir in the matzo meal and refrigerate the mixture for 30 minutes.</li><li>With wet hands, form the mixture into balls.</li><li>In a large pot, bring salted water to a boil and gently add the matzo balls, cooking for 30-40 minutes.</li><li>Meanwhile, in another pot, simmer the chicken broth with the diced carrots, celery, and onion until the vegetables are tender.</li><li>Once the matzo balls are cooked, add them to the soup and garnish with fresh dill and parsley before serving.</li></ol></div><div style="background:#fff3f3;padding:15px;border-radius:8px;border-left:4px solid #E60023;"><p><strong>📌 Pinterest Tags:</strong> #cat1761230166734 #mediumrecipe #recipe #cooking #foodie #homemade #delicious #matzo #schmaltz</p></div><div style="text-align:center;margin-top:30px;padding:20px;background:#E60023;color:white;border-radius:8px;"><p style="margin:0;"><strong>📌 Save this recipe to Pinterest!</strong></p><p style="margin:5px 0 0 0;">Perfect for meal planning and sharing with friends</p></div></div>]]></content:encoded>
      <media:content url="http://www.lummyrecipes.com/recipes/matzo-ball-soup/images/matzo-ball-soup_image_4.webp" medium="image" type="image/webp">
        <media:title>Matzo Ball Soup</media:title>
        <media:description>Warm, comforting, and filled with rich flavors, Matzo Ball Soup is the perfect dish to nourish both body and soul. This classic recipe combines fluffy matzo balls with a savory chicken broth and fresh vegetables, making it a beloved favorite for any occasion.</media:description>
      </media:content>
      <media:group>
        <media:category>recipe</media:category>
        <media:keywords>cat1761230166734, mediumrecipe, recipe, cooking, foodie, homemade, delicious, matzo, schmaltz</media:keywords>
      </media:group>
    </item>
  </channel>
</rss>
