<?xml version="1.0" encoding="UTF-8"?>
<rss version="2.0" 
     xmlns:content="http://purl.org/rss/1.0/modules/content/"
     xmlns:media="http://search.yahoo.com/mrss/"
     xmlns:dc="http://purl.org/dc/elements/1.1/"
     xmlns:atom="http://www.w3.org/2005/Atom">
  <channel>
    <title>chicken-meat-dishes Recipes - RSS Feed</title>
    <link>http://www.lummyrecipes.com/base.html</link>
    <description>Fresh chicken-meat-dishes recipes and cooking inspiration</description>
    <language>en-US</language>
    <copyright>© 2025 www.lummyrecipes.com</copyright>
    <managingEditor>info@lummyrecipes.com</managingEditor>
    <webMaster>webmaster@lummyrecipes.com</webMaster>
    <pubDate>Tue, 11 Nov 2025 20:38:13 +0100</pubDate>
    <lastBuildDate>Tue, 11 Nov 2025 20:38:13 +0100</lastBuildDate>
    <category>chicken-meat-dishes</category>
    <generator>Recipes - RSS Feed www.lummyrecipes.com</generator>
    <ttl>60</ttl>
    <atom:link href="http://www.lummyrecipes.com/base.html/rss.xml" rel="self" type="application/rss+xml" />
    <image>
      <url>http://www.lummyrecipes.com/base.html/images/logo.png</url>
      <title>chicken-meat-dishes Recipes - RSS Feed</title>
      <link>http://www.lummyrecipes.com/base.html</link>
      <width>144</width>
      <height>144</height>
    </image>
    <item>
      <title>Brown Sugar Pineapple Chicken: Sweet Savory Delight for Family</title>
      <link>http://www.lummyrecipes.com/base.html?page=recipe-detail&amp;recipe=brown-sugar-pineapple-chicken-sweet-savory-delight-for-family</link>
      <description>This Brown Sugar Pineapple Chicken is a delightful blend of sweet and savory flavors that your family will love. The caramelized sauce elevates the dish, making it perfect for weeknight dinners. Try this easy recipe tonight!</description>
      <pubDate>Mon, 10 Nov 2025 17:08:03 +0100</pubDate>
      <guid isPermaLink="true">http://www.lummyrecipes.com/base.html?page=recipe-detail&amp;recipe=brown-sugar-pineapple-chicken-sweet-savory-delight-for-family</guid>
      <category>cat_1761229889_885</category>
      <dc:creator>author_001</dc:creator>
      <content:encoded><![CDATA[<div class="recipe-content" style="font-family: Arial, sans-serif; max-width: 600px;"><img src="http://www.lummyrecipes.com/recipes/brown-sugar-pineapple-chicken-sweet-savory-delight-for-family/images/brown-sugar-pineapple-chicken-sweet-savory-delight-for-family_image_4.webp" alt="Brown Sugar Pineapple Chicken: Sweet Savory Delight for Family" style="width:100%;max-width:600px;height:auto;border-radius:8px;margin-bottom:20px;"><div style="background:#f8f9fa;padding:15px;border-radius:8px;margin-bottom:20px;"><p style="margin:5px 0;"><strong>⏱️ Prep Time:</strong> 15 minutes</p><p style="margin:5px 0;"><strong>🍳 Cook Time:</strong> 25 minutes</p><p style="margin:5px 0;"><strong>⏰ Total Time:</strong> 40 minutes</p><p style="margin:5px 0;"><strong>🍽️ Servings:</strong> 4</p><p style="margin:5px 0;"><strong>📊 Difficulty:</strong> Easy</p></div><div style="margin-bottom:30px;"><h3 style="color:#E60023;border-bottom:2px solid #E60023;padding-bottom:5px;">🥘 Ingredients</h3><ul style="line-height:1.8;"><li>1 pound chicken breasts, diced</li><li>1/2 cup brown sugar</li><li>1 cup pineapple chunks</li><li>2 tablespoons soy sauce</li><li>1 tablespoon olive oil</li><li>1 teaspoon garlic, minced</li><li>Salt and pepper to taste</li></ul></div><div style="margin-bottom:30px;"><h3 style="color:#E60023;border-bottom:2px solid #E60023;padding-bottom:5px;">👩‍🍳 Instructions</h3><ol style="line-height:1.8;"><li>Heat olive oil in a large skillet over medium heat.</li><li>Add diced chicken and season with salt and pepper. Cook until browned, about 5-7 minutes.</li><li>In a bowl, mix brown sugar, soy sauce, garlic, and pineapple chunks.</li><li>Pour the sauce over the chicken and simmer for 15 minutes until the chicken is cooked through and the sauce thickens.</li></ol></div><div style="background:#fff3f3;padding:15px;border-radius:8px;border-left:4px solid #E60023;"><p><strong>📌 Pinterest Tags:</strong> #cat1761229889885 #easyrecipe #1hourmeals #recipe #cooking #foodie #homemade #delicious #pound #brown #pineapple</p></div><div style="text-align:center;margin-top:30px;padding:20px;background:#E60023;color:white;border-radius:8px;"><p style="margin:0;"><strong>📌 Save this recipe to Pinterest!</strong></p><p style="margin:5px 0 0 0;">Perfect for meal planning and sharing with friends</p></div></div>]]></content:encoded>
      <media:content url="http://www.lummyrecipes.com/recipes/brown-sugar-pineapple-chicken-sweet-savory-delight-for-family/images/brown-sugar-pineapple-chicken-sweet-savory-delight-for-family_image_4.webp" medium="image" type="image/webp">
        <media:title>Brown Sugar Pineapple Chicken: Sweet Savory Delight for Family</media:title>
        <media:description>This Brown Sugar Pineapple Chicken is a delightful blend of sweet and savory flavors that your family will love. The caramelized sauce elevates the dish, making it perfect for weeknight dinners. Try this easy recipe tonight!</media:description>
      </media:content>
      <media:group>
        <media:category>recipe</media:category>
        <media:keywords>cat1761229889885, easyrecipe, 1hourmeals, recipe, cooking, foodie, homemade, delicious, pound, brown, pineapple</media:keywords>
      </media:group>
    </item>
    <item>
      <title>Crispy Sweet Spicy Chicken for Family</title>
      <link>http://www.lummyrecipes.com/base.html?page=recipe-detail&amp;recipe=crispy-sweet-spicy-chicken-for-family</link>
      <description>This Baked Crunchy Hot Honey Chicken is a delightful blend of crispy texture and sweet-spicy flavor. It's a healthier alternative to fried chicken that the whole family will love. Try it tonight for a satisfying meal!</description>
      <pubDate>Sun, 09 Nov 2025 18:25:57 +0100</pubDate>
      <guid isPermaLink="true">http://www.lummyrecipes.com/base.html?page=recipe-detail&amp;recipe=crispy-sweet-spicy-chicken-for-family</guid>
      <category>cat_1761229889_885</category>
      <dc:creator>author_001</dc:creator>
      <content:encoded><![CDATA[<div class="recipe-content" style="font-family: Arial, sans-serif; max-width: 600px;"><img src="http://www.lummyrecipes.com/recipes/crispy-sweet-spicy-chicken-for-family/images/crispy-sweet-spicy-chicken-for-family_image_4.webp" alt="Crispy Sweet Spicy Chicken for Family" style="width:100%;max-width:600px;height:auto;border-radius:8px;margin-bottom:20px;"><div style="background:#f8f9fa;padding:15px;border-radius:8px;margin-bottom:20px;"><p style="margin:5px 0;"><strong>⏱️ Prep Time:</strong> 15 minutes</p><p style="margin:5px 0;"><strong>🍳 Cook Time:</strong> 35 minutes</p><p style="margin:5px 0;"><strong>⏰ Total Time:</strong> 50 minutes</p><p style="margin:5px 0;"><strong>🍽️ Servings:</strong> 4</p><p style="margin:5px 0;"><strong>📊 Difficulty:</strong> Medium</p></div><div style="margin-bottom:30px;"><h3 style="color:#E60023;border-bottom:2px solid #E60023;padding-bottom:5px;">🥘 Ingredients</h3><ul style="line-height:1.8;"><li>1 pound chicken pieces</li><li>1 cup breadcrumbs</li><li>1/2 cup hot honey</li><li>1 teaspoon paprika</li><li>1 teaspoon garlic powder</li><li>Salt and pepper to taste</li><li>2 tablespoons olive oil</li></ul></div><div style="margin-bottom:30px;"><h3 style="color:#E60023;border-bottom:2px solid #E60023;padding-bottom:5px;">👩‍🍳 Instructions</h3><ol style="line-height:1.8;"><li>Preheat the oven to 400°F (200°C).</li><li>In a bowl, mix breadcrumbs, paprika, garlic powder, salt, and pepper.</li><li>Coat chicken pieces with olive oil, then dredge in the breadcrumb mixture.</li><li>Place the coated chicken on a baking sheet and bake for 25-30 minutes until golden and crispy.</li><li>Drizzle hot honey over the chicken before serving.</li></ol></div><div style="background:#fff3f3;padding:15px;border-radius:8px;border-left:4px solid #E60023;"><p><strong>📌 Pinterest Tags:</strong> #cat1761229889885 #mediumrecipe #1hourmeals #recipe #cooking #foodie #homemade #delicious #pound #breadcrumbs #honey</p></div><div style="text-align:center;margin-top:30px;padding:20px;background:#E60023;color:white;border-radius:8px;"><p style="margin:0;"><strong>📌 Save this recipe to Pinterest!</strong></p><p style="margin:5px 0 0 0;">Perfect for meal planning and sharing with friends</p></div></div>]]></content:encoded>
      <media:content url="http://www.lummyrecipes.com/recipes/crispy-sweet-spicy-chicken-for-family/images/crispy-sweet-spicy-chicken-for-family_image_4.webp" medium="image" type="image/webp">
        <media:title>Crispy Sweet Spicy Chicken for Family</media:title>
        <media:description>This Baked Crunchy Hot Honey Chicken is a delightful blend of crispy texture and sweet-spicy flavor. It's a healthier alternative to fried chicken that the whole family will love. Try it tonight for a satisfying meal!</media:description>
      </media:content>
      <media:group>
        <media:category>recipe</media:category>
        <media:keywords>cat1761229889885, mediumrecipe, 1hourmeals, recipe, cooking, foodie, homemade, delicious, pound, breadcrumbs, honey</media:keywords>
      </media:group>
    </item>
    <item>
      <title>Easy Chicken Enchiladas for Family Fun</title>
      <link>http://www.lummyrecipes.com/base.html?page=recipe-detail&amp;recipe=easy-chicken-enchiladas-for-family-fun</link>
      <description>These Easy Homemade Chicken Enchiladas are a family favorite that combines convenience with delicious flavors. With succulent chicken and rich melted cheese, they are sure to please everyone at the table. Try making them for your next family dinner!</description>
      <pubDate>Fri, 07 Nov 2025 16:53:10 +0100</pubDate>
      <guid isPermaLink="true">http://www.lummyrecipes.com/base.html?page=recipe-detail&amp;recipe=easy-chicken-enchiladas-for-family-fun</guid>
      <category>cat_1761229889_885</category>
      <dc:creator>author_001</dc:creator>
      <content:encoded><![CDATA[<div class="recipe-content" style="font-family: Arial, sans-serif; max-width: 600px;"><img src="http://www.lummyrecipes.com/recipes/easy-chicken-enchiladas-for-family-fun/images/easy-chicken-enchiladas-for-family-fun_image_4.webp" alt="Easy Chicken Enchiladas for Family Fun" style="width:100%;max-width:600px;height:auto;border-radius:8px;margin-bottom:20px;"><div style="background:#f8f9fa;padding:15px;border-radius:8px;margin-bottom:20px;"><p style="margin:5px 0;"><strong>⏱️ Prep Time:</strong> 15 minutes</p><p style="margin:5px 0;"><strong>🍳 Cook Time:</strong> 30 minutes</p><p style="margin:5px 0;"><strong>⏰ Total Time:</strong> 45 minutes</p><p style="margin:5px 0;"><strong>🍽️ Servings:</strong> 4</p><p style="margin:5px 0;"><strong>📊 Difficulty:</strong> Easy</p></div><div style="margin-bottom:30px;"><h3 style="color:#E60023;border-bottom:2px solid #E60023;padding-bottom:5px;">🥘 Ingredients</h3><ul style="line-height:1.8;"><li>1 pound cooked chicken, shredded</li><li>1 cup enchilada sauce</li><li>2 cups shredded cheese</li><li>8 corn tortillas</li><li>1 tablespoon olive oil</li><li>1 teaspoon cumin</li><li>1 teaspoon chili powder</li><li>Salt to taste</li></ul></div><div style="margin-bottom:30px;"><h3 style="color:#E60023;border-bottom:2px solid #E60023;padding-bottom:5px;">👩‍🍳 Instructions</h3><ol style="line-height:1.8;"><li>Preheat the oven to 350°F (175°C).</li><li>In a skillet, heat olive oil over medium heat and add shredded chicken, cumin, chili powder, and salt. Stir until heated through.</li><li>Warm the tortillas in a dry skillet until pliable.</li><li>Spoon the chicken mixture into each tortilla, roll them up, and place seam-side down in a baking dish.</li><li>Pour enchilada sauce over the rolled tortillas and sprinkle with cheese.</li><li>Bake in the preheated oven for 20 minutes or until cheese is melted and bubbly.</li></ol></div><div style="background:#fff3f3;padding:15px;border-radius:8px;border-left:4px solid #E60023;"><p><strong>📌 Pinterest Tags:</strong> #cat1761229889885 #easyrecipe #1hourmeals #recipe #cooking #foodie #homemade #delicious #pound #enchilada #shredded</p></div><div style="text-align:center;margin-top:30px;padding:20px;background:#E60023;color:white;border-radius:8px;"><p style="margin:0;"><strong>📌 Save this recipe to Pinterest!</strong></p><p style="margin:5px 0 0 0;">Perfect for meal planning and sharing with friends</p></div></div>]]></content:encoded>
      <media:content url="http://www.lummyrecipes.com/recipes/easy-chicken-enchiladas-for-family-fun/images/easy-chicken-enchiladas-for-family-fun_image_4.webp" medium="image" type="image/webp">
        <media:title>Easy Chicken Enchiladas for Family Fun</media:title>
        <media:description>These Easy Homemade Chicken Enchiladas are a family favorite that combines convenience with delicious flavors. With succulent chicken and rich melted cheese, they are sure to please everyone at the table. Try making them for your next family dinner!</media:description>
      </media:content>
      <media:group>
        <media:category>recipe</media:category>
        <media:keywords>cat1761229889885, easyrecipe, 1hourmeals, recipe, cooking, foodie, homemade, delicious, pound, enchilada, shredded</media:keywords>
      </media:group>
    </item>
    <item>
      <title>Crispy Baked Chicken Thighs Every Time</title>
      <link>http://www.lummyrecipes.com/base.html?page=recipe-detail&amp;recipe=crispy-baked-chicken-thighs-every-time</link>
      <description>Indulge in the irresistible crunch of perfectly baked chicken thighs that are juicy on the inside and crispy on the outside. This recipe is a game-changer for weeknight dinners, offering a delightful blend of flavors that will leave everyone asking for seconds.</description>
      <pubDate>Fri, 07 Nov 2025 10:45:45 +0100</pubDate>
      <guid isPermaLink="true">http://www.lummyrecipes.com/base.html?page=recipe-detail&amp;recipe=crispy-baked-chicken-thighs-every-time</guid>
      <category>cat_1761229889_885</category>
      <dc:creator>author_001</dc:creator>
      <content:encoded><![CDATA[<div class="recipe-content" style="font-family: Arial, sans-serif; max-width: 600px;"><img src="http://www.lummyrecipes.com/recipes/crispy-baked-chicken-thighs-every-time/images/crispy-baked-chicken-thighs-every-time_image_4.webp" alt="Crispy Baked Chicken Thighs Every Time" style="width:100%;max-width:600px;height:auto;border-radius:8px;margin-bottom:20px;"><div style="background:#f8f9fa;padding:15px;border-radius:8px;margin-bottom:20px;"><p style="margin:5px 0;"><strong>⏱️ Prep Time:</strong> 15 minutes</p><p style="margin:5px 0;"><strong>🍳 Cook Time:</strong> 30 minutes</p><p style="margin:5px 0;"><strong>⏰ Total Time:</strong> 45 minutes</p><p style="margin:5px 0;"><strong>🍽️ Servings:</strong> 4</p><p style="margin:5px 0;"><strong>📊 Difficulty:</strong> Medium</p></div><div style="margin-bottom:30px;"><h3 style="color:#E60023;border-bottom:2px solid #E60023;padding-bottom:5px;">🥘 Ingredients</h3><ul style="line-height:1.8;"><li>4 chicken thighs, bone-in and skin-on</li><li>2 tablespoons olive oil</li><li>1 teaspoon garlic powder</li><li>1 teaspoon paprika</li><li>Salt and pepper to taste</li></ul></div><div style="margin-bottom:30px;"><h3 style="color:#E60023;border-bottom:2px solid #E60023;padding-bottom:5px;">👩‍🍳 Instructions</h3><ol style="line-height:1.8;"><li>Preheat your oven to 425°F (220°C).</li><li>Pat the chicken thighs dry with paper towels and place them in a large bowl.</li><li>Drizzle olive oil over the chicken and season with garlic powder, paprika, salt, and pepper. Toss to coat evenly.</li><li>Arrange the chicken thighs skin-side up on a baking sheet lined with parchment paper.</li><li>Bake in the preheated oven for 25-30 minutes, or until the skin is crispy and the internal temperature reaches 165°F (75°C).</li><li>Let rest for 5 minutes before serving.</li></ol></div><div style="background:#fff3f3;padding:15px;border-radius:8px;border-left:4px solid #E60023;"><p><strong>📌 Pinterest Tags:</strong> #cat1761229889885 #mediumrecipe #1hourmeals #recipe #cooking #foodie #homemade #delicious #chicken #olive #teaspoon</p></div><div style="text-align:center;margin-top:30px;padding:20px;background:#E60023;color:white;border-radius:8px;"><p style="margin:0;"><strong>📌 Save this recipe to Pinterest!</strong></p><p style="margin:5px 0 0 0;">Perfect for meal planning and sharing with friends</p></div></div>]]></content:encoded>
      <media:content url="http://www.lummyrecipes.com/recipes/crispy-baked-chicken-thighs-every-time/images/crispy-baked-chicken-thighs-every-time_image_4.webp" medium="image" type="image/webp">
        <media:title>Crispy Baked Chicken Thighs Every Time</media:title>
        <media:description>Indulge in the irresistible crunch of perfectly baked chicken thighs that are juicy on the inside and crispy on the outside. This recipe is a game-changer for weeknight dinners, offering a delightful blend of flavors that will leave everyone asking for seconds.</media:description>
      </media:content>
      <media:group>
        <media:category>recipe</media:category>
        <media:keywords>cat1761229889885, mediumrecipe, 1hourmeals, recipe, cooking, foodie, homemade, delicious, chicken, olive, teaspoon</media:keywords>
      </media:group>
    </item>
    <item>
      <title>5 Easy Chicken Dinners Ready in 30 Minutes</title>
      <link>http://www.lummyrecipes.com/base.html?page=recipe-detail&amp;recipe=5-easy-chicken-dinners-ready-in-30-minutes</link>
      <description>Discover the joy of cooking with these five easy chicken dinners that come together in just 30 minutes. Perfect for busy weeknights, these recipes are packed with flavor and sure to impress your family.</description>
      <pubDate>Thu, 06 Nov 2025 22:07:59 +0100</pubDate>
      <guid isPermaLink="true">http://www.lummyrecipes.com/base.html?page=recipe-detail&amp;recipe=5-easy-chicken-dinners-ready-in-30-minutes</guid>
      <category>cat_1761229889_885</category>
      <dc:creator>author_001</dc:creator>
      <content:encoded><![CDATA[<div class="recipe-content" style="font-family: Arial, sans-serif; max-width: 600px;"><img src="http://www.lummyrecipes.com/recipes/5-easy-chicken-dinners-ready-in-30-minutes/images/5-easy-chicken-dinners-ready-in-30-minutes_image_1.webp" alt="5 Easy Chicken Dinners Ready in 30 Minutes" style="width:100%;max-width:600px;height:auto;border-radius:8px;margin-bottom:20px;"><div style="background:#f8f9fa;padding:15px;border-radius:8px;margin-bottom:20px;"><p style="margin:5px 0;"><strong>⏱️ Prep Time:</strong> 15 minutes</p><p style="margin:5px 0;"><strong>🍳 Cook Time:</strong> 30 minutes</p><p style="margin:5px 0;"><strong>⏰ Total Time:</strong> 45 minutes</p><p style="margin:5px 0;"><strong>🍽️ Servings:</strong> 4</p><p style="margin:5px 0;"><strong>📊 Difficulty:</strong> Easy</p></div><div style="margin-bottom:30px;"><h3 style="color:#E60023;border-bottom:2px solid #E60023;padding-bottom:5px;">🥘 Ingredients</h3><ul style="line-height:1.8;"><li>1 pound chicken breast, cut into strips</li><li>2 tablespoons olive oil</li><li>1 teaspoon garlic powder</li><li>1 teaspoon paprika</li><li>Salt and pepper to taste</li></ul></div><div style="margin-bottom:30px;"><h3 style="color:#E60023;border-bottom:2px solid #E60023;padding-bottom:5px;">👩‍🍳 Instructions</h3><ol style="line-height:1.8;"><li>Heat olive oil in a large skillet over medium heat.</li><li>Season chicken strips with garlic powder, paprika, salt, and pepper.</li><li>Add chicken to the skillet and cook for 5-7 minutes, stirring occasionally, until cooked through and golden brown.</li></ol></div><div style="background:#fff3f3;padding:15px;border-radius:8px;border-left:4px solid #E60023;"><p><strong>📌 Pinterest Tags:</strong> #cat1761229889885 #easyrecipe #1hourmeals #recipe #cooking #foodie #homemade #delicious #pound #olive #teaspoon</p></div><div style="text-align:center;margin-top:30px;padding:20px;background:#E60023;color:white;border-radius:8px;"><p style="margin:0;"><strong>📌 Save this recipe to Pinterest!</strong></p><p style="margin:5px 0 0 0;">Perfect for meal planning and sharing with friends</p></div></div>]]></content:encoded>
      <media:content url="http://www.lummyrecipes.com/recipes/5-easy-chicken-dinners-ready-in-30-minutes/images/5-easy-chicken-dinners-ready-in-30-minutes_image_1.webp" medium="image" type="image/webp">
        <media:title>5 Easy Chicken Dinners Ready in 30 Minutes</media:title>
        <media:description>Discover the joy of cooking with these five easy chicken dinners that come together in just 30 minutes. Perfect for busy weeknights, these recipes are packed with flavor and sure to impress your family.</media:description>
      </media:content>
      <media:group>
        <media:category>recipe</media:category>
        <media:keywords>cat1761229889885, easyrecipe, 1hourmeals, recipe, cooking, foodie, homemade, delicious, pound, olive, teaspoon</media:keywords>
      </media:group>
    </item>
    <item>
      <title>Sticky Apple Cider Chicken Thighs</title>
      <link>http://www.lummyrecipes.com/base.html?page=recipe-detail&amp;recipe=sticky-apple-cider-chicken-thighs</link>
      <description>Indulge in the comforting flavors of fall with these Sticky Apple Cider Chicken Thighs. Tender chicken thighs are glazed with a sweet and tangy apple cider reduction, making this dish a perfect centerpiece for your next family dinner or cozy gathering.</description>
      <pubDate>Mon, 03 Nov 2025 22:32:31 +0100</pubDate>
      <guid isPermaLink="true">http://www.lummyrecipes.com/base.html?page=recipe-detail&amp;recipe=sticky-apple-cider-chicken-thighs</guid>
      <category>cat_1761229889_885</category>
      <dc:creator>author_001</dc:creator>
      <content:encoded><![CDATA[<div class="recipe-content" style="font-family: Arial, sans-serif; max-width: 600px;"><img src="http://www.lummyrecipes.com/recipes/sticky-apple-cider-chicken-thighs/images/sticky-apple-cider-chicken-thighs_image_4.webp" alt="Sticky Apple Cider Chicken Thighs" style="width:100%;max-width:600px;height:auto;border-radius:8px;margin-bottom:20px;"><div style="background:#f8f9fa;padding:15px;border-radius:8px;margin-bottom:20px;"><p style="margin:5px 0;"><strong>⏱️ Prep Time:</strong> 15 minutes</p><p style="margin:5px 0;"><strong>🍳 Cook Time:</strong> 30 minutes</p><p style="margin:5px 0;"><strong>⏰ Total Time:</strong> 45 minutes</p><p style="margin:5px 0;"><strong>🍽️ Servings:</strong> 4</p><p style="margin:5px 0;"><strong>📊 Difficulty:</strong> Medium</p></div><div style="margin-bottom:30px;"><h3 style="color:#E60023;border-bottom:2px solid #E60023;padding-bottom:5px;">🥘 Ingredients</h3><ul style="line-height:1.8;"><li>4 chicken thighs, bone-in and skin-on</li><li>1 cup apple cider</li><li>2 tablespoons olive oil</li><li>2 tablespoons brown sugar</li><li>1 teaspoon salt</li><li>1/2 teaspoon black pepper</li><li>1 teaspoon thyme</li></ul></div><div style="margin-bottom:30px;"><h3 style="color:#E60023;border-bottom:2px solid #E60023;padding-bottom:5px;">👩‍🍳 Instructions</h3><ol style="line-height:1.8;"><li>Preheat your oven to 400°F (200°C).</li><li>In a large skillet, heat olive oil over medium-high heat.</li><li>Season the chicken thighs with salt and pepper, then add them to the skillet, skin-side down.</li><li>Sear the chicken for about 5-7 minutes until the skin is golden brown.</li><li>Flip the chicken and pour in the apple cider and brown sugar.</li><li>Bring the mixture to a simmer, then transfer the skillet to the preheated oven.</li><li>Bake for 20-25 minutes, or until the chicken is cooked through and the sauce has thickened.</li><li>Remove from the oven and sprinkle with thyme before serving.</li></ol></div><div style="background:#fff3f3;padding:15px;border-radius:8px;border-left:4px solid #E60023;"><p><strong>📌 Pinterest Tags:</strong> #cat1761229889885 #mediumrecipe #1hourmeals #recipe #cooking #foodie #homemade #delicious #chicken #apple #olive</p></div><div style="text-align:center;margin-top:30px;padding:20px;background:#E60023;color:white;border-radius:8px;"><p style="margin:0;"><strong>📌 Save this recipe to Pinterest!</strong></p><p style="margin:5px 0 0 0;">Perfect for meal planning and sharing with friends</p></div></div>]]></content:encoded>
      <media:content url="http://www.lummyrecipes.com/recipes/sticky-apple-cider-chicken-thighs/images/sticky-apple-cider-chicken-thighs_image_4.webp" medium="image" type="image/webp">
        <media:title>Sticky Apple Cider Chicken Thighs</media:title>
        <media:description>Indulge in the comforting flavors of fall with these Sticky Apple Cider Chicken Thighs. Tender chicken thighs are glazed with a sweet and tangy apple cider reduction, making this dish a perfect centerpiece for your next family dinner or cozy gathering.</media:description>
      </media:content>
      <media:group>
        <media:category>recipe</media:category>
        <media:keywords>cat1761229889885, mediumrecipe, 1hourmeals, recipe, cooking, foodie, homemade, delicious, chicken, apple, olive</media:keywords>
      </media:group>
    </item>
    <item>
      <title>Sticky Apple Cider Chicken</title>
      <link>http://www.lummyrecipes.com/base.html?page=recipe-detail&amp;recipe=sticky-apple-cider-chicken</link>
      <description>This Sticky Apple Cider Chicken is a delightful fall dish that combines the sweetness of apple cider with savory chicken, creating a mouthwatering experience. Perfect for cozy dinners, this recipe will warm your heart and home.</description>
      <pubDate>Fri, 31 Oct 2025 18:10:47 +0100</pubDate>
      <guid isPermaLink="true">http://www.lummyrecipes.com/base.html?page=recipe-detail&amp;recipe=sticky-apple-cider-chicken</guid>
      <category>cat_1761229889_885</category>
      <dc:creator>author_001</dc:creator>
      <content:encoded><![CDATA[<div class="recipe-content" style="font-family: Arial, sans-serif; max-width: 600px;"><img src="http://www.lummyrecipes.com/recipes/sticky-apple-cider-chicken/images/sticky-apple-cider-chicken_image_4.webp" alt="Sticky Apple Cider Chicken" style="width:100%;max-width:600px;height:auto;border-radius:8px;margin-bottom:20px;"><div style="background:#f8f9fa;padding:15px;border-radius:8px;margin-bottom:20px;"><p style="margin:5px 0;"><strong>⏱️ Prep Time:</strong> 15 minutes</p><p style="margin:5px 0;"><strong>🍳 Cook Time:</strong> 30 minutes</p><p style="margin:5px 0;"><strong>⏰ Total Time:</strong> 45 minutes</p><p style="margin:5px 0;"><strong>🍽️ Servings:</strong> 4</p><p style="margin:5px 0;"><strong>📊 Difficulty:</strong> Medium</p></div><div style="margin-bottom:30px;"><h3 style="color:#E60023;border-bottom:2px solid #E60023;padding-bottom:5px;">🥘 Ingredients</h3><ul style="line-height:1.8;"><li>4 chicken thighs, bone-in and skin-on</li><li>1 cup apple cider</li><li>2 tablespoons olive oil</li><li>1 tablespoon Dijon mustard</li><li>Salt and pepper to taste</li><li>Fresh thyme for garnish</li></ul></div><div style="margin-bottom:30px;"><h3 style="color:#E60023;border-bottom:2px solid #E60023;padding-bottom:5px;">👩‍🍳 Instructions</h3><ol style="line-height:1.8;"><li>Preheat your oven to 400°F (200°C).</li><li>In a large oven-safe skillet, heat olive oil over medium-high heat.</li><li>Season the chicken thighs with salt and pepper, then add them to the skillet, skin-side down.</li><li>Sear the chicken for about 5-7 minutes until the skin is golden brown.</li><li>Flip the chicken and add apple cider and Dijon mustard to the skillet.</li><li>Transfer the skillet to the preheated oven and bake for 20-25 minutes, or until the chicken is cooked through.</li><li>Remove from the oven and let it rest for a few minutes before serving, garnished with fresh thyme.</li></ol></div><div style="background:#fff3f3;padding:15px;border-radius:8px;border-left:4px solid #E60023;"><p><strong>📌 Pinterest Tags:</strong> #cat1761229889885 #mediumrecipe #1hourmeals #recipe #cooking #foodie #homemade #delicious #chicken #apple #olive</p></div><div style="text-align:center;margin-top:30px;padding:20px;background:#E60023;color:white;border-radius:8px;"><p style="margin:0;"><strong>📌 Save this recipe to Pinterest!</strong></p><p style="margin:5px 0 0 0;">Perfect for meal planning and sharing with friends</p></div></div>]]></content:encoded>
      <media:content url="http://www.lummyrecipes.com/recipes/sticky-apple-cider-chicken/images/sticky-apple-cider-chicken_image_4.webp" medium="image" type="image/webp">
        <media:title>Sticky Apple Cider Chicken</media:title>
        <media:description>This Sticky Apple Cider Chicken is a delightful fall dish that combines the sweetness of apple cider with savory chicken, creating a mouthwatering experience. Perfect for cozy dinners, this recipe will warm your heart and home.</media:description>
      </media:content>
      <media:group>
        <media:category>recipe</media:category>
        <media:keywords>cat1761229889885, mediumrecipe, 1hourmeals, recipe, cooking, foodie, homemade, delicious, chicken, apple, olive</media:keywords>
      </media:group>
    </item>
    <item>
      <title>Ultimate Quick and Easy Chicken Enchiladas</title>
      <link>http://www.lummyrecipes.com/base.html?page=recipe-detail&amp;recipe=ultimate-quick-and-easy-chicken-enchiladas-2</link>
      <description>These Ultimate Quick and Easy Chicken Enchiladas are a delightful blend of tender chicken, gooey cheese, and zesty sauce, making them perfect for any dinner occasion. Ready in just 45 minutes, they are a healthy and satisfying meal that your family will love!</description>
      <pubDate>Tue, 28 Oct 2025 20:19:07 +0100</pubDate>
      <guid isPermaLink="true">http://www.lummyrecipes.com/base.html?page=recipe-detail&amp;recipe=ultimate-quick-and-easy-chicken-enchiladas-2</guid>
      <category>cat_1761229889_885</category>
      <dc:creator>author_001</dc:creator>
      <content:encoded><![CDATA[<div class="recipe-content" style="font-family: Arial, sans-serif; max-width: 600px;"><img src="http://www.lummyrecipes.com/recipes/ultimate-quick-and-easy-chicken-enchiladas-2/images/ultimate-quick-and-easy-chicken-enchiladas-2_image_4.webp" alt="Ultimate Quick and Easy Chicken Enchiladas" style="width:100%;max-width:600px;height:auto;border-radius:8px;margin-bottom:20px;"><div style="background:#f8f9fa;padding:15px;border-radius:8px;margin-bottom:20px;"><p style="margin:5px 0;"><strong>⏱️ Prep Time:</strong> 15 minutes</p><p style="margin:5px 0;"><strong>🍳 Cook Time:</strong> 30 minutes</p><p style="margin:5px 0;"><strong>⏰ Total Time:</strong> 45 minutes</p><p style="margin:5px 0;"><strong>🍽️ Servings:</strong> 4</p><p style="margin:5px 0;"><strong>📊 Difficulty:</strong> Easy</p></div><div style="margin-bottom:30px;"><h3 style="color:#E60023;border-bottom:2px solid #E60023;padding-bottom:5px;">🥘 Ingredients</h3><ul style="line-height:1.8;"><li>2 cups shredded cooked chicken</li><li>1 cup enchilada sauce</li><li>1 cup shredded cheese</li><li>8 corn tortillas</li><li>1 tablespoon olive oil</li><li>1 teaspoon cumin</li><li>1 teaspoon garlic powder</li><li>Salt and pepper to taste</li></ul></div><div style="margin-bottom:30px;"><h3 style="color:#E60023;border-bottom:2px solid #E60023;padding-bottom:5px;">👩‍🍳 Instructions</h3><ol style="line-height:1.8;"><li>Preheat the oven to 350°F (175°C).</li><li>In a skillet, heat olive oil over medium heat and add shredded chicken, cumin, garlic powder, salt, and pepper. Stir until heated through.</li><li>Spread a thin layer of enchilada sauce on the bottom of a baking dish.</li><li>Fill each tortilla with the chicken mixture and a sprinkle of cheese, then roll them up and place seam-side down in the baking dish.</li><li>Pour the remaining enchilada sauce over the top and sprinkle with the remaining cheese.</li><li>Bake for 20-25 minutes until the cheese is bubbly and golden.</li></ol></div><div style="background:#fff3f3;padding:15px;border-radius:8px;border-left:4px solid #E60023;"><p><strong>📌 Pinterest Tags:</strong> #cat1761229889885 #easyrecipe #1hourmeals #recipe #cooking #foodie #homemade #delicious #shredded #enchilada</p></div><div style="text-align:center;margin-top:30px;padding:20px;background:#E60023;color:white;border-radius:8px;"><p style="margin:0;"><strong>📌 Save this recipe to Pinterest!</strong></p><p style="margin:5px 0 0 0;">Perfect for meal planning and sharing with friends</p></div></div>]]></content:encoded>
      <media:content url="http://www.lummyrecipes.com/recipes/ultimate-quick-and-easy-chicken-enchiladas-2/images/ultimate-quick-and-easy-chicken-enchiladas-2_image_4.webp" medium="image" type="image/webp">
        <media:title>Ultimate Quick and Easy Chicken Enchiladas</media:title>
        <media:description>These Ultimate Quick and Easy Chicken Enchiladas are a delightful blend of tender chicken, gooey cheese, and zesty sauce, making them perfect for any dinner occasion. Ready in just 45 minutes, they are a healthy and satisfying meal that your family will love!</media:description>
      </media:content>
      <media:group>
        <media:category>recipe</media:category>
        <media:keywords>cat1761229889885, easyrecipe, 1hourmeals, recipe, cooking, foodie, homemade, delicious, shredded, enchilada</media:keywords>
      </media:group>
    </item>
    <item>
      <title>Irresistibly Easy Cowboy Butter Chicken Linguine</title>
      <link>http://www.lummyrecipes.com/base.html?page=recipe-detail&amp;recipe=irresistibly-easy-cowboy-butter-chicken-linguine</link>
      <description>This Cowboy Butter Chicken Linguine is a delightful fusion of flavors that comes together in just 30 minutes. Perfectly cooked chicken is enveloped in a rich, buttery sauce that clings to the pasta, making every bite a comforting experience.</description>
      <pubDate>Mon, 27 Oct 2025 23:20:53 +0100</pubDate>
      <guid isPermaLink="true">http://www.lummyrecipes.com/base.html?page=recipe-detail&amp;recipe=irresistibly-easy-cowboy-butter-chicken-linguine</guid>
      <category>cat_1761229889_885</category>
      <dc:creator>author_001</dc:creator>
      <content:encoded><![CDATA[<div class="recipe-content" style="font-family: Arial, sans-serif; max-width: 600px;"><img src="http://www.lummyrecipes.com/recipes/irresistibly-easy-cowboy-butter-chicken-linguine/images/irresistibly-easy-cowboy-butter-chicken-linguine_image_4.webp" alt="Irresistibly Easy Cowboy Butter Chicken Linguine" style="width:100%;max-width:600px;height:auto;border-radius:8px;margin-bottom:20px;"><div style="background:#f8f9fa;padding:15px;border-radius:8px;margin-bottom:20px;"><p style="margin:5px 0;"><strong>⏱️ Prep Time:</strong> 15 minutes</p><p style="margin:5px 0;"><strong>🍳 Cook Time:</strong> 30 minutes</p><p style="margin:5px 0;"><strong>⏰ Total Time:</strong> 45 minutes</p><p style="margin:5px 0;"><strong>🍽️ Servings:</strong> 4</p><p style="margin:5px 0;"><strong>📊 Difficulty:</strong> Easy</p></div><div style="margin-bottom:30px;"><h3 style="color:#E60023;border-bottom:2px solid #E60023;padding-bottom:5px;">🥘 Ingredients</h3><ul style="line-height:1.8;"><li>1 pound chicken breast, diced</li><li>2 tablespoons cowboy butter</li><li>8 ounces linguine</li><li>Salt and pepper to taste</li><li>Fresh parsley for garnish</li></ul></div><div style="margin-bottom:30px;"><h3 style="color:#E60023;border-bottom:2px solid #E60023;padding-bottom:5px;">👩‍🍳 Instructions</h3><ol style="line-height:1.8;"><li>Cook linguine according to package instructions until al dente, then drain.</li><li>In a large skillet, melt cowboy butter over medium heat.</li><li>Add diced chicken, season with salt and pepper, and cook until golden brown and cooked through, about 6-8 minutes.</li><li>Toss the cooked linguine with the chicken and butter sauce until well coated.</li><li>Serve hot, garnished with fresh parsley.</li></ol></div><div style="background:#fff3f3;padding:15px;border-radius:8px;border-left:4px solid #E60023;"><p><strong>📌 Pinterest Tags:</strong> #cat1761229889885 #easyrecipe #1hourmeals #recipe #cooking #foodie #homemade #delicious #pound #cowboy #linguine</p></div><div style="text-align:center;margin-top:30px;padding:20px;background:#E60023;color:white;border-radius:8px;"><p style="margin:0;"><strong>📌 Save this recipe to Pinterest!</strong></p><p style="margin:5px 0 0 0;">Perfect for meal planning and sharing with friends</p></div></div>]]></content:encoded>
      <media:content url="http://www.lummyrecipes.com/recipes/irresistibly-easy-cowboy-butter-chicken-linguine/images/irresistibly-easy-cowboy-butter-chicken-linguine_image_4.webp" medium="image" type="image/webp">
        <media:title>Irresistibly Easy Cowboy Butter Chicken Linguine</media:title>
        <media:description>This Cowboy Butter Chicken Linguine is a delightful fusion of flavors that comes together in just 30 minutes. Perfectly cooked chicken is enveloped in a rich, buttery sauce that clings to the pasta, making every bite a comforting experience.</media:description>
      </media:content>
      <media:group>
        <media:category>recipe</media:category>
        <media:keywords>cat1761229889885, easyrecipe, 1hourmeals, recipe, cooking, foodie, homemade, delicious, pound, cowboy, linguine</media:keywords>
      </media:group>
    </item>
    <item>
      <title>Chili Colorado</title>
      <link>http://www.lummyrecipes.com/base.html?page=recipe-detail&amp;recipe=chili-colorado</link>
      <description>Experience the rich and vibrant flavors of traditional Mexican Chili Colorado, a hearty dish that brings warmth and comfort to any table. This slow-cooked delight features tender beef simmered in a luscious red chili sauce, perfect for sharing with family and friends.</description>
      <pubDate>Mon, 27 Oct 2025 17:20:23 +0100</pubDate>
      <guid isPermaLink="true">http://www.lummyrecipes.com/base.html?page=recipe-detail&amp;recipe=chili-colorado</guid>
      <category>cat_1761229889_885</category>
      <dc:creator>author_001</dc:creator>
      <content:encoded><![CDATA[<div class="recipe-content" style="font-family: Arial, sans-serif; max-width: 600px;"><img src="http://www.lummyrecipes.com/recipes/chili-colorado/images/chili-colorado_image_4.webp" alt="Chili Colorado" style="width:100%;max-width:600px;height:auto;border-radius:8px;margin-bottom:20px;"><div style="background:#f8f9fa;padding:15px;border-radius:8px;margin-bottom:20px;"><p style="margin:5px 0;"><strong>⏱️ Prep Time:</strong> 25 minutes</p><p style="margin:5px 0;"><strong>🍳 Cook Time:</strong> 40 minutes</p><p style="margin:5px 0;"><strong>⏰ Total Time:</strong> 65 minutes</p><p style="margin:5px 0;"><strong>🍽️ Servings:</strong> 8</p><p style="margin:5px 0;"><strong>📊 Difficulty:</strong> Medium</p></div><div style="margin-bottom:30px;"><h3 style="color:#E60023;border-bottom:2px solid #E60023;padding-bottom:5px;">🥘 Ingredients</h3><ul style="line-height:1.8;"><li>6 ancho chili peppers, stemmed and seeded</li><li>6 guajillo peppers, stemmed and seeded</li><li>2 pasilla peppers, stemmed and seeded</li><li>3 chiles de arbol, stemmed and seeded</li><li>1 tablespoon Mexican oregano</li><li>1 teaspoon cumin</li><li>Salt and pepper to taste</li><li>2 tablespoons olive oil</li><li>1 small onion, chopped</li><li>2 jalapeno peppers, chopped (optional)</li><li>4-5 cloves garlic, chopped</li><li>2.5 pounds beef chuck roast, cut into bite-sized chunks</li><li>¼ cup flour</li><li>2 cups beef stock</li><li>Crumbly white cheese, fresh herbs, spicy chili flakes, lime juice for serving</li><li>Rice and/or warmed tortillas for serving</li></ul></div><div style="margin-bottom:30px;"><h3 style="color:#E60023;border-bottom:2px solid #E60023;padding-bottom:5px;">👩‍🍳 Instructions</h3><ol style="line-height:1.8;"><li>Make the sauce first by dry toasting the dried peppers in a pan for about a minute per side, until the skins blister a bit. Set them into a bowl and cover with hot water for 20 minutes, until they are very soft.</li><li>Transfer the peppers to a blender with oregano, cumin, a bit of salt and pepper, and 1 cup of the soaking water. Blend until nice and smooth. Strain the sauce and set aside.</li><li>Heat the olive oil in a large pot or Dutch oven over medium-high heat. Toss the cubed chuck roast in the flour with a bit of salt and pepper to coat them. Brown the beef on all sides, about 5 minutes. Remove to a plate and set aside.</li><li>Reduce the heat to medium. Add the onion and peppers and cook until softened, about 5 minutes. Add the garlic and cook for 1 minute, stirring occasionally.</li><li>Add the red chili sauce and stock to the pot and bring to a boil. Add the browned meat back to the pot. Reduce the heat, cover, and simmer for at least 30 minutes to let the flavors develop. For melt-in-your-mouth tender beef, simmer for 2 hours or more.</li><li>If you’d like to thicken the chili, remove the cover and increase the heat. Cook until the moisture cooks out and your preferred thickness is achieved.</li></ol></div><div style="background:#fff3f3;padding:15px;border-radius:8px;border-left:4px solid #E60023;"><p><strong>📌 Pinterest Tags:</strong> #cat1761229889885 #mediumrecipe #recipe #cooking #foodie #homemade #delicious #ancho #guajillo #pasilla</p></div><div style="text-align:center;margin-top:30px;padding:20px;background:#E60023;color:white;border-radius:8px;"><p style="margin:0;"><strong>📌 Save this recipe to Pinterest!</strong></p><p style="margin:5px 0 0 0;">Perfect for meal planning and sharing with friends</p></div></div>]]></content:encoded>
      <media:content url="http://www.lummyrecipes.com/recipes/chili-colorado/images/chili-colorado_image_4.webp" medium="image" type="image/webp">
        <media:title>Chili Colorado</media:title>
        <media:description>Experience the rich and vibrant flavors of traditional Mexican Chili Colorado, a hearty dish that brings warmth and comfort to any table. This slow-cooked delight features tender beef simmered in a luscious red chili sauce, perfect for sharing with family and friends.</media:description>
      </media:content>
      <media:group>
        <media:category>recipe</media:category>
        <media:keywords>cat1761229889885, mediumrecipe, recipe, cooking, foodie, homemade, delicious, ancho, guajillo, pasilla</media:keywords>
      </media:group>
    </item>
    <item>
      <title>Herb Roasted Chicken with Vegetables</title>
      <link>http://www.lummyrecipes.com/base.html?page=recipe-detail&amp;recipe=herb-roasted-chicken-with-vegetables</link>
      <description>This Herb Roasted Chicken with Vegetables is a comforting dish that fills your home with delightful aromas. Perfectly seasoned and beautifully roasted, it's a meal that brings family together around the table.</description>
      <pubDate>Fri, 24 Oct 2025 17:14:21 +0200</pubDate>
      <guid isPermaLink="true">http://www.lummyrecipes.com/base.html?page=recipe-detail&amp;recipe=herb-roasted-chicken-with-vegetables</guid>
      <category>cat_1761229889_885</category>
      <dc:creator>author_001</dc:creator>
      <content:encoded><![CDATA[<div class="recipe-content" style="font-family: Arial, sans-serif; max-width: 600px;"><img src="http://www.lummyrecipes.com/recipes/herb-roasted-chicken-with-vegetables/images/herb-roasted-chicken-with-vegetables_image_4.webp" alt="Herb Roasted Chicken with Vegetables" style="width:100%;max-width:600px;height:auto;border-radius:8px;margin-bottom:20px;"><div style="background:#f8f9fa;padding:15px;border-radius:8px;margin-bottom:20px;"><p style="margin:5px 0;"><strong>⏱️ Prep Time:</strong> 15 minutes</p><p style="margin:5px 0;"><strong>🍳 Cook Time:</strong> 75 minutes</p><p style="margin:5px 0;"><strong>⏰ Total Time:</strong> 90 minutes</p><p style="margin:5px 0;"><strong>🍽️ Servings:</strong> 4</p><p style="margin:5px 0;"><strong>📊 Difficulty:</strong> Medium</p></div><div style="margin-bottom:30px;"><h3 style="color:#E60023;border-bottom:2px solid #E60023;padding-bottom:5px;">🥘 Ingredients</h3><ul style="line-height:1.8;"><li>1 whole chicken (3.3 lbs)</li><li>2 carrots, chopped</li><li>2 potatoes, chopped</li><li>1 onion, quartered</li><li>2 sprigs thyme</li><li>2 sprigs rosemary</li><li>1 lemon, halved</li><li>2 tablespoons olive oil</li></ul></div><div style="margin-bottom:30px;"><h3 style="color:#E60023;border-bottom:2px solid #E60023;padding-bottom:5px;">👩‍🍳 Instructions</h3><ol style="line-height:1.8;"><li>Preheat the oven to 200°C (400°F).</li><li>Season the chicken inside and out with thyme, rosemary, and lemon juice.</li><li>Place the chopped vegetables around the chicken in a roasting pan.</li><li>Drizzle olive oil over the chicken and vegetables.</li><li>Roast in the preheated oven for 1 hour and 15 minutes, or until the chicken is golden brown and juices run clear.</li></ol></div><div style="background:#fff3f3;padding:15px;border-radius:8px;border-left:4px solid #E60023;"><p><strong>📌 Pinterest Tags:</strong> #cat1761229889885 #mediumrecipe #recipe #cooking #foodie #homemade #delicious #whole #carrots #potatoes</p></div><div style="text-align:center;margin-top:30px;padding:20px;background:#E60023;color:white;border-radius:8px;"><p style="margin:0;"><strong>📌 Save this recipe to Pinterest!</strong></p><p style="margin:5px 0 0 0;">Perfect for meal planning and sharing with friends</p></div></div>]]></content:encoded>
      <media:content url="http://www.lummyrecipes.com/recipes/herb-roasted-chicken-with-vegetables/images/herb-roasted-chicken-with-vegetables_image_4.webp" medium="image" type="image/webp">
        <media:title>Herb Roasted Chicken with Vegetables</media:title>
        <media:description>This Herb Roasted Chicken with Vegetables is a comforting dish that fills your home with delightful aromas. Perfectly seasoned and beautifully roasted, it's a meal that brings family together around the table.</media:description>
      </media:content>
      <media:group>
        <media:category>recipe</media:category>
        <media:keywords>cat1761229889885, mediumrecipe, recipe, cooking, foodie, homemade, delicious, whole, carrots, potatoes</media:keywords>
      </media:group>
    </item>
    <item>
      <title>Classic Fried Chicken</title>
      <link>http://www.lummyrecipes.com/base.html?page=recipe-detail&amp;recipe=classic-fried-chicken</link>
      <description>This Classic Fried Chicken is a crispy, golden delight that brings comfort and joy to any meal. Perfectly seasoned and fried to perfection, it's a dish that will have everyone coming back for seconds.</description>
      <pubDate>Thu, 23 Oct 2025 18:09:06 +0200</pubDate>
      <guid isPermaLink="true">http://www.lummyrecipes.com/base.html?page=recipe-detail&amp;recipe=classic-fried-chicken</guid>
      <category>cat_1761229889_885</category>
      <dc:creator>author_001</dc:creator>
      <content:encoded><![CDATA[<div class="recipe-content" style="font-family: Arial, sans-serif; max-width: 600px;"><img src="http://www.lummyrecipes.com/recipes/classic-fried-chicken/images/classic-fried-chicken_image_4.webp" alt="Classic Fried Chicken" style="width:100%;max-width:600px;height:auto;border-radius:8px;margin-bottom:20px;"><div style="background:#f8f9fa;padding:15px;border-radius:8px;margin-bottom:20px;"><p style="margin:5px 0;"><strong>⏱️ Prep Time:</strong> 120 minutes</p><p style="margin:5px 0;"><strong>🍳 Cook Time:</strong> 15 minutes</p><p style="margin:5px 0;"><strong>⏰ Total Time:</strong> 135 minutes</p><p style="margin:5px 0;"><strong>🍽️ Servings:</strong> 4</p><p style="margin:5px 0;"><strong>📊 Difficulty:</strong> Medium</p></div><div style="margin-bottom:30px;"><h3 style="color:#E60023;border-bottom:2px solid #E60023;padding-bottom:5px;">🥘 Ingredients</h3><ul style="line-height:1.8;"><li>8 chicken pieces (drumsticks, thighs, breasts)</li><li>2 cups buttermilk</li><li>2 cups all-purpose flour</li><li>2 tsp paprika</li><li>2 tsp garlic powder</li><li>2 tsp salt</li><li>2 tsp black pepper</li><li>Vegetable oil for frying</li></ul></div><div style="margin-bottom:30px;"><h3 style="color:#E60023;border-bottom:2px solid #E60023;padding-bottom:5px;">👩‍🍳 Instructions</h3><ol style="line-height:1.8;"><li>Marinate chicken in buttermilk for at least 2 hours.</li><li>In a bowl, mix flour with paprika, garlic powder, salt, and black pepper.</li><li>Remove chicken from buttermilk and dredge in the seasoned flour until well coated.</li><li>Heat vegetable oil in a deep fryer or large skillet to 350°F (175°C).</li><li>Deep fry chicken pieces for 12-15 minutes until golden brown and cooked through.</li><li>Drain on paper towels and serve hot.</li></ol></div><div style="background:#fff3f3;padding:15px;border-radius:8px;border-left:4px solid #E60023;"><p><strong>📌 Pinterest Tags:</strong> #cat1761229889885 #mediumrecipe #recipe #cooking #foodie #homemade #delicious #chicken #buttermilk #allpurpose</p></div><div style="text-align:center;margin-top:30px;padding:20px;background:#E60023;color:white;border-radius:8px;"><p style="margin:0;"><strong>📌 Save this recipe to Pinterest!</strong></p><p style="margin:5px 0 0 0;">Perfect for meal planning and sharing with friends</p></div></div>]]></content:encoded>
      <media:content url="http://www.lummyrecipes.com/recipes/classic-fried-chicken/images/classic-fried-chicken_image_4.webp" medium="image" type="image/webp">
        <media:title>Classic Fried Chicken</media:title>
        <media:description>This Classic Fried Chicken is a crispy, golden delight that brings comfort and joy to any meal. Perfectly seasoned and fried to perfection, it's a dish that will have everyone coming back for seconds.</media:description>
      </media:content>
      <media:group>
        <media:category>recipe</media:category>
        <media:keywords>cat1761229889885, mediumrecipe, recipe, cooking, foodie, homemade, delicious, chicken, buttermilk, allpurpose</media:keywords>
      </media:group>
    </item>
  </channel>
</rss>
