<?xml version="1.0" encoding="UTF-8"?>
<rss version="2.0" 
     xmlns:content="http://purl.org/rss/1.0/modules/content/"
     xmlns:media="http://search.yahoo.com/mrss/"
     xmlns:dc="http://purl.org/dc/elements/1.1/"
     xmlns:atom="http://www.w3.org/2005/Atom">
  <channel>
    <title>holiday-special-occasions Recipes - RSS Feed</title>
    <link>http://www.lummyrecipes.com/base.html</link>
    <description>Fresh holiday-special-occasions recipes and cooking inspiration</description>
    <language>en-US</language>
    <copyright>© 2025 www.lummyrecipes.com</copyright>
    <managingEditor>info@lummyrecipes.com</managingEditor>
    <webMaster>webmaster@lummyrecipes.com</webMaster>
    <pubDate>Tue, 11 Nov 2025 20:38:14 +0100</pubDate>
    <lastBuildDate>Tue, 11 Nov 2025 20:38:14 +0100</lastBuildDate>
    <category>holiday-special-occasions</category>
    <generator>Recipes - RSS Feed www.lummyrecipes.com</generator>
    <ttl>60</ttl>
    <atom:link href="http://www.lummyrecipes.com/base.html/rss.xml" rel="self" type="application/rss+xml" />
    <image>
      <url>http://www.lummyrecipes.com/base.html/images/logo.png</url>
      <title>holiday-special-occasions Recipes - RSS Feed</title>
      <link>http://www.lummyrecipes.com/base.html</link>
      <width>144</width>
      <height>144</height>
    </image>
    <item>
      <title>Viral Hot Chocolate Bombs</title>
      <link>http://www.lummyrecipes.com/base.html?page=recipe-detail&amp;recipe=viral-hot-chocolate-bombs</link>
      <description>Indulge in the ultimate winter treat with these Viral Hot Chocolate Bombs! Perfect for cozy evenings, these delightful chocolate spheres melt into a rich, creamy hot chocolate when dropped into warm milk, creating a magical experience for kids and adults alike.</description>
      <pubDate>Sun, 02 Nov 2025 19:42:46 +0100</pubDate>
      <guid isPermaLink="true">http://www.lummyrecipes.com/base.html?page=recipe-detail&amp;recipe=viral-hot-chocolate-bombs</guid>
      <category>cat_1761229712_965</category>
      <dc:creator>author_001</dc:creator>
      <content:encoded><![CDATA[<div class="recipe-content" style="font-family: Arial, sans-serif; max-width: 600px;"><img src="http://www.lummyrecipes.com/recipes/viral-hot-chocolate-bombs/images/viral-hot-chocolate-bombs_image_4.webp" alt="Viral Hot Chocolate Bombs" style="width:100%;max-width:600px;height:auto;border-radius:8px;margin-bottom:20px;"><div style="background:#f8f9fa;padding:15px;border-radius:8px;margin-bottom:20px;"><p style="margin:5px 0;"><strong>⏱️ Prep Time:</strong> 15 minutes</p><p style="margin:5px 0;"><strong>🍳 Cook Time:</strong> 30 minutes</p><p style="margin:5px 0;"><strong>⏰ Total Time:</strong> 45 minutes</p><p style="margin:5px 0;"><strong>🍽️ Servings:</strong> 4</p><p style="margin:5px 0;"><strong>📊 Difficulty:</strong> Medium</p></div><div style="margin-bottom:30px;"><h3 style="color:#E60023;border-bottom:2px solid #E60023;padding-bottom:5px;">🥘 Ingredients</h3><ul style="line-height:1.8;"><li>1 cup chocolate chips</li><li>1/2 cup hot cocoa mix</li><li>1/2 cup mini marshmallows</li></ul></div><div style="margin-bottom:30px;"><h3 style="color:#E60023;border-bottom:2px solid #E60023;padding-bottom:5px;">👩‍🍳 Instructions</h3><ol style="line-height:1.8;"><li>Melt the chocolate chips in a microwave-safe bowl, stirring every 30 seconds until smooth.</li><li>Spoon melted chocolate into silicone mold cavities, spreading it up the sides to form a shell. Chill until set.</li><li>Fill half of the chocolate shells with hot cocoa mix and mini marshmallows.</li><li>Top with remaining chocolate shells and seal the edges with more melted chocolate.</li><li>Let set completely before removing from molds.</li></ol></div><div style="background:#fff3f3;padding:15px;border-radius:8px;border-left:4px solid #E60023;"><p><strong>📌 Pinterest Tags:</strong> #cat1761229712965 #mediumrecipe #1hourmeals #recipe #cooking #foodie #homemade #delicious #chocolate #cocoa #marshmallows</p></div><div style="text-align:center;margin-top:30px;padding:20px;background:#E60023;color:white;border-radius:8px;"><p style="margin:0;"><strong>📌 Save this recipe to Pinterest!</strong></p><p style="margin:5px 0 0 0;">Perfect for meal planning and sharing with friends</p></div></div>]]></content:encoded>
      <media:content url="http://www.lummyrecipes.com/recipes/viral-hot-chocolate-bombs/images/viral-hot-chocolate-bombs_image_4.webp" medium="image" type="image/webp">
        <media:title>Viral Hot Chocolate Bombs</media:title>
        <media:description>Indulge in the ultimate winter treat with these Viral Hot Chocolate Bombs! Perfect for cozy evenings, these delightful chocolate spheres melt into a rich, creamy hot chocolate when dropped into warm milk, creating a magical experience for kids and adults alike.</media:description>
      </media:content>
      <media:group>
        <media:category>recipe</media:category>
        <media:keywords>cat1761229712965, mediumrecipe, 1hourmeals, recipe, cooking, foodie, homemade, delicious, chocolate, cocoa, marshmallows</media:keywords>
      </media:group>
    </item>
    <item>
      <title>Stunning Red Velvet Crinkle Cookies</title>
      <link>http://www.lummyrecipes.com/base.html?page=recipe-detail&amp;recipe=stunning-red-velvet-crinkle-cookies-1</link>
      <description>Indulge in the rich, velvety flavor of these stunning Red Velvet Crinkle Cookies, perfect for any holiday gathering. Their beautiful red hue and powdered sugar coating make them not only delicious but also a feast for the eyes.</description>
      <pubDate>Sun, 02 Nov 2025 02:21:50 +0100</pubDate>
      <guid isPermaLink="true">http://www.lummyrecipes.com/base.html?page=recipe-detail&amp;recipe=stunning-red-velvet-crinkle-cookies-1</guid>
      <category>cat_1761229712_965</category>
      <dc:creator>author_001</dc:creator>
      <content:encoded><![CDATA[<div class="recipe-content" style="font-family: Arial, sans-serif; max-width: 600px;"><img src="http://www.lummyrecipes.com/recipes/stunning-red-velvet-crinkle-cookies-1/images/stunning-red-velvet-crinkle-cookies-1_image_4.webp" alt="Stunning Red Velvet Crinkle Cookies" style="width:100%;max-width:600px;height:auto;border-radius:8px;margin-bottom:20px;"><div style="background:#f8f9fa;padding:15px;border-radius:8px;margin-bottom:20px;"><p style="margin:5px 0;"><strong>⏱️ Prep Time:</strong> 20 minutes</p><p style="margin:5px 0;"><strong>🍳 Cook Time:</strong> 12 minutes</p><p style="margin:5px 0;"><strong>⏰ Total Time:</strong> 32 minutes</p><p style="margin:5px 0;"><strong>🍽️ Servings:</strong> 24</p><p style="margin:5px 0;"><strong>📊 Difficulty:</strong> Medium</p></div><div style="margin-bottom:30px;"><h3 style="color:#E60023;border-bottom:2px solid #E60023;padding-bottom:5px;">🥘 Ingredients</h3><ul style="line-height:1.8;"><li>2 cups all-purpose flour</li><li>1 tablespoon cocoa powder</li><li>1 teaspoon baking powder</li><li>1/2 teaspoon salt</li><li>1/2 cup unsalted butter, softened</li><li>1 cup granulated sugar</li><li>1 large egg</li><li>1 tablespoon red food coloring</li><li>1 teaspoon vanilla extract</li><li>1/2 cup powdered sugar for rolling</li></ul></div><div style="margin-bottom:30px;"><h3 style="color:#E60023;border-bottom:2px solid #E60023;padding-bottom:5px;">👩‍🍳 Instructions</h3><ol style="line-height:1.8;"><li>Preheat your oven to 350°F (175°C) and line a baking sheet with parchment paper.</li><li>In a bowl, whisk together flour, cocoa powder, baking powder, and salt.</li><li>In a separate bowl, cream together the butter and granulated sugar until light and fluffy.</li><li>Beat in the egg, red food coloring, and vanilla extract until well combined.</li><li>Gradually add the dry ingredients to the wet mixture, mixing until just combined.</li><li>Chill the dough in the refrigerator for about 30 minutes.</li><li>Scoop tablespoon-sized balls of dough and roll them in powdered sugar.</li><li>Place them on the prepared baking sheet, spacing them about 2 inches apart.</li><li>Bake for 10-12 minutes or until the edges are set but the centers are soft.</li><li>Allow to cool on the baking sheet for a few minutes before transferring to a wire rack.</li></ol></div><div style="background:#fff3f3;padding:15px;border-radius:8px;border-left:4px solid #E60023;"><p><strong>📌 Pinterest Tags:</strong> #cat1761229712965 #mediumrecipe #1hourmeals #recipe #cooking #foodie #homemade #delicious #allpurpose #tablespoon #teaspoon</p></div><div style="text-align:center;margin-top:30px;padding:20px;background:#E60023;color:white;border-radius:8px;"><p style="margin:0;"><strong>📌 Save this recipe to Pinterest!</strong></p><p style="margin:5px 0 0 0;">Perfect for meal planning and sharing with friends</p></div></div>]]></content:encoded>
      <media:content url="http://www.lummyrecipes.com/recipes/stunning-red-velvet-crinkle-cookies-1/images/stunning-red-velvet-crinkle-cookies-1_image_4.webp" medium="image" type="image/webp">
        <media:title>Stunning Red Velvet Crinkle Cookies</media:title>
        <media:description>Indulge in the rich, velvety flavor of these stunning Red Velvet Crinkle Cookies, perfect for any holiday gathering. Their beautiful red hue and powdered sugar coating make them not only delicious but also a feast for the eyes.</media:description>
      </media:content>
      <media:group>
        <media:category>recipe</media:category>
        <media:keywords>cat1761229712965, mediumrecipe, 1hourmeals, recipe, cooking, foodie, homemade, delicious, allpurpose, tablespoon, teaspoon</media:keywords>
      </media:group>
    </item>
    <item>
      <title>Festive Cranberry Orange Bread</title>
      <link>http://www.lummyrecipes.com/base.html?page=recipe-detail&amp;recipe=festive-cranberry-orange-bread</link>
      <description>This delightful Festive Cranberry Orange Bread is the perfect holiday morning treat, bursting with vibrant flavors and a warm, inviting aroma. It's a wonderful way to celebrate the season and impress your family and friends with minimal effort.</description>
      <pubDate>Sat, 01 Nov 2025 15:54:49 +0100</pubDate>
      <guid isPermaLink="true">http://www.lummyrecipes.com/base.html?page=recipe-detail&amp;recipe=festive-cranberry-orange-bread</guid>
      <category>cat_1761229712_965</category>
      <dc:creator>author_001</dc:creator>
      <content:encoded><![CDATA[<div class="recipe-content" style="font-family: Arial, sans-serif; max-width: 600px;"><img src="http://www.lummyrecipes.com/recipes/festive-cranberry-orange-bread/images/festive-cranberry-orange-bread_image_4.webp" alt="Festive Cranberry Orange Bread" style="width:100%;max-width:600px;height:auto;border-radius:8px;margin-bottom:20px;"><div style="background:#f8f9fa;padding:15px;border-radius:8px;margin-bottom:20px;"><p style="margin:5px 0;"><strong>⏱️ Prep Time:</strong> 15 minutes</p><p style="margin:5px 0;"><strong>🍳 Cook Time:</strong> 60 minutes</p><p style="margin:5px 0;"><strong>⏰ Total Time:</strong> 75 minutes</p><p style="margin:5px 0;"><strong>🍽️ Servings:</strong> 8</p><p style="margin:5px 0;"><strong>📊 Difficulty:</strong> Medium</p></div><div style="margin-bottom:30px;"><h3 style="color:#E60023;border-bottom:2px solid #E60023;padding-bottom:5px;">🥘 Ingredients</h3><ul style="line-height:1.8;"><li>2 cups all-purpose flour</li><li>1 cup fresh cranberries, chopped</li><li>1/2 cup sugar</li><li>1/2 cup orange juice</li><li>1/4 cup unsalted butter, melted</li><li>1 teaspoon baking powder</li><li>1/2 teaspoon baking soda</li><li>1/2 teaspoon salt</li><li>1 teaspoon orange zest</li><li>2 large eggs</li></ul></div><div style="margin-bottom:30px;"><h3 style="color:#E60023;border-bottom:2px solid #E60023;padding-bottom:5px;">👩‍🍳 Instructions</h3><ol style="line-height:1.8;"><li>Preheat your oven to 350°F (175°C) and grease a loaf pan.</li><li>In a large bowl, combine the flour, sugar, baking powder, baking soda, and salt.</li><li>In another bowl, whisk together the eggs, orange juice, melted butter, and orange zest.</li><li>Pour the wet ingredients into the dry ingredients and mix until just combined. Fold in the chopped cranberries.</li><li>Pour the batter into the prepared loaf pan and smooth the top.</li><li>Bake for 55-60 minutes or until a toothpick inserted in the center comes out clean.</li><li>Let the bread cool in the pan for 10 minutes before transferring to a wire rack to cool completely.</li></ol></div><div style="background:#fff3f3;padding:15px;border-radius:8px;border-left:4px solid #E60023;"><p><strong>📌 Pinterest Tags:</strong> #cat1761229712965 #mediumrecipe #recipe #cooking #foodie #homemade #delicious #allpurpose #fresh #sugar</p></div><div style="text-align:center;margin-top:30px;padding:20px;background:#E60023;color:white;border-radius:8px;"><p style="margin:0;"><strong>📌 Save this recipe to Pinterest!</strong></p><p style="margin:5px 0 0 0;">Perfect for meal planning and sharing with friends</p></div></div>]]></content:encoded>
      <media:content url="http://www.lummyrecipes.com/recipes/festive-cranberry-orange-bread/images/festive-cranberry-orange-bread_image_4.webp" medium="image" type="image/webp">
        <media:title>Festive Cranberry Orange Bread</media:title>
        <media:description>This delightful Festive Cranberry Orange Bread is the perfect holiday morning treat, bursting with vibrant flavors and a warm, inviting aroma. It's a wonderful way to celebrate the season and impress your family and friends with minimal effort.</media:description>
      </media:content>
      <media:group>
        <media:category>recipe</media:category>
        <media:keywords>cat1761229712965, mediumrecipe, recipe, cooking, foodie, homemade, delicious, allpurpose, fresh, sugar</media:keywords>
      </media:group>
    </item>
    <item>
      <title>Cozy Slow Cooker Mulled Wine for Holiday Parties</title>
      <link>http://www.lummyrecipes.com/base.html?page=recipe-detail&amp;recipe=cozy-slow-cooker-mulled-wine-for-holiday-parties</link>
      <description>Warm up your holiday gatherings with this cozy slow cooker mulled wine. Infused with aromatic spices and citrus, this drink is the perfect blend of comfort and festivity, making it a must-have for any celebration.</description>
      <pubDate>Sat, 01 Nov 2025 15:54:47 +0100</pubDate>
      <guid isPermaLink="true">http://www.lummyrecipes.com/base.html?page=recipe-detail&amp;recipe=cozy-slow-cooker-mulled-wine-for-holiday-parties</guid>
      <category>cat_1761229712_965</category>
      <dc:creator>author_001</dc:creator>
      <content:encoded><![CDATA[<div class="recipe-content" style="font-family: Arial, sans-serif; max-width: 600px;"><img src="http://www.lummyrecipes.com/recipes/cozy-slow-cooker-mulled-wine-for-holiday-parties/images/cozy-slow-cooker-mulled-wine-for-holiday-parties_image_4.webp" alt="Cozy Slow Cooker Mulled Wine for Holiday Parties" style="width:100%;max-width:600px;height:auto;border-radius:8px;margin-bottom:20px;"><div style="background:#f8f9fa;padding:15px;border-radius:8px;margin-bottom:20px;"><p style="margin:5px 0;"><strong>⏱️ Prep Time:</strong> 15 minutes</p><p style="margin:5px 0;"><strong>🍳 Cook Time:</strong> 120 minutes</p><p style="margin:5px 0;"><strong>⏰ Total Time:</strong> 135 minutes</p><p style="margin:5px 0;"><strong>🍽️ Servings:</strong> 8</p><p style="margin:5px 0;"><strong>📊 Difficulty:</strong> Easy</p></div><div style="margin-bottom:30px;"><h3 style="color:#E60023;border-bottom:2px solid #E60023;padding-bottom:5px;">🥘 Ingredients</h3><ul style="line-height:1.8;"><li>1 bottle red wine</li><li>1 orange, sliced</li><li>1 lemon, sliced</li><li>1/4 cup honey</li><li>3 cinnamon sticks</li><li>5 whole cloves</li><li>3 star anise</li><li>1/4 cup brandy (optional)</li></ul></div><div style="margin-bottom:30px;"><h3 style="color:#E60023;border-bottom:2px solid #E60023;padding-bottom:5px;">👩‍🍳 Instructions</h3><ol style="line-height:1.8;"><li>In a slow cooker, combine the red wine, orange slices, lemon slices, honey, cinnamon sticks, cloves, and star anise.</li><li>Cover and cook on low for 2 hours, allowing the flavors to meld.</li><li>Stir in brandy if using, and serve warm.</li></ol></div><div style="background:#fff3f3;padding:15px;border-radius:8px;border-left:4px solid #E60023;"><p><strong>📌 Pinterest Tags:</strong> #cat1761229712965 #easyrecipe #recipe #cooking #foodie #homemade #delicious #bottle #orange #lemon</p></div><div style="text-align:center;margin-top:30px;padding:20px;background:#E60023;color:white;border-radius:8px;"><p style="margin:0;"><strong>📌 Save this recipe to Pinterest!</strong></p><p style="margin:5px 0 0 0;">Perfect for meal planning and sharing with friends</p></div></div>]]></content:encoded>
      <media:content url="http://www.lummyrecipes.com/recipes/cozy-slow-cooker-mulled-wine-for-holiday-parties/images/cozy-slow-cooker-mulled-wine-for-holiday-parties_image_4.webp" medium="image" type="image/webp">
        <media:title>Cozy Slow Cooker Mulled Wine for Holiday Parties</media:title>
        <media:description>Warm up your holiday gatherings with this cozy slow cooker mulled wine. Infused with aromatic spices and citrus, this drink is the perfect blend of comfort and festivity, making it a must-have for any celebration.</media:description>
      </media:content>
      <media:group>
        <media:category>recipe</media:category>
        <media:keywords>cat1761229712965, easyrecipe, recipe, cooking, foodie, homemade, delicious, bottle, orange, lemon</media:keywords>
      </media:group>
    </item>
    <item>
      <title>Sufganiyot (Jelly Doughnuts)</title>
      <link>http://www.lummyrecipes.com/base.html?page=recipe-detail&amp;recipe=sufganiyot-jelly-doughnuts</link>
      <description>Indulge in the sweet, fluffy delight of Sufganiyot, the perfect treat for any occasion. These jelly-filled doughnuts are a festive favorite that will bring joy to your table and smiles to your loved ones.</description>
      <pubDate>Mon, 27 Oct 2025 19:17:25 +0100</pubDate>
      <guid isPermaLink="true">http://www.lummyrecipes.com/base.html?page=recipe-detail&amp;recipe=sufganiyot-jelly-doughnuts</guid>
      <category>cat_1761229712_965</category>
      <dc:creator>author_001</dc:creator>
      <content:encoded><![CDATA[<div class="recipe-content" style="font-family: Arial, sans-serif; max-width: 600px;"><img src="http://www.lummyrecipes.com/recipes/sufganiyot-jelly-doughnuts/images/sufganiyot-jelly-doughnuts_image_4.webp" alt="Sufganiyot (Jelly Doughnuts)" style="width:100%;max-width:600px;height:auto;border-radius:8px;margin-bottom:20px;"><div style="background:#f8f9fa;padding:15px;border-radius:8px;margin-bottom:20px;"><p style="margin:5px 0;"><strong>⏱️ Prep Time:</strong> 120 minutes</p><p style="margin:5px 0;"><strong>🍳 Cook Time:</strong> 10 minutes</p><p style="margin:5px 0;"><strong>⏰ Total Time:</strong> 130 minutes</p><p style="margin:5px 0;"><strong>🍽️ Servings:</strong> 12</p><p style="margin:5px 0;"><strong>📊 Difficulty:</strong> Medium</p></div><div style="margin-bottom:30px;"><h3 style="color:#E60023;border-bottom:2px solid #E60023;padding-bottom:5px;">🥘 Ingredients</h3><ul style="line-height:1.8;"><li>3 1/2 cups flour</li><li>1/4 cup sugar</li><li>2 1/4 tsp active dry yeast</li><li>3/4 cup warm milk</li><li>2 eggs</li><li>1/4 cup butter, melted</li><li>Jelly or jam for filling</li><li>Powdered sugar for dusting</li><li>Oil for frying</li></ul></div><div style="margin-bottom:30px;"><h3 style="color:#E60023;border-bottom:2px solid #E60023;padding-bottom:5px;">👩‍🍳 Instructions</h3><ol style="line-height:1.8;"><li>Mix yeast with warm milk and sugar, let foam for 10 minutes.</li><li>Add flour, eggs, and melted butter; knead until smooth.</li><li>Let dough rise for 1 hour until doubled in size.</li><li>Roll out dough and cut into circles; let rise for another 30 minutes.</li><li>Deep fry at 350°F (175°C) until golden, about 2-3 minutes per side.</li><li>Cool, then inject with jelly using a piping bag.</li><li>Dust generously with powdered sugar before serving.</li></ol></div><div style="background:#fff3f3;padding:15px;border-radius:8px;border-left:4px solid #E60023;"><p><strong>📌 Pinterest Tags:</strong> #cat1761229712965 #mediumrecipe #recipe #cooking #foodie #homemade #delicious #flour #sugar #active</p></div><div style="text-align:center;margin-top:30px;padding:20px;background:#E60023;color:white;border-radius:8px;"><p style="margin:0;"><strong>📌 Save this recipe to Pinterest!</strong></p><p style="margin:5px 0 0 0;">Perfect for meal planning and sharing with friends</p></div></div>]]></content:encoded>
      <media:content url="http://www.lummyrecipes.com/recipes/sufganiyot-jelly-doughnuts/images/sufganiyot-jelly-doughnuts_image_4.webp" medium="image" type="image/webp">
        <media:title>Sufganiyot (Jelly Doughnuts)</media:title>
        <media:description>Indulge in the sweet, fluffy delight of Sufganiyot, the perfect treat for any occasion. These jelly-filled doughnuts are a festive favorite that will bring joy to your table and smiles to your loved ones.</media:description>
      </media:content>
      <media:group>
        <media:category>recipe</media:category>
        <media:keywords>cat1761229712965, mediumrecipe, recipe, cooking, foodie, homemade, delicious, flour, sugar, active</media:keywords>
      </media:group>
    </item>
    <item>
      <title>Bloody Spaghetti with Mozzarella Eyeballs</title>
      <link>http://www.lummyrecipes.com/base.html?page=recipe-detail&amp;recipe=bloody-spaghetti-with-mozzarella-eyeballs</link>
      <description>Get ready for a Halloween dinner that’s both spooky and delicious with this Bloody Spaghetti with Mozzarella Eyeballs! This fun and creepy dish is sure to be a hit at any Halloween party, delighting both kids and adults alike.</description>
      <pubDate>Mon, 27 Oct 2025 17:20:52 +0100</pubDate>
      <guid isPermaLink="true">http://www.lummyrecipes.com/base.html?page=recipe-detail&amp;recipe=bloody-spaghetti-with-mozzarella-eyeballs</guid>
      <category>cat_1761229712_965</category>
      <dc:creator>author_001</dc:creator>
      <content:encoded><![CDATA[<div class="recipe-content" style="font-family: Arial, sans-serif; max-width: 600px;"><img src="http://www.lummyrecipes.com/recipes/bloody-spaghetti-with-mozzarella-eyeballs/images/bloody-spaghetti-with-mozzarella-eyeballs_image_4.webp" alt="Bloody Spaghetti with Mozzarella Eyeballs" style="width:100%;max-width:600px;height:auto;border-radius:8px;margin-bottom:20px;"><div style="background:#f8f9fa;padding:15px;border-radius:8px;margin-bottom:20px;"><p style="margin:5px 0;"><strong>⏱️ Prep Time:</strong> 15 minutes</p><p style="margin:5px 0;"><strong>🍳 Cook Time:</strong> 30 minutes</p><p style="margin:5px 0;"><strong>⏰ Total Time:</strong> 45 minutes</p><p style="margin:5px 0;"><strong>🍽️ Servings:</strong> 4</p><p style="margin:5px 0;"><strong>📊 Difficulty:</strong> Easy</p></div><div style="margin-bottom:30px;"><h3 style="color:#E60023;border-bottom:2px solid #E60023;padding-bottom:5px;">🥘 Ingredients</h3><ul style="line-height:1.8;"><li>8 ounces spaghetti</li><li>2 cups marinara sauce</li><li>1 cup mozzarella balls</li><li>Black olives for decoration</li><li>Fresh basil for garnish</li></ul></div><div style="margin-bottom:30px;"><h3 style="color:#E60023;border-bottom:2px solid #E60023;padding-bottom:5px;">👩‍🍳 Instructions</h3><ol style="line-height:1.8;"><li>Cook spaghetti according to package instructions until al dente.</li><li>In a separate pot, heat marinara sauce over medium heat.</li><li>Once the spaghetti is cooked, drain and mix with the marinara sauce.</li><li>Place mozzarella balls on top of the spaghetti to resemble eyeballs.</li><li>Slice black olives and place them on the mozzarella balls as pupils.</li><li>Garnish with fresh basil before serving.</li></ol></div><div style="background:#fff3f3;padding:15px;border-radius:8px;border-left:4px solid #E60023;"><p><strong>📌 Pinterest Tags:</strong> #cat1761229712965 #easyrecipe #1hourmeals #recipe #cooking #foodie #homemade #delicious #spaghetti #marinara #mozzarella</p></div><div style="text-align:center;margin-top:30px;padding:20px;background:#E60023;color:white;border-radius:8px;"><p style="margin:0;"><strong>📌 Save this recipe to Pinterest!</strong></p><p style="margin:5px 0 0 0;">Perfect for meal planning and sharing with friends</p></div></div>]]></content:encoded>
      <media:content url="http://www.lummyrecipes.com/recipes/bloody-spaghetti-with-mozzarella-eyeballs/images/bloody-spaghetti-with-mozzarella-eyeballs_image_4.webp" medium="image" type="image/webp">
        <media:title>Bloody Spaghetti with Mozzarella Eyeballs</media:title>
        <media:description>Get ready for a Halloween dinner that’s both spooky and delicious with this Bloody Spaghetti with Mozzarella Eyeballs! This fun and creepy dish is sure to be a hit at any Halloween party, delighting both kids and adults alike.</media:description>
      </media:content>
      <media:group>
        <media:category>recipe</media:category>
        <media:keywords>cat1761229712965, easyrecipe, 1hourmeals, recipe, cooking, foodie, homemade, delicious, spaghetti, marinara, mozzarella</media:keywords>
      </media:group>
    </item>
    <item>
      <title>Halloween Mini Pizzas</title>
      <link>http://www.lummyrecipes.com/base.html?page=recipe-detail&amp;recipe=halloween-mini-pizzas</link>
      <description>These Halloween Mini Pizzas are the perfect spooky snack for your Halloween party! Easy to make and customizable, they are sure to delight kids and adults alike.</description>
      <pubDate>Sun, 26 Oct 2025 23:53:12 +0100</pubDate>
      <guid isPermaLink="true">http://www.lummyrecipes.com/base.html?page=recipe-detail&amp;recipe=halloween-mini-pizzas</guid>
      <category>cat_1761229712_965</category>
      <dc:creator>author_001</dc:creator>
      <content:encoded><![CDATA[<div class="recipe-content" style="font-family: Arial, sans-serif; max-width: 600px;"><img src="http://www.lummyrecipes.com/recipes/halloween-mini-pizzas/images/halloween-mini-pizzas_image_4.webp" alt="Halloween Mini Pizzas" style="width:100%;max-width:600px;height:auto;border-radius:8px;margin-bottom:20px;"><div style="background:#f8f9fa;padding:15px;border-radius:8px;margin-bottom:20px;"><p style="margin:5px 0;"><strong>⏱️ Prep Time:</strong> 15 minutes</p><p style="margin:5px 0;"><strong>🍳 Cook Time:</strong> 10 minutes</p><p style="margin:5px 0;"><strong>⏰ Total Time:</strong> 25 minutes</p><p style="margin:5px 0;"><strong>🍽️ Servings:</strong> 8</p><p style="margin:5px 0;"><strong>📊 Difficulty:</strong> Easy</p></div><div style="margin-bottom:30px;"><h3 style="color:#E60023;border-bottom:2px solid #E60023;padding-bottom:5px;">🥘 Ingredients</h3><ul style="line-height:1.8;"><li>1 package of mini pizza crusts</li><li>1 cup pizza sauce</li><li>2 cups shredded mozzarella cheese</li><li>1/2 cup sliced olives</li><li>1/2 cup pepperoni slices</li><li>1/2 cup bell pepper slices</li><li>1/4 cup grated Parmesan cheese</li></ul></div><div style="margin-bottom:30px;"><h3 style="color:#E60023;border-bottom:2px solid #E60023;padding-bottom:5px;">👩‍🍳 Instructions</h3><ol style="line-height:1.8;"><li>Preheat the oven to 400°F (200°C).</li><li>Spread pizza sauce evenly over each mini crust.</li><li>Sprinkle mozzarella cheese generously on top.</li><li>Add toppings like olives, pepperoni, and bell peppers to create spooky faces.</li><li>Sprinkle grated Parmesan cheese for an extra flavor boost.</li><li>Bake in the preheated oven for 8-10 minutes or until the cheese is bubbly and golden.</li></ol></div><div style="background:#fff3f3;padding:15px;border-radius:8px;border-left:4px solid #E60023;"><p><strong>📌 Pinterest Tags:</strong> #cat1761229712965 #easyrecipe #quickrecipe #30minutemeals #recipe #cooking #foodie #homemade #delicious #package #pizza #shredded</p></div><div style="text-align:center;margin-top:30px;padding:20px;background:#E60023;color:white;border-radius:8px;"><p style="margin:0;"><strong>📌 Save this recipe to Pinterest!</strong></p><p style="margin:5px 0 0 0;">Perfect for meal planning and sharing with friends</p></div></div>]]></content:encoded>
      <media:content url="http://www.lummyrecipes.com/recipes/halloween-mini-pizzas/images/halloween-mini-pizzas_image_4.webp" medium="image" type="image/webp">
        <media:title>Halloween Mini Pizzas</media:title>
        <media:description>These Halloween Mini Pizzas are the perfect spooky snack for your Halloween party! Easy to make and customizable, they are sure to delight kids and adults alike.</media:description>
      </media:content>
      <media:group>
        <media:category>recipe</media:category>
        <media:keywords>cat1761229712965, easyrecipe, quickrecipe, 30minutemeals, recipe, cooking, foodie, homemade, delicious, package, pizza, shredded</media:keywords>
      </media:group>
    </item>
    <item>
      <title>Christmas Fruit Cake</title>
      <link>http://www.lummyrecipes.com/base.html?page=recipe-detail&amp;recipe=christmas-fruit-cake</link>
      <description>Indulge in the rich, moist flavors of this Christmas Fruit Cake, perfect for festive celebrations or special occasions. Packed with fruits and soaked in brandy, it's a delightful treat that will impress your guests.</description>
      <pubDate>Sun, 26 Oct 2025 14:54:56 +0100</pubDate>
      <guid isPermaLink="true">http://www.lummyrecipes.com/base.html?page=recipe-detail&amp;recipe=christmas-fruit-cake</guid>
      <category>cat_1761229712_965</category>
      <dc:creator>author_001</dc:creator>
      <content:encoded><![CDATA[<div class="recipe-content" style="font-family: Arial, sans-serif; max-width: 600px;"><img src="http://www.lummyrecipes.com/recipes/christmas-fruit-cake/images/christmas-fruit-cake_image_4.webp" alt="Christmas Fruit Cake" style="width:100%;max-width:600px;height:auto;border-radius:8px;margin-bottom:20px;"><div style="background:#f8f9fa;padding:15px;border-radius:8px;margin-bottom:20px;"><p style="margin:5px 0;"><strong>⏱️ Prep Time:</strong> 240 minutes</p><p style="margin:5px 0;"><strong>🍳 Cook Time:</strong> 0 minutes</p><p style="margin:5px 0;"><strong>⏰ Total Time:</strong> 240 minutes</p><p style="margin:5px 0;"><strong>🍽️ Servings:</strong> 16</p><p style="margin:5px 0;"><strong>📊 Difficulty:</strong> Medium</p></div><div style="margin-bottom:30px;"><h3 style="color:#E60023;border-bottom:2px solid #E60023;padding-bottom:5px;">🥘 Ingredients</h3><ul style="line-height:1.8;"><li>2 cups mixed dried fruits</li><li>1 cup unsalted butter</li><li>1 cup brown sugar</li><li>4 large eggs</li><li>2 cups all-purpose flour</li><li>1 teaspoon baking powder</li><li>1 teaspoon ground cinnamon</li><li>1/2 teaspoon ground nutmeg</li><li>1/2 cup brandy</li></ul></div><div style="margin-bottom:30px;"><h3 style="color:#E60023;border-bottom:2px solid #E60023;padding-bottom:5px;">👩‍🍳 Instructions</h3><ol style="line-height:1.8;"><li>Preheat your oven to 325°F (160°C).</li><li>In a bowl, soak the mixed dried fruits in brandy for at least 4 hours or overnight.</li><li>In a large mixing bowl, cream together the butter and brown sugar until light and fluffy.</li><li>Add the eggs one at a time, mixing well after each addition.</li><li>In another bowl, whisk together the flour, baking powder, cinnamon, and nutmeg.</li><li>Gradually add the dry ingredients to the wet mixture, stirring until just combined.</li><li>Fold in the soaked fruits and any remaining brandy.</li><li>Pour the batter into a greased cake pan and smooth the top.</li><li>Bake for 1.5 to 2 hours, or until a toothpick inserted into the center comes out clean.</li><li>Let the cake cool completely before serving.</li></ol></div><div style="background:#fff3f3;padding:15px;border-radius:8px;border-left:4px solid #E60023;"><p><strong>📌 Pinterest Tags:</strong> #cat1761229712965 #mediumrecipe #recipe #cooking #foodie #homemade #delicious #mixed #unsalted #brown</p></div><div style="text-align:center;margin-top:30px;padding:20px;background:#E60023;color:white;border-radius:8px;"><p style="margin:0;"><strong>📌 Save this recipe to Pinterest!</strong></p><p style="margin:5px 0 0 0;">Perfect for meal planning and sharing with friends</p></div></div>]]></content:encoded>
      <media:content url="http://www.lummyrecipes.com/recipes/christmas-fruit-cake/images/christmas-fruit-cake_image_4.webp" medium="image" type="image/webp">
        <media:title>Christmas Fruit Cake</media:title>
        <media:description>Indulge in the rich, moist flavors of this Christmas Fruit Cake, perfect for festive celebrations or special occasions. Packed with fruits and soaked in brandy, it's a delightful treat that will impress your guests.</media:description>
      </media:content>
      <media:group>
        <media:category>recipe</media:category>
        <media:keywords>cat1761229712965, mediumrecipe, recipe, cooking, foodie, homemade, delicious, mixed, unsalted, brown</media:keywords>
      </media:group>
    </item>
  </channel>
</rss>
