<?xml version="1.0" encoding="UTF-8"?>
<rss version="2.0" 
     xmlns:content="http://purl.org/rss/1.0/modules/content/"
     xmlns:media="http://search.yahoo.com/mrss/"
     xmlns:dc="http://purl.org/dc/elements/1.1/"
     xmlns:atom="http://www.w3.org/2005/Atom">
  <channel>
    <title>traditional-world-cuisine Recipes - RSS Feed</title>
    <link>http://www.lummyrecipes.com/base.html</link>
    <description>Fresh traditional-world-cuisine recipes and cooking inspiration</description>
    <language>en-US</language>
    <copyright>© 2025 www.lummyrecipes.com</copyright>
    <managingEditor>info@lummyrecipes.com</managingEditor>
    <webMaster>webmaster@lummyrecipes.com</webMaster>
    <pubDate>Tue, 11 Nov 2025 20:38:15 +0100</pubDate>
    <lastBuildDate>Tue, 11 Nov 2025 20:38:15 +0100</lastBuildDate>
    <category>traditional-world-cuisine</category>
    <generator>Recipes - RSS Feed www.lummyrecipes.com</generator>
    <ttl>60</ttl>
    <atom:link href="http://www.lummyrecipes.com/base.html/rss.xml" rel="self" type="application/rss+xml" />
    <image>
      <url>http://www.lummyrecipes.com/base.html/images/logo.png</url>
      <title>traditional-world-cuisine Recipes - RSS Feed</title>
      <link>http://www.lummyrecipes.com/base.html</link>
      <width>144</width>
      <height>144</height>
    </image>
    <item>
      <title>Fried Apples</title>
      <link>http://www.lummyrecipes.com/base.html?page=recipe-detail&amp;recipe=fried-apples</link>
      <description>These Fried Apples are a delightful blend of tart and sweet flavors, perfectly spiced to create a comforting dish that everyone will love. Whether served as a side or a dessert over ice cream, they are sure to become a favorite!</description>
      <pubDate>Fri, 24 Oct 2025 17:13:19 +0200</pubDate>
      <guid isPermaLink="true">http://www.lummyrecipes.com/base.html?page=recipe-detail&amp;recipe=fried-apples</guid>
      <category>cat_1761229818_868</category>
      <dc:creator>author_001</dc:creator>
      <content:encoded><![CDATA[<div class="recipe-content" style="font-family: Arial, sans-serif; max-width: 600px;"><img src="http://www.lummyrecipes.com/recipes/fried-apples/images/fried-apples_image_4.webp" alt="Fried Apples" style="width:100%;max-width:600px;height:auto;border-radius:8px;margin-bottom:20px;"><div style="background:#f8f9fa;padding:15px;border-radius:8px;margin-bottom:20px;"><p style="margin:5px 0;"><strong>⏱️ Prep Time:</strong> 15 minutes</p><p style="margin:5px 0;"><strong>🍳 Cook Time:</strong> 30 minutes</p><p style="margin:5px 0;"><strong>⏰ Total Time:</strong> 45 minutes</p><p style="margin:5px 0;"><strong>🍽️ Servings:</strong> 4</p><p style="margin:5px 0;"><strong>📊 Difficulty:</strong> Easy</p></div><div style="margin-bottom:30px;"><h3 style="color:#E60023;border-bottom:2px solid #E60023;padding-bottom:5px;">🥘 Ingredients</h3><ul style="line-height:1.8;"><li>4 medium apples, peeled, cored, and sliced</li><li>2 tablespoons butter</li><li>1/4 cup brown sugar</li><li>1 teaspoon cinnamon</li><li>1/4 teaspoon nutmeg</li><li>1 tablespoon lemon juice</li></ul></div><div style="margin-bottom:30px;"><h3 style="color:#E60023;border-bottom:2px solid #E60023;padding-bottom:5px;">👩‍🍳 Instructions</h3><ol style="line-height:1.8;"><li>In a large skillet, melt the butter over medium heat.</li><li>Add the sliced apples and cook for about 5 minutes until they start to soften.</li><li>Stir in the brown sugar, cinnamon, nutmeg, and lemon juice.</li><li>Continue to cook for another 10-15 minutes until the apples are tender and caramelized.</li></ol></div><div style="background:#fff3f3;padding:15px;border-radius:8px;border-left:4px solid #E60023;"><p><strong>📌 Pinterest Tags:</strong> #cat1761229818868 #easyrecipe #1hourmeals #recipe #cooking #foodie #homemade #delicious #medium #butter #brown</p></div><div style="text-align:center;margin-top:30px;padding:20px;background:#E60023;color:white;border-radius:8px;"><p style="margin:0;"><strong>📌 Save this recipe to Pinterest!</strong></p><p style="margin:5px 0 0 0;">Perfect for meal planning and sharing with friends</p></div></div>]]></content:encoded>
      <media:content url="http://www.lummyrecipes.com/recipes/fried-apples/images/fried-apples_image_4.webp" medium="image" type="image/webp">
        <media:title>Fried Apples</media:title>
        <media:description>These Fried Apples are a delightful blend of tart and sweet flavors, perfectly spiced to create a comforting dish that everyone will love. Whether served as a side or a dessert over ice cream, they are sure to become a favorite!</media:description>
      </media:content>
      <media:group>
        <media:category>recipe</media:category>
        <media:keywords>cat1761229818868, easyrecipe, 1hourmeals, recipe, cooking, foodie, homemade, delicious, medium, butter, brown</media:keywords>
      </media:group>
    </item>
    <item>
      <title>Sweet Pepper Sausage Pasta</title>
      <link>http://www.lummyrecipes.com/base.html?page=recipe-detail&amp;recipe=sweet-pepper-sausage-pasta</link>
      <description>Indulge in this cozy and colorful Sweet Pepper Sausage Pasta, a delightful weeknight meal that brings bold flavors to your table with minimal fuss. Perfectly cooked penne, smoky sausage, and tender bell peppers come together in a rich tomato sauce that will warm your heart and satisfy your cravings.</description>
      <pubDate>Fri, 24 Oct 2025 03:11:59 +0200</pubDate>
      <guid isPermaLink="true">http://www.lummyrecipes.com/base.html?page=recipe-detail&amp;recipe=sweet-pepper-sausage-pasta</guid>
      <category>cat_1761229818_868</category>
      <dc:creator>author_001</dc:creator>
      <content:encoded><![CDATA[<div class="recipe-content" style="font-family: Arial, sans-serif; max-width: 600px;"><img src="http://www.lummyrecipes.com/recipes/sweet-pepper-sausage-pasta/images/sweet-pepper-sausage-pasta_image_4.webp" alt="Sweet Pepper Sausage Pasta" style="width:100%;max-width:600px;height:auto;border-radius:8px;margin-bottom:20px;"><div style="background:#f8f9fa;padding:15px;border-radius:8px;margin-bottom:20px;"><p style="margin:5px 0;"><strong>⏱️ Prep Time:</strong> 15 minutes</p><p style="margin:5px 0;"><strong>🍳 Cook Time:</strong> 30 minutes</p><p style="margin:5px 0;"><strong>⏰ Total Time:</strong> 45 minutes</p><p style="margin:5px 0;"><strong>🍽️ Servings:</strong> 4</p><p style="margin:5px 0;"><strong>📊 Difficulty:</strong> Easy</p></div><div style="margin-bottom:30px;"><h3 style="color:#E60023;border-bottom:2px solid #E60023;padding-bottom:5px;">🥘 Ingredients</h3><ul style="line-height:1.8;"><li>12 ounces penne pasta</li><li>1 pound smoked sausage, sliced</li><li>2 bell peppers, sliced</li><li>1 can (14.5 ounces) diced tomatoes</li><li>2 tablespoons olive oil</li><li>1 teaspoon Italian seasoning</li><li>Salt and pepper to taste</li><li>Grated Parmesan cheese for serving</li></ul></div><div style="margin-bottom:30px;"><h3 style="color:#E60023;border-bottom:2px solid #E60023;padding-bottom:5px;">👩‍🍳 Instructions</h3><ol style="line-height:1.8;"><li>Cook penne pasta according to package instructions until al dente. Drain and set aside.</li><li>In a large skillet, heat olive oil over medium heat. Add sliced sausage and cook until browned.</li><li>Add sliced bell peppers and cook until tender, about 5 minutes.</li><li>Stir in diced tomatoes and Italian seasoning. Simmer for 10 minutes.</li><li>Add cooked penne to the skillet, tossing to combine. Season with salt and pepper.</li><li>Serve hot, garnished with grated Parmesan cheese.</li></ol></div><div style="background:#fff3f3;padding:15px;border-radius:8px;border-left:4px solid #E60023;"><p><strong>📌 Pinterest Tags:</strong> #cat1761229818868 #easyrecipe #1hourmeals #recipe #cooking #foodie #homemade #delicious #penne #pound #peppers</p></div><div style="text-align:center;margin-top:30px;padding:20px;background:#E60023;color:white;border-radius:8px;"><p style="margin:0;"><strong>📌 Save this recipe to Pinterest!</strong></p><p style="margin:5px 0 0 0;">Perfect for meal planning and sharing with friends</p></div></div>]]></content:encoded>
      <media:content url="http://www.lummyrecipes.com/recipes/sweet-pepper-sausage-pasta/images/sweet-pepper-sausage-pasta_image_4.webp" medium="image" type="image/webp">
        <media:title>Sweet Pepper Sausage Pasta</media:title>
        <media:description>Indulge in this cozy and colorful Sweet Pepper Sausage Pasta, a delightful weeknight meal that brings bold flavors to your table with minimal fuss. Perfectly cooked penne, smoky sausage, and tender bell peppers come together in a rich tomato sauce that will warm your heart and satisfy your cravings.</media:description>
      </media:content>
      <media:group>
        <media:category>recipe</media:category>
        <media:keywords>cat1761229818868, easyrecipe, 1hourmeals, recipe, cooking, foodie, homemade, delicious, penne, pound, peppers</media:keywords>
      </media:group>
    </item>
  </channel>
</rss>
