<?xml version="1.0" encoding="UTF-8"?>
<rss version="2.0" 
     xmlns:content="http://purl.org/rss/1.0/modules/content/"
     xmlns:media="http://search.yahoo.com/mrss/"
     xmlns:dc="http://purl.org/dc/elements/1.1/"
     xmlns:atom="http://www.w3.org/2005/Atom">
  <channel>
    <title>appetizers-snacks Recipes - RSS Feed</title>
    <link>http://www.lummyrecipes.com/base.html</link>
    <description>Fresh appetizers-snacks recipes and cooking inspiration</description>
    <language>en-US</language>
    <copyright>© 2025 www.lummyrecipes.com</copyright>
    <managingEditor>info@lummyrecipes.com</managingEditor>
    <webMaster>webmaster@lummyrecipes.com</webMaster>
    <pubDate>Tue, 11 Nov 2025 20:38:12 +0100</pubDate>
    <lastBuildDate>Tue, 11 Nov 2025 20:38:12 +0100</lastBuildDate>
    <category>appetizers-snacks</category>
    <generator>Recipes - RSS Feed www.lummyrecipes.com</generator>
    <ttl>60</ttl>
    <atom:link href="http://www.lummyrecipes.com/base.html/rss.xml" rel="self" type="application/rss+xml" />
    <image>
      <url>http://www.lummyrecipes.com/base.html/images/logo.png</url>
      <title>appetizers-snacks Recipes - RSS Feed</title>
      <link>http://www.lummyrecipes.com/base.html</link>
      <width>144</width>
      <height>144</height>
    </image>
    <item>
      <title>Slow Cooker Buffalo Wings</title>
      <link>http://www.lummyrecipes.com/base.html?page=recipe-detail&amp;recipe=slow-cooker-buffalo-wings</link>
      <description>These Slow Cooker Buffalo Wings are a game-day favorite, effortlessly combining bold flavors and tender meat. Perfect for gatherings, they will have your guests coming back for more!</description>
      <pubDate>Thu, 06 Nov 2025 01:24:22 +0100</pubDate>
      <guid isPermaLink="true">http://www.lummyrecipes.com/base.html?page=recipe-detail&amp;recipe=slow-cooker-buffalo-wings</guid>
      <category>cat_1761230221_583</category>
      <dc:creator>author_001</dc:creator>
      <content:encoded><![CDATA[<div class="recipe-content" style="font-family: Arial, sans-serif; max-width: 600px;"><img src="http://www.lummyrecipes.com/recipes/slow-cooker-buffalo-wings/images/slow-cooker-buffalo-wings_image_4.webp" alt="Slow Cooker Buffalo Wings" style="width:100%;max-width:600px;height:auto;border-radius:8px;margin-bottom:20px;"><div style="background:#f8f9fa;padding:15px;border-radius:8px;margin-bottom:20px;"><p style="margin:5px 0;"><strong>⏱️ Prep Time:</strong> 15 minutes</p><p style="margin:5px 0;"><strong>🍳 Cook Time:</strong> 240 minutes</p><p style="margin:5px 0;"><strong>⏰ Total Time:</strong> 255 minutes</p><p style="margin:5px 0;"><strong>🍽️ Servings:</strong> 8</p><p style="margin:5px 0;"><strong>📊 Difficulty:</strong> Easy</p></div><div style="margin-bottom:30px;"><h3 style="color:#E60023;border-bottom:2px solid #E60023;padding-bottom:5px;">🥘 Ingredients</h3><ul style="line-height:1.8;"><li>4 pounds chicken wings</li><li>1 cup buffalo sauce</li><li>1/2 cup ranch dressing</li><li>1/4 cup butter</li></ul></div><div style="margin-bottom:30px;"><h3 style="color:#E60023;border-bottom:2px solid #E60023;padding-bottom:5px;">👩‍🍳 Instructions</h3><ol style="line-height:1.8;"><li>Place the chicken wings in the slow cooker.</li><li>In a bowl, mix buffalo sauce, ranch dressing, and melted butter.</li><li>Pour the sauce mixture over the wings, ensuring they are well coated.</li><li>Cover and cook on low for 4 hours or until wings are tender.</li></ol></div><div style="background:#fff3f3;padding:15px;border-radius:8px;border-left:4px solid #E60023;"><p><strong>📌 Pinterest Tags:</strong> #cat1761230221583 #easyrecipe #recipe #cooking #foodie #homemade #delicious #chicken #buffalo #ranch</p></div><div style="text-align:center;margin-top:30px;padding:20px;background:#E60023;color:white;border-radius:8px;"><p style="margin:0;"><strong>📌 Save this recipe to Pinterest!</strong></p><p style="margin:5px 0 0 0;">Perfect for meal planning and sharing with friends</p></div></div>]]></content:encoded>
      <media:content url="http://www.lummyrecipes.com/recipes/slow-cooker-buffalo-wings/images/slow-cooker-buffalo-wings_image_4.webp" medium="image" type="image/webp">
        <media:title>Slow Cooker Buffalo Wings</media:title>
        <media:description>These Slow Cooker Buffalo Wings are a game-day favorite, effortlessly combining bold flavors and tender meat. Perfect for gatherings, they will have your guests coming back for more!</media:description>
      </media:content>
      <media:group>
        <media:category>recipe</media:category>
        <media:keywords>cat1761230221583, easyrecipe, recipe, cooking, foodie, homemade, delicious, chicken, buffalo, ranch</media:keywords>
      </media:group>
    </item>
    <item>
      <title>Sourdough Discard Crackers</title>
      <link>http://www.lummyrecipes.com/base.html?page=recipe-detail&amp;recipe=sourdough-discard-crackers</link>
      <description>These sourdough discard crackers are a delightful way to use up leftover sourdough starter, transforming it into a crispy, flavorful snack. Perfectly seasoned and easy to make, they are sure to impress your family and friends!</description>
      <pubDate>Mon, 03 Nov 2025 19:11:35 +0100</pubDate>
      <guid isPermaLink="true">http://www.lummyrecipes.com/base.html?page=recipe-detail&amp;recipe=sourdough-discard-crackers</guid>
      <category>cat_1761230221_583</category>
      <dc:creator>author_001</dc:creator>
      <content:encoded><![CDATA[<div class="recipe-content" style="font-family: Arial, sans-serif; max-width: 600px;"><img src="http://www.lummyrecipes.com/recipes/sourdough-discard-crackers/images/sourdough-discard-crackers_image_4.webp" alt="Sourdough Discard Crackers" style="width:100%;max-width:600px;height:auto;border-radius:8px;margin-bottom:20px;"><div style="background:#f8f9fa;padding:15px;border-radius:8px;margin-bottom:20px;"><p style="margin:5px 0;"><strong>⏱️ Prep Time:</strong> 15 minutes</p><p style="margin:5px 0;"><strong>🍳 Cook Time:</strong> 30 minutes</p><p style="margin:5px 0;"><strong>⏰ Total Time:</strong> 45 minutes</p><p style="margin:5px 0;"><strong>🍽️ Servings:</strong> 4</p><p style="margin:5px 0;"><strong>📊 Difficulty:</strong> Easy</p></div><div style="margin-bottom:30px;"><h3 style="color:#E60023;border-bottom:2px solid #E60023;padding-bottom:5px;">🥘 Ingredients</h3><ul style="line-height:1.8;"><li>1 cup sourdough discard</li><li>1 cup all-purpose flour</li><li>1/4 cup olive oil</li><li>1 teaspoon salt</li><li>1 teaspoon garlic powder</li><li>1 teaspoon dried herbs (like rosemary or thyme)</li></ul></div><div style="margin-bottom:30px;"><h3 style="color:#E60023;border-bottom:2px solid #E60023;padding-bottom:5px;">👩‍🍳 Instructions</h3><ol style="line-height:1.8;"><li>Preheat your oven to 350°F (175°C).</li><li>In a mixing bowl, combine the sourdough discard, flour, olive oil, salt, garlic powder, and dried herbs.</li><li>Mix until a dough forms, then roll it out on a floured surface until thin.</li><li>Cut into desired shapes and place on a baking sheet lined with parchment paper.</li><li>Bake for 20-25 minutes or until golden and crispy.</li></ol></div><div style="background:#fff3f3;padding:15px;border-radius:8px;border-left:4px solid #E60023;"><p><strong>📌 Pinterest Tags:</strong> #cat1761230221583 #easyrecipe #1hourmeals #recipe #cooking #foodie #homemade #delicious #sourdough #allpurpose #olive</p></div><div style="text-align:center;margin-top:30px;padding:20px;background:#E60023;color:white;border-radius:8px;"><p style="margin:0;"><strong>📌 Save this recipe to Pinterest!</strong></p><p style="margin:5px 0 0 0;">Perfect for meal planning and sharing with friends</p></div></div>]]></content:encoded>
      <media:content url="http://www.lummyrecipes.com/recipes/sourdough-discard-crackers/images/sourdough-discard-crackers_image_4.webp" medium="image" type="image/webp">
        <media:title>Sourdough Discard Crackers</media:title>
        <media:description>These sourdough discard crackers are a delightful way to use up leftover sourdough starter, transforming it into a crispy, flavorful snack. Perfectly seasoned and easy to make, they are sure to impress your family and friends!</media:description>
      </media:content>
      <media:group>
        <media:category>recipe</media:category>
        <media:keywords>cat1761230221583, easyrecipe, 1hourmeals, recipe, cooking, foodie, homemade, delicious, sourdough, allpurpose, olive</media:keywords>
      </media:group>
    </item>
    <item>
      <title>Crispy Carrot Fritters</title>
      <link>http://www.lummyrecipes.com/base.html?page=recipe-detail&amp;recipe=crispy-carrot-fritters</link>
      <description>These crispy carrot fritters are a delightful blend of flavors and textures, perfect as a vegan appetizer or side dish. With a golden exterior and soft interior, they are not only gluten-free but also incredibly easy to make!</description>
      <pubDate>Wed, 29 Oct 2025 17:23:57 +0100</pubDate>
      <guid isPermaLink="true">http://www.lummyrecipes.com/base.html?page=recipe-detail&amp;recipe=crispy-carrot-fritters</guid>
      <category>cat_1761230221_583</category>
      <dc:creator>author_001</dc:creator>
      <content:encoded><![CDATA[<div class="recipe-content" style="font-family: Arial, sans-serif; max-width: 600px;"><img src="http://www.lummyrecipes.com/recipes/crispy-carrot-fritters/images/crispy-carrot-fritters_image_4.webp" alt="Crispy Carrot Fritters" style="width:100%;max-width:600px;height:auto;border-radius:8px;margin-bottom:20px;"><div style="background:#f8f9fa;padding:15px;border-radius:8px;margin-bottom:20px;"><p style="margin:5px 0;"><strong>⏱️ Prep Time:</strong> 15 minutes</p><p style="margin:5px 0;"><strong>🍳 Cook Time:</strong> 30 minutes</p><p style="margin:5px 0;"><strong>⏰ Total Time:</strong> 45 minutes</p><p style="margin:5px 0;"><strong>🍽️ Servings:</strong> 4</p><p style="margin:5px 0;"><strong>📊 Difficulty:</strong> Easy</p></div><div style="margin-bottom:30px;"><h3 style="color:#E60023;border-bottom:2px solid #E60023;padding-bottom:5px;">🥘 Ingredients</h3><ul style="line-height:1.8;"><li>2 cups grated carrots</li><li>1/2 cup chickpea flour</li><li>1/4 cup chopped fresh herbs (like parsley or cilantro)</li><li>1 teaspoon cumin</li><li>Salt and pepper to taste</li><li>2 tablespoons olive oil for frying</li></ul></div><div style="margin-bottom:30px;"><h3 style="color:#E60023;border-bottom:2px solid #E60023;padding-bottom:5px;">👩‍🍳 Instructions</h3><ol style="line-height:1.8;"><li>In a bowl, combine grated carrots, chickpea flour, herbs, cumin, salt, and pepper.</li><li>Mix until well combined and form small patties.</li><li>Heat olive oil in a skillet over medium heat.</li><li>Fry the patties for 4-5 minutes on each side until golden brown.</li></ol></div><div style="background:#fff3f3;padding:15px;border-radius:8px;border-left:4px solid #E60023;"><p><strong>📌 Pinterest Tags:</strong> #cat1761230221583 #easyrecipe #1hourmeals #recipe #cooking #foodie #homemade #delicious #grated #chickpea #chopped</p></div><div style="text-align:center;margin-top:30px;padding:20px;background:#E60023;color:white;border-radius:8px;"><p style="margin:0;"><strong>📌 Save this recipe to Pinterest!</strong></p><p style="margin:5px 0 0 0;">Perfect for meal planning and sharing with friends</p></div></div>]]></content:encoded>
      <media:content url="http://www.lummyrecipes.com/recipes/crispy-carrot-fritters/images/crispy-carrot-fritters_image_4.webp" medium="image" type="image/webp">
        <media:title>Crispy Carrot Fritters</media:title>
        <media:description>These crispy carrot fritters are a delightful blend of flavors and textures, perfect as a vegan appetizer or side dish. With a golden exterior and soft interior, they are not only gluten-free but also incredibly easy to make!</media:description>
      </media:content>
      <media:group>
        <media:category>recipe</media:category>
        <media:keywords>cat1761230221583, easyrecipe, 1hourmeals, recipe, cooking, foodie, homemade, delicious, grated, chickpea, chopped</media:keywords>
      </media:group>
    </item>
    <item>
      <title>Bruschetta with Tomato and Basil</title>
      <link>http://www.lummyrecipes.com/base.html?page=recipe-detail&amp;recipe=bruschetta-with-tomato-and-basil</link>
      <description>This vibrant bruschetta with fresh tomatoes and basil is a delightful appetizer that bursts with flavor. Perfectly toasted bread topped with a refreshing mix makes it an irresistible starter for any gathering.</description>
      <pubDate>Thu, 23 Oct 2025 17:56:18 +0200</pubDate>
      <guid isPermaLink="true">http://www.lummyrecipes.com/base.html?page=recipe-detail&amp;recipe=bruschetta-with-tomato-and-basil</guid>
      <category>cat_1761230221_583</category>
      <dc:creator>author_001</dc:creator>
      <content:encoded><![CDATA[<div class="recipe-content" style="font-family: Arial, sans-serif; max-width: 600px;"><img src="http://www.lummyrecipes.com/recipes/bruschetta-with-tomato-and-basil/images/bruschetta-with-tomato-and-basil_image_4.webp" alt="Bruschetta with Tomato and Basil" style="width:100%;max-width:600px;height:auto;border-radius:8px;margin-bottom:20px;"><div style="background:#f8f9fa;padding:15px;border-radius:8px;margin-bottom:20px;"><p style="margin:5px 0;"><strong>⏱️ Prep Time:</strong> 15 minutes</p><p style="margin:5px 0;"><strong>🍳 Cook Time:</strong> 10 minutes</p><p style="margin:5px 0;"><strong>⏰ Total Time:</strong> 25 minutes</p><p style="margin:5px 0;"><strong>🍽️ Servings:</strong> 12</p><p style="margin:5px 0;"><strong>📊 Difficulty:</strong> Easy</p></div><div style="margin-bottom:30px;"><h3 style="color:#E60023;border-bottom:2px solid #E60023;padding-bottom:5px;">🥘 Ingredients</h3><ul style="line-height:1.8;"><li>1 baguette</li><li>4 ripe tomatoes, diced</li><li>Fresh basil leaves, chopped</li><li>2 cloves garlic, minced</li><li>2 tablespoons olive oil</li><li>Salt and pepper to taste</li></ul></div><div style="margin-bottom:30px;"><h3 style="color:#E60023;border-bottom:2px solid #E60023;padding-bottom:5px;">👩‍🍳 Instructions</h3><ol style="line-height:1.8;"><li>Preheat the grill or oven to medium-high heat.</li><li>Slice the baguette into 1/2 inch thick slices and grill until golden brown.</li><li>Rub each slice with minced garlic while still warm.</li><li>In a bowl, combine diced tomatoes, chopped basil, olive oil, salt, and pepper.</li><li>Spoon the tomato mixture generously onto each slice of grilled bread.</li></ol></div><div style="background:#fff3f3;padding:15px;border-radius:8px;border-left:4px solid #E60023;"><p><strong>📌 Pinterest Tags:</strong> #cat1761230221583 #easyrecipe #quickrecipe #30minutemeals #recipe #cooking #foodie #homemade #delicious #baguette #tomatoes #fresh</p></div><div style="text-align:center;margin-top:30px;padding:20px;background:#E60023;color:white;border-radius:8px;"><p style="margin:0;"><strong>📌 Save this recipe to Pinterest!</strong></p><p style="margin:5px 0 0 0;">Perfect for meal planning and sharing with friends</p></div></div>]]></content:encoded>
      <media:content url="http://www.lummyrecipes.com/recipes/bruschetta-with-tomato-and-basil/images/bruschetta-with-tomato-and-basil_image_4.webp" medium="image" type="image/webp">
        <media:title>Bruschetta with Tomato and Basil</media:title>
        <media:description>This vibrant bruschetta with fresh tomatoes and basil is a delightful appetizer that bursts with flavor. Perfectly toasted bread topped with a refreshing mix makes it an irresistible starter for any gathering.</media:description>
      </media:content>
      <media:group>
        <media:category>recipe</media:category>
        <media:keywords>cat1761230221583, easyrecipe, quickrecipe, 30minutemeals, recipe, cooking, foodie, homemade, delicious, baguette, tomatoes, fresh</media:keywords>
      </media:group>
    </item>
  </channel>
</rss>
